Collection,Record,Abstract,Attribute Definition,Attribute List,Author,Author / Originator,Author / Originator Email Address,Author / Originator World Wide Web Address,Bounding Box,Contributor Name,Contributor Role,Distribution Format,Easternmost Longitude,End Time,Entity Type Definition,Entity and Attribute Information,Keyword,Keyword Vocabulary,Maintenance,Metadata Access Constraints,Metadata Contact,Metadata Use Constraints,Northernmost Latitude,Organization Name,Originating Organization,Process Step,Project Name,Publication Date,Publisher,Resource Access Constraints,Resource Contact,Resource Creation/Revision Date,Resource Distribution,Resource Format,Resource Identifier,Resource Identifier Type,Resource Lineage,Resource Long Name,Resource Status,Resource Title,Resource Use Constraints,Resource on-line Link,Rights,Security Constraints,Southernmost Latitude,Spatial Extent,Start Time,Temporal Extent,Unknown,Vertical Maximum,Vertical Minimum,Vertical Resolution,Westernmost Longitude
2014,507.6.xml,1.0,0.0,0.0,3.0,3.0,2.0,3.0,1.0,0.0,0.0,0.0,1.0,1.0,0.0,0.0,4.0,1.0,1.0,1.0,1.0,1.0,1.0,4.0,1.0,1.0,3.0,1.0,1.0,1.0,1.0,1.0,0.0,0.0,1.0,1.0,1.0,1.0,1.0,1.0,1.0,0.0,1.0,1.0,1.0,1.0,1.0,1.0,102.0,0.0,0.0,0.0,1.0
2014,512.6.xml,1.0,0.0,0.0,3.0,3.0,2.0,3.0,1.0,0.0,0.0,0.0,1.0,1.0,0.0,0.0,5.0,1.0,1.0,1.0,1.0,1.0,1.0,4.0,1.0,1.0,3.0,1.0,1.0,1.0,1.0,1.0,0.0,0.0,1.0,1.0,1.0,1.0,1.0,1.0,1.0,0.0,1.0,1.0,1.0,1.0,1.0,1.0,101.0,0.0,0.0,0.0,1.0
2014,513.6.xml,1.0,0.0,0.0,3.0,3.0,2.0,3.0,1.0,0.0,0.0,0.0,1.0,1.0,0.0,0.0,5.0,1.0,1.0,1.0,1.0,1.0,1.0,4.0,1.0,1.0,3.0,1.0,1.0,1.0,1.0,1.0,0.0,0.0,1.0,1.0,1.0,1.0,1.0,1.0,1.0,0.0,1.0,1.0,1.0,1.0,1.0,1.0,101.0,0.0,0.0,0.0,1.0
2014,514.6.xml,1.0,0.0,0.0,3.0,3.0,2.0,3.0,1.0,0.0,0.0,0.0,1.0,1.0,0.0,0.0,5.0,1.0,1.0,1.0,1.0,1.0,1.0,4.0,1.0,1.0,3.0,1.0,1.0,1.0,1.0,1.0,0.0,0.0,1.0,1.0,1.0,1.0,1.0,1.0,1.0,0.0,1.0,1.0,1.0,1.0,1.0,1.0,101.0,0.0,0.0,0.0,1.0
2014,515.6.xml,1.0,0.0,0.0,3.0,3.0,2.0,3.0,1.0,0.0,0.0,0.0,1.0,1.0,0.0,0.0,5.0,1.0,1.0,1.0,1.0,1.0,1.0,4.0,1.0,1.0,3.0,1.0,1.0,1.0,1.0,1.0,0.0,0.0,1.0,1.0,1.0,1.0,1.0,1.0,1.0,0.0,1.0,1.0,1.0,1.0,1.0,1.0,100.0,0.0,0.0,0.0,1.0
2014,534.3.xml,1.0,0.0,0.0,3.0,3.0,2.0,3.0,1.0,0.0,0.0,0.0,1.0,1.0,0.0,0.0,3.0,1.0,1.0,1.0,1.0,1.0,1.0,4.0,1.0,1.0,3.0,1.0,1.0,1.0,1.0,1.0,0.0,0.0,1.0,1.0,1.0,1.0,1.0,1.0,1.0,0.0,1.0,1.0,1.0,1.0,1.0,1.0,104.0,0.0,0.0,0.0,1.0
2014,534.4.xml,1.0,0.0,0.0,3.0,3.0,2.0,3.0,1.0,0.0,0.0,0.0,1.0,1.0,0.0,0.0,3.0,1.0,1.0,1.0,1.0,1.0,1.0,4.0,1.0,1.0,3.0,1.0,1.0,1.0,1.0,1.0,0.0,0.0,1.0,1.0,1.0,1.0,1.0,1.0,1.0,0.0,1.0,1.0,1.0,1.0,1.0,1.0,104.0,0.0,0.0,0.0,1.0
2014,535.3.xml,1.0,5.0,1.0,3.0,3.0,2.0,3.0,1.0,0.0,0.0,1.0,1.0,1.0,1.0,1.0,3.0,1.0,1.0,1.0,1.0,1.0,1.0,4.0,1.0,1.0,3.0,1.0,1.0,1.0,1.0,1.0,1.0,1.0,1.0,1.0,1.0,1.0,1.0,1.0,1.0,1.0,1.0,1.0,1.0,1.0,1.0,1.0,131.0,0.0,0.0,0.0,1.0
2014,535.4.xml,1.0,0.0,0.0,3.0,3.0,2.0,3.0,1.0,0.0,0.0,0.0,1.0,1.0,0.0,0.0,3.0,1.0,1.0,1.0,1.0,1.0,1.0,4.0,1.0,1.0,3.0,1.0,1.0,1.0,1.0,1.0,0.0,0.0,1.0,1.0,1.0,1.0,1.0,1.0,1.0,0.0,1.0,1.0,1.0,1.0,1.0,1.0,100.0,0.0,0.0,0.0,1.0
2014,536.3.xml,1.0,24.0,1.0,3.0,3.0,2.0,3.0,1.0,0.0,0.0,1.0,1.0,1.0,1.0,1.0,5.0,1.0,1.0,1.0,1.0,1.0,1.0,4.0,1.0,1.0,3.0,1.0,1.0,1.0,1.0,1.0,1.0,1.0,1.0,1.0,1.0,1.0,1.0,1.0,1.0,1.0,1.0,1.0,1.0,1.0,1.0,1.0,171.0,0.0,0.0,0.0,1.0
2014,536.4.xml,1.0,0.0,0.0,3.0,3.0,2.0,3.0,1.0,0.0,0.0,0.0,1.0,1.0,0.0,0.0,5.0,1.0,1.0,1.0,1.0,1.0,1.0,4.0,1.0,1.0,3.0,1.0,1.0,1.0,1.0,1.0,0.0,0.0,1.0,1.0,1.0,1.0,1.0,1.0,1.0,0.0,1.0,1.0,1.0,1.0,1.0,1.0,100.0,0.0,0.0,0.0,1.0
2014,537.3.xml,1.0,12.0,1.0,3.0,3.0,2.0,3.0,1.0,0.0,0.0,1.0,1.0,1.0,1.0,1.0,3.0,1.0,1.0,1.0,1.0,1.0,1.0,4.0,1.0,1.0,3.0,1.0,1.0,1.0,1.0,1.0,1.0,1.0,1.0,1.0,1.0,1.0,1.0,1.0,1.0,1.0,1.0,1.0,1.0,1.0,1.0,1.0,149.0,0.0,0.0,0.0,1.0
2014,537.4.xml,1.0,0.0,0.0,3.0,3.0,2.0,3.0,1.0,0.0,0.0,0.0,1.0,1.0,0.0,0.0,3.0,1.0,1.0,1.0,1.0,1.0,1.0,4.0,1.0,1.0,3.0,1.0,1.0,1.0,1.0,1.0,0.0,0.0,1.0,1.0,1.0,1.0,1.0,1.0,1.0,0.0,1.0,1.0,1.0,1.0,1.0,1.0,101.0,0.0,0.0,0.0,1.0
2014,538.3.xml,1.0,46.0,1.0,3.0,3.0,2.0,3.0,1.0,0.0,0.0,1.0,1.0,1.0,1.0,1.0,3.0,1.0,1.0,1.0,1.0,1.0,1.0,4.0,1.0,0.0,3.0,1.0,1.0,1.0,1.0,1.0,1.0,1.0,1.0,1.0,0.0,1.0,1.0,1.0,1.0,1.0,1.0,1.0,1.0,1.0,1.0,1.0,205.0,0.0,0.0,0.0,1.0
2014,538.4.xml,1.0,0.0,0.0,3.0,3.0,2.0,3.0,1.0,0.0,0.0,0.0,1.0,1.0,0.0,0.0,3.0,1.0,1.0,1.0,1.0,1.0,1.0,4.0,1.0,0.0,3.0,1.0,1.0,1.0,1.0,1.0,0.0,0.0,1.0,1.0,0.0,1.0,1.0,1.0,1.0,0.0,1.0,1.0,1.0,1.0,1.0,1.0,90.0,0.0,0.0,0.0,1.0
2014,539.5.xml,1.0,10.0,1.0,2.0,2.0,2.0,2.0,1.0,0.0,0.0,1.0,1.0,1.0,1.0,1.0,5.0,1.0,1.0,1.0,1.0,1.0,1.0,4.0,1.0,1.0,2.0,1.0,1.0,1.0,1.0,1.0,1.0,1.0,1.0,1.0,1.0,1.0,1.0,1.0,1.0,1.0,1.0,1.0,1.0,1.0,1.0,1.0,143.0,0.0,0.0,0.0,1.0
2014,539.7.xml,1.0,10.0,1.0,2.0,2.0,2.0,2.0,1.0,0.0,0.0,1.0,1.0,1.0,1.0,1.0,5.0,1.0,1.0,1.0,1.0,1.0,1.0,4.0,1.0,1.0,2.0,1.0,1.0,1.0,1.0,1.0,1.0,1.0,1.0,1.0,1.0,1.0,1.0,1.0,1.0,1.0,1.0,1.0,1.0,1.0,1.0,1.0,143.0,0.0,0.0,0.0,1.0
2014,540.3.xml,1.0,0.0,0.0,3.0,3.0,3.0,3.0,1.0,0.0,0.0,0.0,1.0,1.0,0.0,0.0,6.0,1.0,1.0,1.0,1.0,1.0,1.0,4.0,1.0,1.0,3.0,1.0,1.0,1.0,1.0,1.0,1.0,0.0,1.0,1.0,1.0,1.0,1.0,1.0,1.0,1.0,1.0,1.0,1.0,1.0,1.0,1.0,111.0,0.0,0.0,0.0,1.0
2014,541.3.xml,1.0,0.0,0.0,4.0,4.0,4.0,4.0,1.0,0.0,0.0,0.0,1.0,1.0,0.0,0.0,5.0,1.0,1.0,1.0,1.0,1.0,1.0,4.0,1.0,1.0,4.0,1.0,1.0,1.0,1.0,1.0,1.0,0.0,1.0,1.0,1.0,1.0,1.0,1.0,1.0,1.0,1.0,1.0,1.0,1.0,1.0,1.0,122.0,0.0,0.0,0.0,1.0
2014,542.3.xml,1.0,13.0,1.0,2.0,2.0,2.0,2.0,1.0,0.0,0.0,1.0,1.0,1.0,1.0,1.0,7.0,1.0,1.0,1.0,1.0,1.0,1.0,4.0,1.0,1.0,2.0,1.0,1.0,1.0,1.0,1.0,1.0,1.0,1.0,1.0,1.0,1.0,1.0,1.0,1.0,1.0,1.0,1.0,1.0,1.0,1.0,1.0,151.0,0.0,0.0,0.0,1.0
2014,543.3.xml,1.0,10.0,1.0,2.0,2.0,2.0,2.0,1.0,0.0,0.0,1.0,1.0,1.0,1.0,1.0,7.0,1.0,1.0,1.0,1.0,1.0,1.0,4.0,1.0,1.0,2.0,1.0,1.0,1.0,1.0,1.0,1.0,1.0,1.0,1.0,1.0,1.0,1.0,1.0,1.0,1.0,1.0,1.0,1.0,1.0,1.0,1.0,137.0,0.0,0.0,0.0,1.0
2014,544.3.xml,1.0,8.0,1.0,2.0,2.0,2.0,2.0,1.0,0.0,0.0,1.0,1.0,1.0,1.0,1.0,6.0,1.0,1.0,1.0,1.0,1.0,1.0,4.0,1.0,1.0,2.0,1.0,1.0,1.0,1.0,1.0,1.0,1.0,1.0,1.0,1.0,1.0,1.0,1.0,1.0,1.0,1.0,1.0,1.0,1.0,1.0,1.0,128.0,0.0,0.0,0.0,1.0
2014,545.3.xml,1.0,10.0,1.0,2.0,2.0,2.0,2.0,1.0,0.0,0.0,1.0,1.0,1.0,1.0,1.0,7.0,1.0,1.0,1.0,1.0,1.0,1.0,4.0,1.0,1.0,2.0,1.0,1.0,1.0,1.0,1.0,1.0,1.0,1.0,1.0,1.0,1.0,1.0,1.0,1.0,1.0,1.0,1.0,1.0,1.0,1.0,1.0,136.0,0.0,0.0,0.0,1.0
2014,546.4.xml,1.0,12.0,1.0,2.0,2.0,2.0,2.0,1.0,0.0,0.0,1.0,1.0,1.0,1.0,1.0,8.0,1.0,1.0,1.0,1.0,1.0,1.0,4.0,1.0,1.0,2.0,1.0,1.0,1.0,1.0,1.0,1.0,1.0,1.0,1.0,1.0,1.0,1.0,1.0,1.0,1.0,1.0,1.0,1.0,1.0,1.0,1.0,142.0,0.0,0.0,0.0,1.0
2014,547.3.xml,1.0,8.0,1.0,2.0,2.0,2.0,2.0,1.0,0.0,0.0,1.0,1.0,1.0,1.0,1.0,6.0,1.0,1.0,1.0,1.0,1.0,1.0,4.0,1.0,1.0,2.0,1.0,1.0,1.0,1.0,1.0,1.0,1.0,1.0,1.0,1.0,1.0,1.0,1.0,1.0,1.0,1.0,1.0,1.0,1.0,1.0,1.0,128.0,0.0,0.0,0.0,1.0
2014,548.3.xml,1.0,26.0,1.0,2.0,2.0,1.0,2.0,1.0,1.0,1.0,1.0,1.0,1.0,1.0,1.0,6.0,1.0,1.0,1.0,1.0,1.0,1.0,4.0,1.0,1.0,2.0,1.0,1.0,1.0,1.0,1.0,1.0,1.0,1.0,1.0,1.0,1.0,1.0,1.0,1.0,1.0,1.0,1.0,1.0,1.0,1.0,1.0,199.0,0.0,0.0,0.0,1.0
2014,549.3.xml,1.0,33.0,1.0,2.0,2.0,1.0,2.0,1.0,1.0,1.0,1.0,1.0,1.0,1.0,1.0,4.0,1.0,1.0,1.0,1.0,1.0,1.0,4.0,1.0,1.0,2.0,1.0,1.0,1.0,1.0,1.0,1.0,1.0,1.0,1.0,1.0,1.0,1.0,1.0,1.0,1.0,1.0,1.0,1.0,1.0,1.0,1.0,211.0,0.0,0.0,0.0,1.0
2014,550.4.xml,1.0,10.0,1.0,2.0,2.0,1.0,2.0,1.0,1.0,1.0,1.0,1.0,1.0,1.0,1.0,3.0,1.0,1.0,1.0,1.0,1.0,1.0,4.0,1.0,1.0,2.0,1.0,1.0,1.0,1.0,1.0,1.0,1.0,1.0,1.0,1.0,1.0,1.0,1.0,1.0,1.0,1.0,1.0,1.0,1.0,1.0,1.0,139.0,0.0,0.0,0.0,1.0
2014,551.3.xml,1.0,10.0,1.0,2.0,2.0,1.0,2.0,1.0,1.0,1.0,1.0,1.0,1.0,1.0,1.0,4.0,1.0,1.0,1.0,1.0,1.0,1.0,4.0,1.0,1.0,2.0,1.0,1.0,1.0,1.0,1.0,1.0,1.0,1.0,1.0,1.0,1.0,1.0,1.0,1.0,1.0,1.0,1.0,1.0,1.0,1.0,1.0,135.0,0.0,0.0,0.0,1.0
2014,552.4.xml,1.0,22.0,1.0,2.0,2.0,1.0,2.0,1.0,1.0,1.0,1.0,1.0,1.0,1.0,1.0,5.0,1.0,1.0,1.0,1.0,1.0,1.0,4.0,1.0,1.0,2.0,1.0,1.0,1.0,1.0,1.0,1.0,1.0,1.0,1.0,1.0,1.0,1.0,1.0,1.0,1.0,1.0,1.0,1.0,1.0,1.0,1.0,170.0,0.0,0.0,0.0,1.0
2014,553.3.xml,1.0,15.0,1.0,2.0,2.0,1.0,2.0,1.0,1.0,1.0,1.0,1.0,1.0,1.0,1.0,3.0,1.0,1.0,1.0,1.0,1.0,1.0,4.0,1.0,1.0,2.0,1.0,1.0,1.0,1.0,1.0,1.0,1.0,1.0,1.0,1.0,1.0,1.0,1.0,1.0,1.0,1.0,1.0,1.0,1.0,1.0,1.0,170.0,0.0,0.0,0.0,1.0
2014,554.3.xml,1.0,0.0,0.0,3.0,3.0,3.0,3.0,1.0,0.0,0.0,0.0,1.0,1.0,0.0,0.0,8.0,1.0,1.0,1.0,1.0,1.0,1.0,4.0,1.0,1.0,3.0,1.0,1.0,1.0,1.0,1.0,1.0,0.0,1.0,1.0,1.0,1.0,1.0,1.0,1.0,1.0,1.0,1.0,1.0,1.0,1.0,1.0,113.0,0.0,0.0,0.0,1.0
2014,555.3.xml,1.0,6.0,1.0,2.0,2.0,2.0,2.0,0.0,0.0,0.0,1.0,0.0,1.0,1.0,1.0,3.0,1.0,1.0,1.0,1.0,1.0,0.0,4.0,1.0,1.0,2.0,1.0,1.0,1.0,1.0,1.0,1.0,1.0,1.0,1.0,1.0,1.0,1.0,1.0,1.0,1.0,1.0,1.0,0.0,0.0,1.0,1.0,120.0,0.0,0.0,0.0,0.0
2014,556.3.xml,1.0,4.0,1.0,2.0,2.0,2.0,2.0,0.0,0.0,0.0,1.0,0.0,1.0,1.0,1.0,3.0,1.0,1.0,1.0,1.0,1.0,0.0,4.0,1.0,1.0,2.0,1.0,1.0,1.0,1.0,1.0,1.0,1.0,1.0,1.0,1.0,1.0,1.0,1.0,1.0,1.0,1.0,1.0,0.0,0.0,1.0,1.0,115.0,0.0,0.0,0.0,0.0
2014,557.3.xml,1.0,5.0,1.0,2.0,2.0,2.0,2.0,0.0,0.0,0.0,1.0,0.0,1.0,1.0,1.0,3.0,1.0,1.0,1.0,1.0,1.0,0.0,4.0,1.0,1.0,2.0,1.0,1.0,1.0,1.0,1.0,1.0,1.0,1.0,1.0,1.0,1.0,1.0,1.0,1.0,1.0,1.0,1.0,0.0,0.0,1.0,1.0,119.0,0.0,0.0,0.0,0.0
2014,558.3.xml,1.0,9.0,1.0,2.0,2.0,2.0,2.0,0.0,0.0,0.0,1.0,0.0,1.0,1.0,1.0,3.0,1.0,1.0,1.0,1.0,1.0,0.0,4.0,1.0,1.0,2.0,1.0,1.0,1.0,1.0,1.0,1.0,1.0,1.0,1.0,1.0,1.0,1.0,1.0,1.0,1.0,1.0,1.0,0.0,0.0,1.0,1.0,130.0,0.0,0.0,0.0,0.0
2014,559.3.xml,1.0,4.0,1.0,2.0,2.0,2.0,2.0,0.0,0.0,0.0,1.0,0.0,1.0,1.0,1.0,4.0,1.0,1.0,1.0,1.0,1.0,0.0,4.0,1.0,1.0,2.0,1.0,1.0,1.0,1.0,1.0,1.0,1.0,1.0,1.0,1.0,1.0,1.0,1.0,1.0,1.0,1.0,1.0,0.0,0.0,1.0,1.0,119.0,0.0,0.0,0.0,0.0
2014,560.3.xml,1.0,7.0,1.0,2.0,2.0,2.0,2.0,0.0,0.0,0.0,1.0,0.0,1.0,1.0,1.0,4.0,1.0,1.0,1.0,1.0,1.0,0.0,4.0,1.0,1.0,2.0,1.0,1.0,1.0,1.0,1.0,1.0,1.0,1.0,1.0,1.0,1.0,1.0,1.0,1.0,1.0,1.0,1.0,0.0,0.0,1.0,1.0,121.0,0.0,0.0,0.0,0.0
2014,561.3.xml,1.0,5.0,1.0,2.0,2.0,2.0,2.0,0.0,0.0,0.0,1.0,0.0,1.0,1.0,1.0,3.0,1.0,1.0,1.0,1.0,1.0,0.0,4.0,1.0,1.0,2.0,1.0,1.0,1.0,1.0,1.0,1.0,1.0,1.0,1.0,1.0,1.0,1.0,1.0,1.0,1.0,1.0,1.0,0.0,0.0,1.0,1.0,117.0,0.0,0.0,0.0,0.0
2014,562.3.xml,1.0,5.0,1.0,2.0,2.0,2.0,2.0,0.0,0.0,0.0,1.0,0.0,1.0,1.0,1.0,3.0,1.0,1.0,1.0,1.0,1.0,0.0,4.0,1.0,1.0,2.0,1.0,1.0,1.0,1.0,1.0,1.0,1.0,1.0,1.0,1.0,1.0,1.0,1.0,1.0,1.0,1.0,1.0,0.0,0.0,1.0,1.0,117.0,0.0,0.0,0.0,0.0
2014,563.3.xml,1.0,5.0,1.0,2.0,2.0,2.0,2.0,0.0,0.0,0.0,1.0,0.0,1.0,1.0,1.0,3.0,1.0,1.0,1.0,1.0,1.0,0.0,4.0,1.0,1.0,2.0,1.0,1.0,1.0,1.0,1.0,1.0,1.0,1.0,1.0,1.0,1.0,1.0,1.0,1.0,1.0,1.0,1.0,0.0,0.0,1.0,1.0,116.0,0.0,0.0,0.0,0.0
2014,564.4.xml,1.0,0.0,0.0,3.0,3.0,3.0,3.0,1.0,0.0,0.0,0.0,1.0,1.0,0.0,0.0,6.0,1.0,1.0,1.0,1.0,1.0,1.0,4.0,1.0,1.0,3.0,1.0,1.0,1.0,1.0,1.0,1.0,0.0,1.0,1.0,1.0,1.0,1.0,1.0,1.0,1.0,1.0,1.0,1.0,1.0,1.0,1.0,113.0,0.0,0.0,0.0,1.0
2014,565.4.xml,1.0,19.0,1.0,2.0,2.0,2.0,2.0,1.0,1.0,1.0,1.0,1.0,1.0,1.0,1.0,7.0,1.0,1.0,1.0,1.0,1.0,1.0,4.0,1.0,1.0,2.0,1.0,1.0,1.0,1.0,1.0,1.0,1.0,1.0,1.0,1.0,1.0,1.0,1.0,1.0,1.0,1.0,1.0,1.0,1.0,1.0,1.0,173.0,0.0,0.0,0.0,1.0
2014,566.3.xml,1.0,4.0,1.0,2.0,2.0,2.0,2.0,1.0,1.0,1.0,1.0,1.0,1.0,1.0,1.0,7.0,1.0,1.0,1.0,1.0,1.0,1.0,4.0,1.0,1.0,2.0,1.0,1.0,1.0,1.0,1.0,1.0,1.0,1.0,1.0,1.0,1.0,1.0,1.0,1.0,1.0,1.0,1.0,1.0,1.0,1.0,1.0,129.0,0.0,0.0,0.0,1.0
2014,566.5.xml,1.0,0.0,0.0,2.0,2.0,2.0,2.0,1.0,1.0,1.0,0.0,1.0,1.0,0.0,0.0,7.0,1.0,1.0,1.0,1.0,1.0,1.0,4.0,1.0,1.0,2.0,1.0,1.0,1.0,1.0,1.0,0.0,0.0,1.0,1.0,1.0,1.0,1.0,1.0,1.0,0.0,1.0,1.0,1.0,1.0,1.0,1.0,99.0,0.0,0.0,0.0,1.0
2014,566.6.xml,1.0,0.0,0.0,2.0,2.0,2.0,2.0,1.0,1.0,1.0,0.0,1.0,1.0,0.0,0.0,7.0,1.0,1.0,1.0,1.0,1.0,1.0,4.0,1.0,1.0,2.0,1.0,1.0,1.0,1.0,1.0,0.0,0.0,1.0,1.0,1.0,1.0,1.0,1.0,1.0,0.0,1.0,1.0,1.0,1.0,1.0,1.0,99.0,0.0,0.0,0.0,1.0
2014,567.3.xml,1.0,4.0,1.0,2.0,2.0,2.0,2.0,1.0,1.0,1.0,1.0,1.0,1.0,1.0,1.0,7.0,1.0,1.0,1.0,1.0,1.0,1.0,4.0,1.0,1.0,2.0,1.0,1.0,1.0,1.0,1.0,1.0,1.0,1.0,1.0,1.0,1.0,1.0,1.0,1.0,1.0,1.0,1.0,1.0,1.0,1.0,1.0,136.0,0.0,0.0,0.0,1.0
2014,567.5.xml,1.0,0.0,0.0,2.0,2.0,2.0,2.0,1.0,1.0,1.0,0.0,1.0,1.0,0.0,0.0,7.0,1.0,1.0,1.0,1.0,1.0,1.0,4.0,1.0,1.0,2.0,1.0,1.0,1.0,1.0,1.0,0.0,0.0,1.0,1.0,1.0,1.0,1.0,1.0,1.0,0.0,1.0,1.0,1.0,1.0,1.0,1.0,107.0,0.0,0.0,0.0,1.0
2014,568.3.xml,1.0,5.0,1.0,2.0,2.0,1.0,2.0,1.0,1.0,1.0,1.0,1.0,1.0,1.0,1.0,4.0,1.0,1.0,1.0,1.0,1.0,1.0,4.0,1.0,1.0,2.0,1.0,1.0,1.0,1.0,1.0,1.0,1.0,1.0,1.0,1.0,1.0,1.0,1.0,1.0,1.0,1.0,1.0,1.0,1.0,1.0,1.0,138.0,0.0,0.0,0.0,1.0
2014,569.2.xml,1.0,15.0,1.0,2.0,2.0,2.0,2.0,1.0,2.0,1.0,1.0,1.0,1.0,1.0,1.0,3.0,1.0,1.0,1.0,1.0,1.0,1.0,4.0,1.0,1.0,2.0,1.0,1.0,1.0,1.0,1.0,1.0,1.0,1.0,1.0,1.0,1.0,1.0,1.0,1.0,1.0,1.0,1.0,1.0,1.0,1.0,1.0,175.0,1.0,1.0,1.0,1.0
2014,570.2.xml,1.0,0.0,0.0,3.0,3.0,2.0,3.0,1.0,0.0,0.0,0.0,1.0,1.0,0.0,0.0,3.0,1.0,1.0,1.0,1.0,1.0,1.0,4.0,1.0,1.0,3.0,1.0,1.0,1.0,1.0,1.0,1.0,0.0,1.0,1.0,1.0,1.0,1.0,1.0,1.0,1.0,1.0,1.0,1.0,1.0,1.0,1.0,117.0,0.0,0.0,0.0,1.0
2014,570.3.xml,1.0,0.0,0.0,3.0,3.0,2.0,3.0,1.0,0.0,0.0,0.0,1.0,1.0,0.0,0.0,3.0,1.0,1.0,1.0,1.0,1.0,1.0,4.0,1.0,1.0,3.0,1.0,1.0,1.0,1.0,1.0,0.0,0.0,1.0,1.0,1.0,1.0,1.0,1.0,1.0,0.0,1.0,1.0,1.0,1.0,1.0,1.0,100.0,0.0,0.0,0.0,1.0
2014,570.4.xml,1.0,10.0,1.0,3.0,3.0,2.0,3.0,1.0,0.0,0.0,1.0,1.0,1.0,1.0,1.0,3.0,1.0,1.0,1.0,1.0,1.0,1.0,4.0,1.0,1.0,3.0,1.0,1.0,1.0,1.0,1.0,1.0,1.0,1.0,1.0,1.0,1.0,1.0,1.0,1.0,1.0,1.0,1.0,1.0,1.0,1.0,1.0,145.0,0.0,0.0,0.0,1.0
2014,571.2.xml,1.0,0.0,0.0,3.0,3.0,2.0,3.0,1.0,0.0,0.0,0.0,1.0,1.0,0.0,0.0,3.0,1.0,1.0,1.0,1.0,1.0,1.0,4.0,1.0,1.0,3.0,1.0,1.0,1.0,1.0,1.0,0.0,0.0,1.0,1.0,1.0,1.0,1.0,1.0,1.0,0.0,1.0,1.0,1.0,1.0,1.0,1.0,98.0,0.0,0.0,0.0,1.0
2014,571.4.xml,1.0,10.0,1.0,3.0,3.0,2.0,3.0,1.0,0.0,0.0,1.0,1.0,1.0,1.0,1.0,3.0,1.0,1.0,1.0,1.0,1.0,1.0,4.0,1.0,1.0,3.0,1.0,1.0,1.0,1.0,1.0,1.0,1.0,1.0,1.0,1.0,1.0,1.0,1.0,1.0,1.0,1.0,1.0,1.0,1.0,1.0,1.0,145.0,0.0,0.0,0.0,1.0
2014,572.3.xml,1.0,16.0,1.0,3.0,3.0,2.0,3.0,1.0,0.0,0.0,1.0,1.0,1.0,1.0,1.0,4.0,1.0,1.0,1.0,1.0,1.0,1.0,4.0,1.0,1.0,3.0,1.0,1.0,1.0,1.0,1.0,1.0,1.0,1.0,1.0,1.0,1.0,1.0,1.0,1.0,1.0,1.0,1.0,1.0,1.0,1.0,1.0,175.0,0.0,0.0,0.0,1.0
2014,573.3.xml,1.0,16.0,1.0,3.0,3.0,2.0,3.0,1.0,0.0,0.0,1.0,1.0,1.0,1.0,1.0,4.0,1.0,1.0,1.0,1.0,1.0,1.0,4.0,1.0,1.0,3.0,1.0,1.0,1.0,1.0,1.0,1.0,1.0,1.0,1.0,1.0,1.0,1.0,1.0,1.0,1.0,1.0,1.0,1.0,1.0,1.0,1.0,174.0,0.0,0.0,0.0,1.0
2014,574.3.xml,1.0,13.0,1.0,3.0,3.0,2.0,3.0,1.0,0.0,0.0,1.0,1.0,1.0,1.0,1.0,4.0,1.0,1.0,1.0,1.0,1.0,1.0,4.0,1.0,1.0,3.0,1.0,1.0,1.0,1.0,1.0,1.0,1.0,1.0,1.0,1.0,1.0,1.0,1.0,1.0,1.0,1.0,1.0,1.0,1.0,1.0,1.0,163.0,0.0,0.0,0.0,1.0
2014,575.3.xml,1.0,16.0,1.0,3.0,3.0,2.0,3.0,1.0,0.0,0.0,1.0,1.0,1.0,1.0,1.0,4.0,1.0,1.0,1.0,1.0,1.0,1.0,4.0,1.0,1.0,3.0,1.0,1.0,1.0,1.0,1.0,1.0,1.0,1.0,1.0,1.0,1.0,1.0,1.0,1.0,1.0,1.0,1.0,1.0,1.0,1.0,1.0,174.0,0.0,0.0,0.0,1.0
2014,576.2.xml,1.0,14.0,1.0,3.0,3.0,2.0,3.0,1.0,0.0,0.0,1.0,1.0,1.0,1.0,1.0,6.0,1.0,1.0,1.0,1.0,1.0,1.0,4.0,1.0,1.0,3.0,1.0,1.0,1.0,1.0,1.0,1.0,1.0,1.0,1.0,1.0,1.0,1.0,1.0,1.0,1.0,1.0,1.0,1.0,1.0,1.0,1.0,165.0,0.0,0.0,0.0,1.0
2014,577.3.xml,1.0,0.0,0.0,3.0,3.0,2.0,3.0,1.0,0.0,0.0,0.0,1.0,1.0,0.0,0.0,3.0,1.0,1.0,1.0,1.0,1.0,1.0,4.0,1.0,1.0,3.0,1.0,1.0,1.0,1.0,1.0,1.0,0.0,1.0,1.0,1.0,1.0,1.0,1.0,1.0,1.0,1.0,1.0,1.0,1.0,1.0,1.0,118.0,0.0,0.0,0.0,1.0
2014,578.2.xml,1.0,0.0,0.0,2.0,2.0,1.0,2.0,1.0,0.0,0.0,0.0,1.0,1.0,0.0,0.0,4.0,1.0,1.0,1.0,1.0,1.0,1.0,4.0,1.0,1.0,2.0,1.0,1.0,1.0,1.0,1.0,0.0,0.0,1.0,1.0,1.0,1.0,1.0,1.0,1.0,0.0,1.0,1.0,1.0,1.0,1.0,1.0,91.0,0.0,0.0,0.0,1.0
2014,579.2.xml,1.0,0.0,0.0,2.0,2.0,2.0,2.0,1.0,0.0,0.0,0.0,1.0,1.0,0.0,0.0,3.0,1.0,1.0,1.0,1.0,1.0,1.0,4.0,1.0,1.0,2.0,1.0,1.0,1.0,1.0,1.0,0.0,0.0,1.0,1.0,1.0,1.0,1.0,1.0,1.0,0.0,1.0,1.0,1.0,1.0,1.0,1.0,91.0,0.0,0.0,0.0,1.0
2014,580.2.xml,1.0,10.0,1.0,3.0,3.0,2.0,3.0,1.0,0.0,0.0,1.0,1.0,1.0,1.0,1.0,3.0,1.0,1.0,1.0,1.0,1.0,1.0,4.0,1.0,1.0,3.0,1.0,1.0,1.0,1.0,1.0,1.0,1.0,1.0,1.0,1.0,1.0,1.0,1.0,1.0,1.0,1.0,1.0,1.0,1.0,1.0,1.0,154.0,0.0,0.0,0.0,1.0
2014,580.4.xml,1.0,10.0,1.0,3.0,3.0,2.0,3.0,1.0,0.0,0.0,1.0,1.0,1.0,1.0,1.0,3.0,1.0,1.0,1.0,1.0,1.0,1.0,4.0,1.0,1.0,3.0,1.0,1.0,1.0,1.0,1.0,1.0,1.0,1.0,1.0,1.0,1.0,1.0,1.0,1.0,1.0,1.0,1.0,1.0,1.0,1.0,1.0,149.0,0.0,0.0,0.0,1.0
2014,580.6.xml,1.0,10.0,1.0,3.0,3.0,2.0,3.0,1.0,0.0,0.0,1.0,1.0,1.0,1.0,1.0,3.0,1.0,1.0,1.0,1.0,1.0,1.0,4.0,1.0,1.0,3.0,1.0,1.0,1.0,1.0,1.0,1.0,1.0,1.0,1.0,1.0,1.0,1.0,1.0,1.0,1.0,1.0,1.0,1.0,1.0,1.0,1.0,149.0,0.0,0.0,0.0,1.0
2014,581.2.xml,1.0,11.0,1.0,3.0,3.0,2.0,3.0,1.0,0.0,0.0,1.0,1.0,1.0,1.0,1.0,3.0,1.0,1.0,1.0,1.0,1.0,1.0,4.0,1.0,1.0,3.0,1.0,1.0,1.0,1.0,1.0,1.0,1.0,1.0,1.0,1.0,1.0,1.0,1.0,1.0,1.0,1.0,1.0,1.0,1.0,1.0,1.0,158.0,0.0,0.0,0.0,1.0
2014,581.4.xml,1.0,11.0,1.0,3.0,3.0,2.0,3.0,1.0,0.0,0.0,1.0,1.0,1.0,1.0,1.0,3.0,1.0,1.0,1.0,1.0,1.0,1.0,4.0,1.0,1.0,3.0,1.0,1.0,1.0,1.0,1.0,1.0,1.0,1.0,1.0,1.0,1.0,1.0,1.0,1.0,1.0,1.0,1.0,1.0,1.0,1.0,1.0,153.0,0.0,0.0,0.0,1.0
2014,581.6.xml,1.0,11.0,1.0,3.0,3.0,2.0,3.0,1.0,0.0,0.0,1.0,1.0,1.0,1.0,1.0,3.0,1.0,1.0,1.0,1.0,1.0,1.0,4.0,1.0,1.0,3.0,1.0,1.0,1.0,1.0,1.0,1.0,1.0,1.0,1.0,1.0,1.0,1.0,1.0,1.0,1.0,1.0,1.0,1.0,1.0,1.0,1.0,153.0,0.0,0.0,0.0,1.0
2014,582.2.xml,1.0,10.0,1.0,3.0,3.0,2.0,3.0,1.0,0.0,0.0,1.0,1.0,1.0,1.0,1.0,3.0,1.0,1.0,1.0,1.0,1.0,1.0,4.0,1.0,1.0,3.0,1.0,1.0,1.0,1.0,1.0,1.0,1.0,1.0,1.0,1.0,1.0,1.0,1.0,1.0,1.0,1.0,1.0,1.0,1.0,1.0,1.0,156.0,0.0,0.0,0.0,1.0
2014,582.4.xml,1.0,10.0,1.0,3.0,3.0,2.0,3.0,1.0,0.0,0.0,1.0,1.0,1.0,1.0,1.0,3.0,1.0,1.0,1.0,1.0,1.0,1.0,4.0,1.0,1.0,3.0,1.0,1.0,1.0,1.0,1.0,1.0,1.0,1.0,1.0,1.0,1.0,1.0,1.0,1.0,1.0,1.0,1.0,1.0,1.0,1.0,1.0,151.0,0.0,0.0,0.0,1.0
2014,582.6.xml,1.0,10.0,1.0,3.0,3.0,2.0,3.0,1.0,0.0,0.0,1.0,1.0,1.0,1.0,1.0,3.0,1.0,1.0,1.0,1.0,1.0,1.0,4.0,1.0,1.0,3.0,1.0,1.0,1.0,1.0,1.0,1.0,1.0,1.0,1.0,1.0,1.0,1.0,1.0,1.0,1.0,1.0,1.0,1.0,1.0,1.0,1.0,151.0,0.0,0.0,0.0,1.0
2014,583.2.xml,1.0,11.0,1.0,3.0,3.0,2.0,3.0,1.0,0.0,0.0,1.0,1.0,1.0,1.0,1.0,3.0,1.0,1.0,1.0,1.0,1.0,1.0,4.0,1.0,1.0,3.0,1.0,1.0,1.0,1.0,1.0,1.0,1.0,1.0,1.0,1.0,1.0,1.0,1.0,1.0,1.0,1.0,1.0,1.0,1.0,1.0,1.0,160.0,0.0,0.0,0.0,1.0
2014,583.4.xml,1.0,11.0,1.0,3.0,3.0,2.0,3.0,1.0,0.0,0.0,1.0,1.0,1.0,1.0,1.0,3.0,1.0,1.0,1.0,1.0,1.0,1.0,4.0,1.0,1.0,3.0,1.0,1.0,1.0,1.0,1.0,1.0,1.0,1.0,1.0,1.0,1.0,1.0,1.0,1.0,1.0,1.0,1.0,1.0,1.0,1.0,1.0,155.0,0.0,0.0,0.0,1.0
2014,583.6.xml,1.0,11.0,1.0,3.0,3.0,2.0,3.0,1.0,0.0,0.0,1.0,1.0,1.0,1.0,1.0,3.0,1.0,1.0,1.0,1.0,1.0,1.0,4.0,1.0,1.0,3.0,1.0,1.0,1.0,1.0,1.0,1.0,1.0,1.0,1.0,1.0,1.0,1.0,1.0,1.0,1.0,1.0,1.0,1.0,1.0,1.0,1.0,155.0,0.0,0.0,0.0,1.0
