<eml:eml xmlns:eml="eml://ecoinformatics.org/eml-2.1.1" xmlns:xsi="http://www.w3.org/2001/XMLSchema-instance" packageId="lter-landsat-ledaps.2145.1" scope="system" system="https://pasta.lternet.edu" xsi:schemaLocation="eml://ecoinformatics.org/eml-2.1.1 http://nis.lternet.edu/schemas/eml/eml-2.1.1/eml.xsd">
  <access authSystem="https://pasta.lternet.edu/authentication" order="allowFirst" system="https://pasta.lternet.edu">
    <allow>
      <principal>uid=LNO,o=LTER,dc=ecoinformatics,dc=org</principal>
      <permission>all</permission>
    </allow>
    <allow>
      <principal>public</principal>
      <permission>read</permission>
    </allow>
  </access>
  <dataset>
    <title>LEDAPS corrected Landsat Enhanced Thematic Mapper image data for California Current Ecosystem LTER collected on 2007-07-09</title>
    <creator>
      <organizationName>United States Geological Survey</organizationName>
      <address>
        <deliveryPoint>NASA Landsat Program</deliveryPoint>
        <deliveryPoint>USGS</deliveryPoint>
        <deliveryPoint>Earth Resources Observation and Science (EROS) Center</deliveryPoint>
        <deliveryPoint>47914 252nd Street</deliveryPoint>
        <city>Sioux Falls</city>
        <administrativeArea>South Dakota</administrativeArea>
        <postalCode>57198-0001</postalCode>
        <country>U.S.A.</country>
      </address>
    </creator>
    <creator id="site">
      <organizationName>CCE LTER</organizationName>
      <organizationName>California Current Ecosystem LTER</organizationName>
    </creator>
    <metadataProvider>
      <organizationName>United States Geological Survey</organizationName>
      <address>
        <deliveryPoint>NASA Landsat Program</deliveryPoint>
        <deliveryPoint>USGS</deliveryPoint>
        <deliveryPoint>Earth Resources Observation and Science (EROS) Center</deliveryPoint>
        <deliveryPoint>47914 252nd Street</deliveryPoint>
        <city>Sioux Falls</city>
        <administrativeArea>South Dakota</administrativeArea>
        <postalCode>57198-0001</postalCode>
        <country>U.S.A.</country>
      </address>
    </metadataProvider>
    <metadataProvider>
      <organizationName>LTER Network Office</organizationName>
      <address>
        <deliveryPoint>UNM Biology Department, MSC03-2020</deliveryPoint>
        <deliveryPoint>1 University of New Mexico</deliveryPoint>
        <city>Albuquerque</city>
        <administrativeArea>NM</administrativeArea>
        <postalCode>87131-0001</postalCode>
        <country>USA</country>
      </address>
      <phone phonetype="voice">505 277 2535</phone>
      <phone phonetype="fax">505 277 2541</phone>
      <electronicMailAddress>tech-support@lternet.edu</electronicMailAddress>
      <onlineUrl>http://www.lternet.edu</onlineUrl>
    </metadataProvider>
    <pubDate>2013</pubDate>
    <language>english</language>
    <abstract>
      <para>This LTER Remote Sensing spatial raster dataset consists of LEDAPS corrected Landsat Enhanced Thematic Mapper image data for California Current Ecosystem LTER, originally collected on 2007-07-09 (18:16:16.1040630Z) by Landsat 5, row 037, path 040. Cloud cover was 33.52 percent.</para>
      <para>The Landsat Ecosystem Disturbance Adaptive Processing System (LEDAPS) software was originally developed by the National Aeronautics and Space Administration&#226;&#8364;&#8220;Goddard Space Flight Center and the University of Maryland to produce top-of-atmosphere reflectance from Landsat Thematic Mapper and Enhanced Thematic Mapper Plus Level 1 digital numbers and to apply atmospheric corrections to generate a surface-reflectance product. The U.S. Geological Survey (USGS) has adopted the LEDAPS algorithm for producing the Landsat Surface Reflectance Climate Data Record.</para>
      <para>NASA Landsat Program, 2009, Landsat TM LT50400372007190PAC01, LPGS_12.1.3, USGS, Sioux Falls, 2012-12-08T22:13:12Z.</para>
    </abstract>
    <keywordSet>
      <keyword keywordType="place">California Current Ecosystem LTER</keyword>
      <keyword keywordType="place">CCE LTER</keyword>
      <keyword keywordType="theme">Long Term Ecological Research Program</keyword>
      <keyword keywordType="theme">Landsat ETM</keyword>
      <keyword keywordType="theme">Landsat Enhanced Thematic Mapper</keyword>
      <keyword keywordType="theme">NASA</keyword>
      <keyword keywordType="theme">USGS</keyword>
      <keyword keywordType="theme">remote sensing</keyword>
      <keyword keywordType="theme">satellite data</keyword>
      <keyword keywordType="theme">imagery</keyword>
      <keyword keywordType="theme">earth observation</keyword>
      <keyword keywordType="theme">LEDAPS</keyword>
      <keyword keywordType="theme">Landsat Ecosystem Disturbance Adaptive Processing System</keyword>
      <keyword keywordType="theme">top-of-atmosphere reflectance</keyword>
    </keywordSet>
    <intellectualRights>
      <para>Landsat data are free to all. Effectively the intellectual property rights are held by the USGS EROS and NASA, but ultimately held by the US public.</para>
      <para>The Long Term Ecological Research Network provides these data in our catalog as reference data for use with other data from Andrews Forest LTER.</para>
      <section>
        <title>LTER Network Data Access Requirements</title>
        <para>The access to all LTER data is subject to requirements set forth by this policy document to enable data providers to track usage, evaluate its impact in the community, and confirm users' acceptance of the terms of acceptable use. These requirements are standardized across the LTER Network to provide contractual exchange of data between Site Data Providers, Network Data Providers, and Data Users that can be encoded into electronic form and exchanged between computers. This will allow direct access to data via a common portal once these requirements have been fulfilled. The following information may be required directly or by proxy prior to the transference of any data object:<itemizedlist>
            <listitem>
              <para>Registration</para>
            </listitem>
            <listitem>
              <itemizedlist>
                <listitem>
                  <para>Name</para>
                </listitem>
                <listitem>
                  <para>Affiliation</para>
                </listitem>
                <listitem>
                  <para>Email address</para>
                </listitem>
                <listitem>
                  <para>Full Contact Info</para>
                </listitem>
              </itemizedlist>
            </listitem>
            <listitem>
              <para>Acceptance of the General Public Use Agreement or Restricted Data Use Agreement, as applicable</para>
            </listitem>
            <listitem>
              <para>A Statement of Intended Use that is compliant with the above agreements. Such statements may be made submitted explicitly or made implicitly via the data access portal interface.</para>
            </listitem>
          </itemizedlist>
        </para>
      </section>
      <section>
        <title>Conditions of Data Use</title>
        <para>The re-use of scientific data has the potential to greatly increase communication, collaboration and synthesis within and among disciplines, and thus is fostered, supported and encouraged. Permission to use this dataset is granted to the Data User free of charge subject to the following terms:<itemizedlist>
            <listitem>
              <para>Acceptable Use. Use of the dataset will be restricted to academic, research, educational, government, recreational, or other not-for-profit professional purposes. The Data User is permitted to produce and distribute derived works from this dataset provided that they are released under the same license terms as those accompanying this Data Set. Any other uses for the Data Set or its derived products will require explicit permission from the dataset owner.</para>
            </listitem>
            <listitem>
              <para>Redistribution. The data are provided for use by the Data User. The metadata and this license must accompany all copies made and be available to all users of this Data Set. The Data User will not redistribute the original Data Set beyond this collaboration sphere.</para>
            </listitem>
            <listitem>
              <para>Citation. It is considered a matter of professional ethics to acknowledge the work of other scientists. Thus, the Data User will properly cite the Data Set in any publications or in the metadata of any derived data products that were produced using the Data Set. Citation should take the following general form: Creator, Year of Data Publication, Title of Dataset, Publisher, Dataset identifier.</para>
            </listitem>
            <listitem>
              <para>Acknowledgement. The Data User should acknowledge any institutional support or specific funding awards referenced in the metadata accompanying this dataset in any publications where the Data Set contributed significantly to its content. Acknowledgements should identify the supporting party, the party that received the support, and any identifying information such as grant numbers.</para>
            </listitem>
            <listitem>
              <para>Notification. The Data User will notify the Data Set Contact when any derivative work or publication based on or derived from the Data Set is distributed. The Data User will provide the data contact with two reprints of any publications resulting from use of the Data Set and will provide copies, or on-line access to, any derived digital products. Notification will include an explanation of how the Data Set was used to produce the derived work.</para>
            </listitem>
            <listitem>
              <para>Collaboration. The Data Set has been released in the spirit of open scientific collaboration. Data Users are thus strongly encouraged to consider consultation, collaboration and/or co-authorship with the Data Set Creator.</para>
            </listitem>
          </itemizedlist>By accepting this Data Set, the Data User agrees to abide by the terms of this agreement. The Data Owner shall have the right to terminate this agreement immediately by written notice upon the Data User's breach of, or non-compliance with, any of its terms. The Data User may be held responsible for any misuse that is caused or encouraged by the Data User's failure to abide by the terms of this agreement.</para>
      </section>
      <section>
        <title>Disclaimer</title>
        <para>While substantial efforts are made to ensure the accuracy of data and documentation contained in this Data Set, complete accuracy of data and metadata cannot be guaranteed. All data and metadata are made available "as is". The Data User holds all parties involved in the production or distribution of the Data Set harmless for damages resulting from its use or interpretation.</para>
      </section>
    </intellectualRights>
    <coverage>
      <geographicCoverage>
        <geographicDescription>Covering the California Current Ecosystem LTER site</geographicDescription>
        <boundingCoordinates>
          <westBoundingCoordinate>-118.45311</westBoundingCoordinate>
          <eastBoundingCoordinate>-115.88299</eastBoundingCoordinate>
          <northBoundingCoordinate>34.12879</northBoundingCoordinate>
          <southBoundingCoordinate>32.2073</southBoundingCoordinate>
        </boundingCoordinates>
      </geographicCoverage>
      <temporalCoverage>
        <singleDateTime>
          <calendarDate>2007-07-09</calendarDate>
          <time>18:16:16.1040630Z</time>
        </singleDateTime>
      </temporalCoverage>
    </coverage>
    <maintenance>
      <description>
        <para>These data were retrieved from the USGS archive.</para>
      </description>
      <maintenanceUpdateFrequency>notPlanned</maintenanceUpdateFrequency>
    </maintenance>
    <contact>
      <positionName>Information Manager</positionName>
      <organizationName>LTER Network Office</organizationName>
      <address>
        <deliveryPoint>UNM Biology Department, MSC03-2020</deliveryPoint>
        <deliveryPoint>1 University of New Mexico</deliveryPoint>
        <city>Albuquerque</city>
        <administrativeArea>NM</administrativeArea>
        <postalCode>87131-0001</postalCode>
        <country>USA</country>
      </address>
      <phone phonetype="voice">505 277-2535</phone>
      <phone phonetype="fax">505 277-2541</phone>
      <electronicMailAddress>tech-support@lternet.edu</electronicMailAddress>
      <onlineUrl>http://www.lternet.edu</onlineUrl>
    </contact>
    <contact>
      <individualName>
        <givenName>Theresa</givenName>
        <surName>Valentine</surName>
      </individualName>
    </contact>
    <publisher>
      <organizationName>LTER Network Office</organizationName>
      <address>
        <deliveryPoint>UNM Biology Department, MSC03-2020</deliveryPoint>
        <deliveryPoint>1 University of New Mexico</deliveryPoint>
        <city>Albuquerque</city>
        <administrativeArea>NM</administrativeArea>
        <postalCode>87131-0001</postalCode>
        <country>USA</country>
      </address>
      <phone phonetype="voice">505 277 2535</phone>
      <phone phonetype="fax">505 277 2541</phone>
      <electronicMailAddress>tech-support@lternet.edu</electronicMailAddress>
      <onlineUrl>http://www.lternet.edu</onlineUrl>
    </publisher>
    <pubPlace>Long Term Ecological Research Network Office</pubPlace>
    <methods>
      <methodStep>
        <description>
          <section>
            <title>About this Data Package</title>

            <para>This data package contains a compressed archive (tar/gzip) of LEDAPS corrected Landsat 4 and 5 Thematic Mapper images representing 26 Long Term Ecological Research (LTER) sites, and which had cloud cover less than or equal to 50%. The original Landsat data were downloaded from <ulink url="http://earthexplorer.usgs.gov">http://earthexplorer.usgs.gov</ulink>. These data are Landsat image band files that have been corrected using the Landsat Ecosystem Disturbance Adaptive Processing System (LEDAPS) Algorithm and are stored in HDF format.</para>
            <para>The Landsat standard data products used in this dataset were processed using the Level 1 Product Generation System (LPGS) with the following parameters applied:<itemizedlist>
                <listitem>
                  <para>GeoTIFF output format</para>
                </listitem>
                <listitem>
                  <para>Cubic Convolution (CC) resampling method</para>
                </listitem>
                <listitem>
                  <para>30-meter (TM, ETM+) and 60-meter (MSS) pixel size (reflective bands)</para>
                </listitem>
                <listitem>
                  <para>Universal Transverse Mercator (UTM) map projection (Polar Stereographic projection for Antarctica)</para>
                </listitem>
                <listitem>
                  <para>World Geodetic System (WGS) 84 datum</para>
                </listitem>
                <listitem>
                  <para>MAP (North-up) image orientation</para>
                </listitem>
              </itemizedlist>
            </para>
          </section>
        </description>
      </methodStep>
      <methodStep>
        <description>
          <section>
            <title>About the Landsat Thematic Mapper</title>
            <para>"The Thematic Mapper (TM) is an advanced, multispectral scanning, Earth resources sensor designed to achieve higher image resolution, sharper spectral separation, improved geometric fidelity and greater radiometric accuracy and resolution than the MSS sensor. TM data are sensed in seven spectral bands simultaneously. Band 6 senses thermal (heat) infrared radiation. Landsat can only acquire night scenes in band 6. A TM scene has an Instantaneous Field Of View (IFOV) of 30 square meters in bands 1-5 and 7 while band 6 has an IFOV of 120 square meters on the ground." from http://landsat.gsfc.nasa.gov/about/tm.html accessed 2012-01-30</para>
            <para>See also the README.txt file listed as other entity.</para>
          </section>
        </description>
        <protocol scope="document">
          <title>The Landsat Thematic Mapper Satellite</title>
          <creator scope="document">
            <organizationName>National Aeronautics and Space Administration</organizationName>
          </creator>
          <distribution scope="document">
            <online>
              <url function="information">http://landsat.gsfc.nasa.gov/about/tm.html</url>
            </online>
          </distribution>
        </protocol>
      </methodStep>
      <methodStep>
        <description>
          <section>
            <title>TM Technical Specifications</title>
            <para>(From http://landsat.gsfc.nasa.gov/about/tm.html)<itemizedlist>
                <listitem>
                  <para>Sensor type: opto-mechanical</para>
                </listitem>
                <listitem>
                  <para>Spatial Resolution: 30 m (120 m - thermal)</para>
                </listitem>
                <listitem>
                  <para>Spectral Range: 0.45 - 12.5 &#194;&#181;m</para>
                </listitem>
                <listitem>
                  <para>Number of Bands: 7</para>
                </listitem>
                <listitem>
                  <para>Temporal Resolution: 16 days</para>
                </listitem>
                <listitem>
                  <para>Image Size: 185 km X 172 km</para>
                </listitem>
                <listitem>
                  <para>Swath: 185 km</para>
                </listitem>
                <listitem>
                  <para>Programmable: yes</para>
                </listitem>
              </itemizedlist>
            </para>
          </section>
        </description>
      </methodStep>
      <methodStep>
        <description>
          <section>
            <title>Landsat Ecosystem Disturbance Adaptive Processing System (LEDAPS)</title>

            <para>The atmospherically corrected Landsat-5 data builds on previously work compiling a complete record of Landsat-5 scenes for LTER sites with less than 10% cloud cover. These images were converted to surface reflectance using the Landsat Ecosystem Disturbance Adaptive Processing System (LEDAPS <ulink url="http://code.google.com/p/ledaps/">http://code.google.com/p/ledaps/</ulink>). The LEDAPS process convert Landsat data from digital numbers (DN) to corrected surface reflectance.</para>
            <para>The LEDAPS project is hosted by the US Geological Survey (USGS) Earth Resources Observation and Science (EROS) Land Satellite Data Systems (LSDS) Science Research and Development (LSRD) Project.</para>
            <para>Landsat Ecosystem Disturbance Adaptive Processing System (LEDAPS) processes Landsat data from Level 1B (L1B) to surface reflectance using atmospheric correction routines similar to that developed for the MODIS instrument. This package includes three basic modules (plus a parameter parser and an internal cloud detection program) to convert Landsat data from digital numbers (DN) to surface reflectance. The three steps include:<orderedlist>
                <listitem>
                  <para>Calibrate digital number (DN) to top-of-atmosphere (TOA) reflectance.</para>
                </listitem>
                <listitem>
                  <para>Correct to surface reflectance from TOA reflectance and ancillary data sets.</para>
                </listitem>
                <listitem>
                  <para>Detect cloud pixels based on the surface reflectance.</para>
                </listitem>
              </orderedlist>
            </para>
            <para>The Landsat Ecosystem Disturbance Adaptive Processing System (LEDAPS) software was originally developed by the National Aeronautics and Space Administration-Goddard Space Flight Center and the University of Maryland to produce top-of-atmosphere reflectance from Landsat Thematic Mapper and Enhanced Thematic Mapper Plus Level 1 digital numbers and to apply atmospheric corrections to generate a surface-reflectance product. The U.S. Geological Survey (USGS) has adopted the LEDAPS algorithm for producing the Landsat Surface Reflectance Climate Data Record. The complete description is published as a PDF file and this report discusses the LEDAPS algorithm implemented by the USGS.</para>
            <para>After conversion,each scene is packaged in a compressed tar file (*.tar.gz), which includes:surface reflectance (lndsr.*.hdf), top of atmosphere (TOA) reflectance (lndcal.*.hdf), and thermal brightness temperature (lndth.*.hdf). The data is organized by LTER site in the same manner as the original source data.</para>
            <para>Contributors on this project include LTER scientists Tom Spies (PI), Zhiqiang Yang and Peder Nelson(programming and technical support), Theresa Valentine (logistics and coordination with LNO), Margaret O'Brien (EML support), Kyle Cavanaugh (technical advice), and LNO staff (John Vande Castle, Mark Servilla, and Duane Costa) for technical advice, EML generation, and PASTA integration.</para>
          </section>
        </description>
        <protocol>
          <title>Landsat Ecosystem Disturbance Adaptive Processing System (LEDAPS) Algorithm Description</title>
          <creator>
            <organizationName>U.S.Department of the Interior</organizationName>
            <organizationName>U.S. Geological Survey</organizationName>
          </creator>
          <distribution>
            <online>
              <url function="information">http://pubs.usgs.gov/of/2013/1057/</url>
            </online>
          </distribution>
        </protocol>
      </methodStep>
      <methodStep>
        <description>
          <para>This method step describes provenance-based metadata as specified in the LTER EML Best Practices.</para>
          <para>This provenance metadata does not contain entity specific information.</para>
        </description>
        <dataSource>
          <title>Landsat Enhanced Thematic Mapper image data for California Current Ecosystem LTER collected on 2007-07-09</title>
          <creator>
            <organizationName>CCE LTER</organizationName>
            <organizationName>California Current Ecosystem LTER</organizationName>
          </creator>
          <creator>
            <organizationName>United States Geological Survey</organizationName>
            <address>
              <deliveryPoint>NASA Landsat Program</deliveryPoint>
              <deliveryPoint>USGS</deliveryPoint>
              <deliveryPoint>Earth Resources Observation and Science (EROS) Center</deliveryPoint>
              <deliveryPoint>47914 252nd Street</deliveryPoint>
              <city>Sioux Falls</city>
              <administrativeArea>South Dakota</administrativeArea>
              <postalCode>57198-0001</postalCode>
              <country>U.S.A.</country>
            </address>
          </creator>
          <distribution>
            <online>
              <onlineDescription>This online link references an EML document that describes data used in the creation of this derivative data package.</onlineDescription>
              <url function="information">https://pasta.lternet.edu/package/metadata/eml/lter-landsat/2145/1</url>
            </online>
          </distribution>
          <contact>
            <positionName>Information Manager</positionName>
            <organizationName>LTER Network Office</organizationName>
            <address>
              <deliveryPoint>UNM Biology Department, MSC03-2020</deliveryPoint>
              <deliveryPoint>1 University of New Mexico</deliveryPoint>
              <city>Albuquerque</city>
              <administrativeArea>NM</administrativeArea>
              <postalCode>87131-0001</postalCode>
              <country>USA</country>
            </address>
            <phone phonetype="voice">505 277-2535</phone>
            <phone phonetype="fax">505 277-2541</phone>
            <electronicMailAddress>tech-support@lternet.edu</electronicMailAddress>
            <onlineUrl>http://www.lternet.edu</onlineUrl>
          </contact>
          <contact>
            <individualName>
              <givenName>Kyle</givenName>
              <surName>Cavanaugh</surName>
            </individualName>
          </contact>
        </dataSource>
      </methodStep>
    </methods>
    <otherEntity>
      <entityName>LT50400372007190PAC01.tar.gz</entityName>
      <entityDescription>TAR/GZIP compressed archive</entityDescription>
      <physical>
        <objectName>LT50400372007190PAC01.tar.gz</objectName>
        <size unit="byte">520447116</size>
        <dataFormat>
          <externallyDefinedFormat>
            <formatName>tar/gzip</formatName>
          </externallyDefinedFormat>
        </dataFormat>
        <distribution>
          <online>
            <url function="download">https://pasta.lternet.edu/package/data/eml/lter-landsat-ledaps/2145/1/13edcc940fd7889a0bcdd7d170a28174</url>
          </online>
        </distribution>
      </physical>
      <entityType>Compressed Archive</entityType>
    </otherEntity>
  </dataset>
</eml:eml>