<eml:eml xmlns:eml="eml://ecoinformatics.org/eml-2.1.1" xmlns:xsi="http://www.w3.org/2001/XMLSchema-instance" packageId="knb-lter-arc.10091.3" system="https://pasta.lternet.edu" xsi:schemaLocation="eml://ecoinformatics.org/eml-2.1.1 http://nis.lternet.edu/schemas/EML/eml-2.1.1/eml.xsd">
  <access authSystem="https://pasta.lternet.edu/authentication" order="allowFirst" scope="document" system="https://pasta.lternet.edu">
    <allow>
      <principal>uid=ARC,o=lter,dc=ecoinformatics,dc=org</principal>
      <permission>all</permission>
    </allow>
    <allow>
      <principal>public</principal>
      <permission>read</permission>
    </allow>
  </access>
  <dataset>
    <alternateIdentifier>2002AKLakes_nuts.03</alternateIdentifier>
    <title>Nutrient and chemical data for various lakes near Toolik Research Station, Arctic LTER, Summer 2002.</title>
    <creator id="pers-1">
      <organizationName>Arctic LTER Program</organizationName>
      <individualName>
        <givenName>Anne</givenName>
        <surName>Giblin</surName>
      </individualName>
      <address>
        <deliveryPoint>Marine Biological Laboratory</deliveryPoint>
        <deliveryPoint>Ecosystems Center</deliveryPoint>
        <deliveryPoint>7 MBL Street</deliveryPoint>
        <city>Woods Hole</city>
        <administrativeArea>MA</administrativeArea>
        <postalCode>02543</postalCode>
        <country>United States of America</country>
      </address>
    </creator>
    <creator id="pers-2">
      <organizationName>Arctic LTER Program</organizationName>
      <individualName>
        <givenName>Christopher</givenName>
        <surName>Luecke</surName>
      </individualName>
      <address>
        <deliveryPoint>Utah State University</deliveryPoint>
        <deliveryPoint>Department of Watershed Science</deliveryPoint>
        <city>Logan</city>
        <administrativeArea>UT</administrativeArea>
        <postalCode>84322-5210</postalCode>
        <country>United States of America</country>
      </address>
    </creator>
    <creator id="pers-3">
      <organizationName>Arctic LTER Program</organizationName>
      <individualName>
        <givenName>George</givenName>
        <surName>Kling</surName>
      </individualName>
      <address>
        <deliveryPoint>University of Michigan</deliveryPoint>
        <deliveryPoint>Department of Ecology and Evolutionary Biology</deliveryPoint>
        <deliveryPoint>830 North University</deliveryPoint>
        <city>Ann Arbor</city>
        <administrativeArea>MI</administrativeArea>
        <postalCode>48109-1048</postalCode>
        <country>United States of America</country>
      </address>
    </creator>
    <metadataProvider>
      <organizationName>Arctic LTER Program</organizationName>
      <address>
        <deliveryPoint>The Ecosystems Center</deliveryPoint>
        <deliveryPoint>Marine Biological Lab</deliveryPoint>
        <deliveryPoint>7 MBL St</deliveryPoint>
        <city>Woods Hole</city>
        <administrativeArea>MA</administrativeArea>
        <postalCode>02543</postalCode>
        <country>USA</country>
      </address>
      <phone phonetype="voice">(508) 289 7496</phone>
      <electronicMailAddress>arc_im@mbl.edu</electronicMailAddress>
      <onlineUrl>http://ecosystems.mbl.edu/ARC/</onlineUrl>
    </metadataProvider>
    <associatedParty>
      <individualName>
        <givenName>Chris</givenName>
        <surName>Crockett</surName>
      </individualName>
      <role>Associated Researcher</role>
    </associatedParty>
    <pubDate>2010</pubDate>
    <abstract>
      <para>Yearly file describing the physical/chemical values recorded at various lakes near Toolik Research Station. Sample site descriptors include site, date, time, depth. Depth profiles of physical measures collected in situwith Hydrolab Datasonde in the field include temperature, conductivity, pH, dissolved oxygen in both percent saturation and mg/l, SCUFA chlorophyll-a values in both volts and &#181;g/l, and PAR.</para>
    </abstract>
    <keywordSet>
      <keyword>alkalinity</keyword>
      <keyword>ammonium</keyword>
      <keyword>anions</keyword>
      <keyword>aquatic</keyword>
      <keyword>aquatic ecosystems</keyword>
      <keyword>arctic</keyword>
      <keyword>bacteria</keyword>
      <keyword>bacterial abundance</keyword>
      <keyword>biogeochemistry</keyword>
      <keyword>carbon</keyword>
      <keyword>carbon to nitrogen ratio</keyword>
      <keyword>chemistry</keyword>
      <keyword>chlorophyll</keyword>
      <keyword>chlorophyll a</keyword>
      <keyword>depth</keyword>
      <keyword>dissolved nutrients</keyword>
      <keyword>dissolved organic carbon</keyword>
      <keyword>freshwater</keyword>
      <keyword>inorganic nutrients</keyword>
      <keyword>lakes</keyword>
      <keyword>limnology</keyword>
      <keyword>long term ecological research</keyword>
      <keyword>long term monitoring</keyword>
      <keyword>monitoring</keyword>
      <keyword>nitrate</keyword>
      <keyword>nitrite</keyword>
      <keyword>nitrate + nitrite</keyword>
      <keyword>nitrogen</keyword>
      <keyword>nitrogen compounds</keyword>
      <keyword>nutrients</keyword>
      <keyword>organic carbon</keyword>
      <keyword>organic nitrogen</keyword>
      <keyword>particulate</keyword>
      <keyword>particulate carbon</keyword>
      <keyword>particulate nitrogen</keyword>
      <keyword>particulate phosphorus</keyword>
      <keyword>phaeophytin</keyword>
      <keyword>phaeopigments</keyword>
      <keyword>phosphate</keyword>
      <keyword>phosphorus</keyword>
      <keyword>profiles</keyword>
      <keyword>sampling</keyword>
      <keyword>soluble reactive phosphorus</keyword>
      <keyword>total nitrogen</keyword>
      <keyword>total phosphorus</keyword>
      <keyword>tundra</keyword>
      <keyword>water</keyword>
      <keyword>water chemistry</keyword>
      <keyword>water column</keyword>
      <keyword>water quality</keyword>
    </keywordSet>
    <intellectualRights>
      <para>Acceptance and utilization of LTER data requires that:</para>
      <para>
        <itemizedlist>
          <listitem>
            <para>The Principal Investigator be sent a notice stating reasons for acquiring any data and a description of the publication intentions.</para>
          </listitem>
          <listitem>
            <para>The Principal Investigator of the data set be sent a copy of the report or manuscript prior to submission and be adequately cited in any resultant publications</para>
          </listitem>
          <listitem>
            <para>A copy of any resultant publications should be sent to: 
            <literalLayout>
Principal Investigator
Ecosystems Center
Marine Biological Laboratory
Woods Hole, MA 02543
</literalLayout>
            </para>
          </listitem>
        </itemizedlist>
      </para>
    </intellectualRights>
    <distribution>
      <online>
        <url>http://ecosystems.mbl.edu/ARC/meta_template.php?FileName=./lakes/nutrients/xlsfiles/2002_ArcticLTER_Lakes_nuts.html</url>
      </online>
    </distribution>
    <coverage>
      <geographicCoverage id="GEO-1">
        <geographicDescription>Toolik Lake, Main Station</geographicDescription>
        <boundingCoordinates>
          <westBoundingCoordinate>-149.612633</westBoundingCoordinate>
          <eastBoundingCoordinate>-149.612633</eastBoundingCoordinate>
          <northBoundingCoordinate>68.629961</northBoundingCoordinate>
          <southBoundingCoordinate>68.629961</southBoundingCoordinate>
        </boundingCoordinates>
      </geographicCoverage>
      <geographicCoverage id="GEO-2">
        <geographicDescription>Lake E1</geographicDescription>
        <boundingCoordinates>
          <westBoundingCoordinate>-149.555347706</westBoundingCoordinate>
          <eastBoundingCoordinate>-149.555347706</eastBoundingCoordinate>
          <northBoundingCoordinate>68.6261956028</northBoundingCoordinate>
          <southBoundingCoordinate>68.6261956028</southBoundingCoordinate>
        </boundingCoordinates>
      </geographicCoverage>
      <geographicCoverage id="GEO-3">
        <geographicDescription>Lake E5</geographicDescription>
        <boundingCoordinates>
          <westBoundingCoordinate>-149.458079</westBoundingCoordinate>
          <eastBoundingCoordinate>-149.458079</eastBoundingCoordinate>
          <northBoundingCoordinate>68.642611</northBoundingCoordinate>
          <southBoundingCoordinate>68.642611</southBoundingCoordinate>
        </boundingCoordinates>
      </geographicCoverage>
      <geographicCoverage id="GEO-4">
        <geographicDescription>Lake E6</geographicDescription>
        <boundingCoordinates>
          <westBoundingCoordinate>-149.440564592</westBoundingCoordinate>
          <eastBoundingCoordinate>-149.440564592</eastBoundingCoordinate>
          <northBoundingCoordinate>68.6434270583</northBoundingCoordinate>
          <southBoundingCoordinate>68.6434270583</southBoundingCoordinate>
        </boundingCoordinates>
      </geographicCoverage>
      <geographicCoverage id="GEO-5">
        <geographicDescription>Lake I1</geographicDescription>
        <boundingCoordinates>
          <westBoundingCoordinate>-149.58807625</westBoundingCoordinate>
          <eastBoundingCoordinate>-149.58807625</eastBoundingCoordinate>
          <northBoundingCoordinate>68.5687130789</northBoundingCoordinate>
          <southBoundingCoordinate>68.5687130789</southBoundingCoordinate>
        </boundingCoordinates>
      </geographicCoverage>
      <geographicCoverage id="GEO-6">
        <geographicDescription>Lake I2</geographicDescription>
        <boundingCoordinates>
          <westBoundingCoordinate>-149.565881618</westBoundingCoordinate>
          <eastBoundingCoordinate>-149.565881618</eastBoundingCoordinate>
          <northBoundingCoordinate>68.5713195633</northBoundingCoordinate>
          <southBoundingCoordinate>68.5713195633</southBoundingCoordinate>
        </boundingCoordinates>
      </geographicCoverage>
      <geographicCoverage id="GEO-7">
        <geographicDescription>Lake I3</geographicDescription>
        <boundingCoordinates>
          <westBoundingCoordinate>-149.583644456</westBoundingCoordinate>
          <eastBoundingCoordinate>-149.583644456</eastBoundingCoordinate>
          <northBoundingCoordinate>68.5755366301</northBoundingCoordinate>
          <southBoundingCoordinate>68.5755366301</southBoundingCoordinate>
        </boundingCoordinates>
      </geographicCoverage>
      <geographicCoverage id="GEO-8">
        <geographicDescription>Lake I4</geographicDescription>
        <boundingCoordinates>
          <westBoundingCoordinate>-149.58405938</westBoundingCoordinate>
          <eastBoundingCoordinate>-149.58405938</eastBoundingCoordinate>
          <northBoundingCoordinate>68.57956715</northBoundingCoordinate>
          <southBoundingCoordinate>68.57956715</southBoundingCoordinate>
        </boundingCoordinates>
      </geographicCoverage>
      <geographicCoverage id="GEO-9">
        <geographicDescription>Lake I5</geographicDescription>
        <boundingCoordinates>
          <westBoundingCoordinate>-149.589625877</westBoundingCoordinate>
          <eastBoundingCoordinate>-149.589625877</eastBoundingCoordinate>
          <northBoundingCoordinate>68.5873874391</northBoundingCoordinate>
          <southBoundingCoordinate>68.5873874391</southBoundingCoordinate>
        </boundingCoordinates>
      </geographicCoverage>
      <geographicCoverage id="GEO-10">
        <geographicDescription>Lake I6</geographicDescription>
        <boundingCoordinates>
          <westBoundingCoordinate>-149.59264335</westBoundingCoordinate>
          <eastBoundingCoordinate>-149.59264335</eastBoundingCoordinate>
          <northBoundingCoordinate>68.5965924039</northBoundingCoordinate>
          <southBoundingCoordinate>68.5965924039</southBoundingCoordinate>
        </boundingCoordinates>
      </geographicCoverage>
      <geographicCoverage id="GEO-11">
        <geographicDescription>Lake I6 Headwaters</geographicDescription>
        <boundingCoordinates>
          <westBoundingCoordinate>-149.622932</westBoundingCoordinate>
          <eastBoundingCoordinate>-149.622932</eastBoundingCoordinate>
          <northBoundingCoordinate>68.582062</northBoundingCoordinate>
          <southBoundingCoordinate>68.582062</southBoundingCoordinate>
        </boundingCoordinates>
      </geographicCoverage>
      <geographicCoverage id="GEO-12">
        <geographicDescription>Lake I7</geographicDescription>
        <boundingCoordinates>
          <westBoundingCoordinate>-149.596582063</westBoundingCoordinate>
          <eastBoundingCoordinate>-149.596582063</eastBoundingCoordinate>
          <northBoundingCoordinate>68.6008747982</northBoundingCoordinate>
          <southBoundingCoordinate>68.6008747982</southBoundingCoordinate>
        </boundingCoordinates>
      </geographicCoverage>
      <geographicCoverage id="GEO-13">
        <geographicDescription>Lake I8</geographicDescription>
        <boundingCoordinates>
          <westBoundingCoordinate>-149.582211513</westBoundingCoordinate>
          <eastBoundingCoordinate>-149.582211513</eastBoundingCoordinate>
          <northBoundingCoordinate>68.6101575207</northBoundingCoordinate>
          <southBoundingCoordinate>68.6101575207</southBoundingCoordinate>
        </boundingCoordinates>
      </geographicCoverage>
      <geographicCoverage id="GEO-14">
        <geographicDescription>Lake ISwamp</geographicDescription>
        <boundingCoordinates>
          <westBoundingCoordinate>-149.600742</westBoundingCoordinate>
          <eastBoundingCoordinate>-149.600742</eastBoundingCoordinate>
          <northBoundingCoordinate>68.610781</northBoundingCoordinate>
          <southBoundingCoordinate>68.610781</southBoundingCoordinate>
        </boundingCoordinates>
      </geographicCoverage>
      <geographicCoverage id="GEO-15">
        <geographicDescription>I Minus</geographicDescription>
        <boundingCoordinates>
          <westBoundingCoordinate>-149.56628</westBoundingCoordinate>
          <eastBoundingCoordinate>-149.56628</eastBoundingCoordinate>
          <northBoundingCoordinate>68.55634</northBoundingCoordinate>
          <southBoundingCoordinate>68.55634</southBoundingCoordinate>
        </boundingCoordinates>
      </geographicCoverage>
      <geographicCoverage id="GEO-16">
        <geographicDescription>Lake N2</geographicDescription>
        <boundingCoordinates>
          <westBoundingCoordinate>-149.625086307</westBoundingCoordinate>
          <eastBoundingCoordinate>-149.625086307</eastBoundingCoordinate>
          <northBoundingCoordinate>68.6409472345</northBoundingCoordinate>
          <southBoundingCoordinate>68.6409472345</southBoundingCoordinate>
        </boundingCoordinates>
      </geographicCoverage>
      <geographicCoverage id="GEO-17">
        <geographicDescription>Lake S6</geographicDescription>
        <boundingCoordinates>
          <westBoundingCoordinate>-149.641623295</westBoundingCoordinate>
          <eastBoundingCoordinate>-149.641623295</eastBoundingCoordinate>
          <northBoundingCoordinate>68.6293797816</northBoundingCoordinate>
          <southBoundingCoordinate>68.6293797816</southBoundingCoordinate>
        </boundingCoordinates>
      </geographicCoverage>
      <geographicCoverage id="GEO-18">
        <geographicDescription>Lake S7</geographicDescription>
        <boundingCoordinates>
          <westBoundingCoordinate>-149.644441789</westBoundingCoordinate>
          <eastBoundingCoordinate>-149.644441789</eastBoundingCoordinate>
          <northBoundingCoordinate>68.6300627447</northBoundingCoordinate>
          <southBoundingCoordinate>68.6300627447</southBoundingCoordinate>
        </boundingCoordinates>
      </geographicCoverage>
      <geographicCoverage id="GEO-19">
        <geographicDescription>Lake S11</geographicDescription>
        <boundingCoordinates>
          <westBoundingCoordinate>-149.650579145</westBoundingCoordinate>
          <eastBoundingCoordinate>-149.650579145</eastBoundingCoordinate>
          <northBoundingCoordinate>68.630148049</northBoundingCoordinate>
          <southBoundingCoordinate>68.630148049</southBoundingCoordinate>
        </boundingCoordinates>
      </geographicCoverage>
      <geographicCoverage id="GEO-20">
        <geographicDescription>Lake NE12</geographicDescription>
        <boundingCoordinates>
          <westBoundingCoordinate>-149.616666666667</westBoundingCoordinate>
          <eastBoundingCoordinate>-149.616666666667</eastBoundingCoordinate>
          <northBoundingCoordinate>68.65</northBoundingCoordinate>
          <southBoundingCoordinate>68.65</southBoundingCoordinate>
        </boundingCoordinates>
      </geographicCoverage>
      <geographicCoverage id="GEO-21">
        <geographicDescription>Fog 2</geographicDescription>
        <boundingCoordinates>
          <westBoundingCoordinate>-149.1</westBoundingCoordinate>
          <eastBoundingCoordinate>-149.1</eastBoundingCoordinate>
          <northBoundingCoordinate>68.6833333333333</northBoundingCoordinate>
          <southBoundingCoordinate>68.6833333333333</southBoundingCoordinate>
        </boundingCoordinates>
      </geographicCoverage>
      <geographicCoverage id="GEO-22">
        <geographicDescription>Fog 4</geographicDescription>
        <boundingCoordinates>
          <westBoundingCoordinate>-149.071666666667</westBoundingCoordinate>
          <eastBoundingCoordinate>-149.071666666667</eastBoundingCoordinate>
          <northBoundingCoordinate>68.68</northBoundingCoordinate>
          <southBoundingCoordinate>68.68</southBoundingCoordinate>
        </boundingCoordinates>
      </geographicCoverage>
      <geographicCoverage id="GEO-23">
        <geographicDescription>LTER 321, GTH 33</geographicDescription>
        <boundingCoordinates>
          <westBoundingCoordinate>-149.178742058</westBoundingCoordinate>
          <eastBoundingCoordinate>-149.178742058</eastBoundingCoordinate>
          <northBoundingCoordinate>68.5812154042</northBoundingCoordinate>
          <southBoundingCoordinate>68.5812154042</southBoundingCoordinate>
        </boundingCoordinates>
      </geographicCoverage>
      <geographicCoverage id="GEO-24">
        <geographicDescription>LTER 349, Ox creekhead 2, GTH 61</geographicDescription>
        <boundingCoordinates>
          <westBoundingCoordinate>-149.178624264</westBoundingCoordinate>
          <eastBoundingCoordinate>-149.178624264</eastBoundingCoordinate>
          <northBoundingCoordinate>68.6387235983</northBoundingCoordinate>
          <southBoundingCoordinate>68.6387235983</southBoundingCoordinate>
        </boundingCoordinates>
      </geographicCoverage>
      <geographicCoverage id="GEO-25">
        <geographicDescription>LTER 362, Ox creekhead 1, GTH 74</geographicDescription>
        <boundingCoordinates>
          <westBoundingCoordinate>-149.185945853</westBoundingCoordinate>
          <eastBoundingCoordinate>-149.185945853</eastBoundingCoordinate>
          <northBoundingCoordinate>68.6179342325</northBoundingCoordinate>
          <southBoundingCoordinate>68.6179342325</southBoundingCoordinate>
        </boundingCoordinates>
      </geographicCoverage>
      <geographicCoverage id="GEO-26">
        <geographicDescription>Lake is called GTH 83</geographicDescription>
        <boundingCoordinates>
          <westBoundingCoordinate>-149.432996798</westBoundingCoordinate>
          <eastBoundingCoordinate>-149.432996798</eastBoundingCoordinate>
          <northBoundingCoordinate>68.5688832145</northBoundingCoordinate>
          <southBoundingCoordinate>68.5688832145</southBoundingCoordinate>
        </boundingCoordinates>
      </geographicCoverage>
      <geographicCoverage id="GEO-27">
        <geographicDescription>Lake is called GTH 85</geographicDescription>
        <boundingCoordinates>
          <westBoundingCoordinate>-149.438677388</westBoundingCoordinate>
          <eastBoundingCoordinate>-149.438677388</eastBoundingCoordinate>
          <northBoundingCoordinate>68.6004190154</northBoundingCoordinate>
          <southBoundingCoordinate>68.6004190154</southBoundingCoordinate>
        </boundingCoordinates>
      </geographicCoverage>
      <geographicCoverage id="GEO-28">
        <geographicDescription>Lake is called GTH 86</geographicDescription>
        <boundingCoordinates>
          <westBoundingCoordinate>-149.418740628</westBoundingCoordinate>
          <eastBoundingCoordinate>-149.418740628</eastBoundingCoordinate>
          <northBoundingCoordinate>68.6324246102</northBoundingCoordinate>
          <southBoundingCoordinate>68.6324246102</southBoundingCoordinate>
        </boundingCoordinates>
      </geographicCoverage>
      <temporalCoverage>
        <rangeOfDates>
          <beginDate>
            <calendarDate>2002-06-17</calendarDate>
          </beginDate>
          <endDate>
            <calendarDate>2002-08-12</calendarDate>
          </endDate>
        </rangeOfDates>
      </temporalCoverage>
    </coverage>
    <maintenance>
      <description>
        <para>Entered metadata into new metadata form.</para>
        <para>Version 2: Updated metadata form to newer version (without site sheet). BD (below dection limit) entries changed to 0, indicated in Notes column. Meta rows from I-series deleted, samples never collected so no data exists for these samples. 12Feb2013 CH.</para>
        <para>Version 3: Updated metadata form to newer version with site sheet. CH March 2013.</para>
      </description>
    </maintenance>
    <contact>
      <positionName>Information Manager</positionName>
      <organizationName>LTER Network Office</organizationName>
      <address>
        <deliveryPoint>UNM Biology Department, MSC03-2020</deliveryPoint>
        <deliveryPoint>1 University of New Mexico</deliveryPoint>
        <city>Albuquerque</city>
        <administrativeArea>NM</administrativeArea>
        <postalCode>87131-0001</postalCode>
        <country>USA</country>
      </address>
      <phone phonetype="voice">505 277-2535</phone>
      <phone phonetype="fax">505 277-2541</phone>
      <electronicMailAddress>tech-support@lternet.edu</electronicMailAddress>
      <onlineUrl>http://www.lternet.edu</onlineUrl>
    </contact>
    <contact id="im" system="knb">
      <positionName>Data Manager</positionName>
      <address>
        <deliveryPoint>The Ecosystems Center</deliveryPoint>
        <deliveryPoint>Marine Biological Lab</deliveryPoint>
        <deliveryPoint>7 MBL St</deliveryPoint>
        <city>Woods Hole</city>
        <administrativeArea>MA</administrativeArea>
        <postalCode>02543</postalCode>
        <country>USA</country>
      </address>
      <phone phonetype="voice">(508) 289 7496</phone>
      <electronicMailAddress>arc_im@mbl.edu</electronicMailAddress>
      <onlineUrl>http://ecosystems.mbl.edu/ARC/</onlineUrl>
    </contact>
    <publisher>
      <organizationName>ARC LTER</organizationName>
      <address>
        <deliveryPoint>The Ecosystems Center</deliveryPoint>
        <deliveryPoint>Marine Biological Lab</deliveryPoint>
        <deliveryPoint>7 MBL St</deliveryPoint>
        <city>Woods Hole</city>
        <administrativeArea>MA</administrativeArea>
        <postalCode>02543</postalCode>
        <country>USA</country>
      </address>
      <phone phonetype="voice">(508) 289 7496</phone>
      <electronicMailAddress>arc_im@mbl.edu</electronicMailAddress>
      <onlineUrl>http://ecosystems.mbl.edu/ARC/</onlineUrl>
    </publisher>
    <methods>
      <methodStep>
        <description>
          <para>
            <literalLayout>
For field work and sampling protocols see "Sampling and Field Methods Protocol" on The Arctic LTER webpage (http://ecosystems.mbl.edu/ARC/) specific link found below. 

All measurements were taken with a DS5 Hydrolab Datasonde. Depth reading on sonde was calibrated in the field so that a depth of 0m was the water surface. For profiles, measurements were taken at surface (~0m), at ~0.5m depth, at ~1m of depth, then at 1m intervals until bottom. Measurements were recorded on a Surveyor 4a datalogger and also recorded in a field book.  Values recovered from the Surveyor 4a datalogger were used except where values were either missing or highly suspect, in which case values from the fieldbook were used and noted under the "Notes" column.

This file was created from a working file titled "2009AKLakes". History of the file is listed below:

Date User Changes/Corrections
4-Jul-2005 Dan White Created 2009AKLAKES file from 2008AKLAKES file
4-Jul-2005 Dan White Added first few Toolik Hydrolab cast upto 3Jul in physchem09 and Chl and PO4 data to Nutrients
24-Jul-2005 Dan White Added NH4 data upto 24Jul, and Chl-a data upto 20Jul
25-Jul-2005 Dan White Added Hydrolab casts up to present
27-Jul-2005 Dan White Added PO4 data upto 24Jul
30-Aug-2005 Dan White Added the remainder of the seasons Chl-a values and PO4 values to the Nutrients09 tab
31-Aug-2005 Dan White Added the remainder of the seasons hydrolab casts to the Physchem09 tab
1-Sep-2005 Dan White Added the remainder of the seasons NH4 values to the Nutrients09 tab
6-Oct-2005 Dan White Added in missing date (29 Jul09) hydrolab cast for E5 and E6 on Physchem09 page
6-Oct-2005 Dan White Added missing depth (6m) to hydrolab cast for Lake I8 on 5Aug09 from fieldbook
7-Oct-2005 Dan White Resorted Physchem09 page to put hydrolab casts in order by date
1-Nov-2005 Dan White Added Late-season Toolik hydrolab cast to Physcem09 tab supplied by Christie Haupert
  
</literalLayout>
          </para>
        </description>
        <protocol>
          <title>Sampling and Field Methods Protocol</title>
          <creator>
            <references>pers-1</references>
          </creator>
          <distribution>
            <online>
              <url>http://ecosystems.mbl.edu/ARC/lakes/Chemistry%20protocols/LakesAnalyticalChemistry.html</url>
            </online>
          </distribution>
          <proceduralStep>
            <description>
              <para />
            </description>
          </proceduralStep>
        </protocol>
      </methodStep>
    </methods>
    <project>
      <title>Arctic Long-Term Ecological Research (ARC LTER) Program</title>
      <personnel>
        <individualName>
          <givenName>John</givenName>
          <surName>Hobbie</surName>
        </individualName>
        <address>
          <deliveryPoint>The Ecosystems Center</deliveryPoint>
          <deliveryPoint>Marine Biological Lab</deliveryPoint>
          <deliveryPoint>7 MBL St</deliveryPoint>
          <city>Woods Hole</city>
          <administrativeArea>MA</administrativeArea>
          <postalCode>02543</postalCode>
          <country>USA</country>
        </address>
        <phone phonetype="voice">(508) 289 7496</phone>
        <electronicMailAddress>jhobbie@mbl.edu</electronicMailAddress>
        <role>Lead PI</role>
      </personnel>
      <personnel>
        <individualName>
          <givenName>Gus</givenName>
          <surName>Shaver</surName>
        </individualName>
        <address>
          <deliveryPoint>The Ecosystems Center</deliveryPoint>
          <deliveryPoint>Marine Biological Lab</deliveryPoint>
          <deliveryPoint>7 MBL St</deliveryPoint>
          <city>Woods Hole</city>
          <administrativeArea>MA</administrativeArea>
          <postalCode>02543</postalCode>
          <country>USA</country>
        </address>
        <phone phonetype="voice">(508) 289 7496</phone>
        <electronicMailAddress>gshaver@mbl.edu</electronicMailAddress>
        <role>Lead PI</role>
      </personnel>
      <personnel>
        <individualName>
          <givenName>Jim</givenName>
          <surName>Laundre</surName>
        </individualName>
        <address>
          <deliveryPoint>The Ecosystems Center</deliveryPoint>
          <deliveryPoint>Marine Biological Lab</deliveryPoint>
          <deliveryPoint>7 MBL St</deliveryPoint>
          <city>Woods Hole</city>
          <administrativeArea>MA</administrativeArea>
          <postalCode>02543</postalCode>
          <country>USA</country>
        </address>
        <phone phonetype="voice">(508) 289 7496</phone>
        <electronicMailAddress>arc_imr@mbl.edu</electronicMailAddress>
        <role>Information Manager</role>
      </personnel>
      <abstract>
        <para>
          <literalLayout>
The goal of Arctic LTER project is to predict the future ecological characteristics of the site based upon our knowledge of the controls of ecosystem structure and function as exerted by physical setting and geologic factors, climatic factors, biotic factors, and the changes in fluxes of water and materials from land to water. To achieve this goal the Arctic LTER uses several approaches:

Long-term monitoring and surveys of natural variation of ecosystem characteristics in space and time. Includes: climate, plant communities and productivity, thaw depth, stream flow, chemistry of streams and lakes, temperatures of streams and lakes, lake chlorophyll lake productivity, zooplankton abundance. 

Experimental manipulation of ecosystems for years and decades. Includes: tundra warming, shading, and fertilizing, grazer exclusions, fertilization of lakes and streams, addition and subtraction of predators. 

Synthesis of results and predictive modeling at ecosystem and watershed scales. Includes: stream N cycling, lake physics, bioenergetics of fish populations, water movement and transfer of DOC and nutrients from land to water, soil respiration, cycling and storage of C in tundra under different scenarios of future climates.
</literalLayout>
        </para>
      </abstract>
      <funding>
        <para>This material is based upon work supported by the National Science Foundation under Grants #DEB-981022, 9211775, 8702328; #OPP-9911278, 9911681, 9732281, 9615411, 9615563, 9615942, 9615949, 9400722, 9415411, 9318529; #BSR 9019055, 8806635, 8507493. Any opinions, findings, conclusions, or recommendations expressed in the material are those of the author(s) and do not necessarily reflect the views of the National Science Foundation.</para>
      </funding>
      <studyAreaDescription>
        <coverage>
          <geographicCoverage>
            <geographicDescription>The Arctic LTER research site (68&#176;N and 149&#176;W) is in the foothills region of the North Slope of Alaska and includes the entire Toolik Lake watershed and the adjacent watershed of the upper Kuparuk River, down to the confluence of these two watersheds. This area is typical of the northern foothills of the Brooks Range, with continuous permafrost, no trees, a complete snow cover for 7 to 9 months, winter ice cover on lakes, streams, and ocean, and cessation of river flow during the winter. Tussock tundra vegetation of sedges and grasses mixed with dwarf birch and low willows form the dominant vegetation type with areas of drier heath tundra on ridge tops and other well-drained sites as well as areas of river-bottom willow communities.</geographicDescription>
            <boundingCoordinates>
              <westBoundingCoordinate>-149.75</westBoundingCoordinate>
              <eastBoundingCoordinate>-149.0433</eastBoundingCoordinate>
              <northBoundingCoordinate>68.8</northBoundingCoordinate>
              <southBoundingCoordinate>68.5</southBoundingCoordinate>
              <boundingAltitudes>
                <altitudeMinimum>610</altitudeMinimum>
                <altitudeMaximum>1360</altitudeMaximum>
                <altitudeUnits>meter</altitudeUnits>
              </boundingAltitudes>
            </boundingCoordinates>
          </geographicCoverage>
        </coverage>
      </studyAreaDescription>
    </project>
    <dataTable>
      <entityName>2002_ArcticLTER_Lakes_nuts.csv</entityName>
      <entityDescription>Nutrient and chemical data for various lakes near Toolik Research Station, Arctic LTER, Summer 2002.</entityDescription>
      <physical>
        <objectName>2002_ArcticLTER_Lakes_nuts.csv</objectName>
        <dataFormat>
          <textFormat>
            <numHeaderLines>1</numHeaderLines>
            <recordDelimiter>\r\n</recordDelimiter>
            <attributeOrientation>column</attributeOrientation>
            <simpleDelimited>
              <fieldDelimiter>,</fieldDelimiter>
              <quoteCharacter>"</quoteCharacter>
            </simpleDelimited>
          </textFormat>
        </dataFormat>
        <distribution>
          <online>
            <url>https://pasta.lternet.edu/package/data/eml/knb-lter-arc/10091/3/173dd860b53debca245a21b9b6c213fa</url>
          </online>
        </distribution>
      </physical>
      <attributeList>
        <attribute id=" att0.1">
          <attributeName>SortChem_#</attributeName>
          <attributeLabel>SortChem_#</attributeLabel>
          <attributeDefinition>A unique number assigned to each sample collected at a specific site at a specific date and time. The year that the sample was collected is followed by a dash and then a sequential number. For example, if 600 samples were collected in 2002, then the first sample collected is 2002-0001 and the last sample is 2002-0600.</attributeDefinition>
          <measurementScale>
            <nominal>
              <nonNumericDomain>
                <textDomain>
                  <definition>A unique number assigned to each sample collected at a specific site at a specific date and time. The year that the sample was collected is followed by a dash and then a sequential number. For example, if 600 samples were collected in 2002, then the first sample collected is 2002-0001 and the last sample is 2002-0600.</definition>
                </textDomain>
              </nonNumericDomain>
            </nominal>
          </measurementScale>
          <missingValueCode>
            <code>.</code>
            <codeExplanation>code for missing values</codeExplanation>
          </missingValueCode>
        </attribute>
        <attribute id=" att0.2">
          <attributeName>Site</attributeName>
          <attributeLabel>Site</attributeLabel>
          <attributeDefinition>Site Name: Name of the lake where measurements were taken. There are discrete sampling sites defined by water depth, generally they are at the point of maximum depth.</attributeDefinition>
          <measurementScale>
            <nominal>
              <nonNumericDomain>
                <enumeratedDomain>
                  <codeDefinition>
                    <code>Toolik Main</code>
                    <definition>the main sampling station on Toolik Lake's largest basin</definition>
                  </codeDefinition>
                  <codeDefinition>
                    <code>E</code>
                    <definition>lakes of the E-Series</definition>
                  </codeDefinition>
                  <codeDefinition>
                    <code>I</code>
                    <definition>lakes of the I-Series</definition>
                  </codeDefinition>
                  <codeDefinition>
                    <code>N</code>
                    <definition>lakes of the N-Series</definition>
                  </codeDefinition>
                  <codeDefinition>
                    <code>S</code>
                    <definition>lakes of the S-Series</definition>
                  </codeDefinition>
                  <codeDefinition>
                    <code>Fog</code>
                    <definition>lakes of the Fog-Series</definition>
                  </codeDefinition>
                </enumeratedDomain>
              </nonNumericDomain>
            </nominal>
          </measurementScale>
        </attribute>
        <attribute id=" att0.3">
          <attributeName>Date</attributeName>
          <attributeLabel>Date</attributeLabel>
          <attributeDefinition>Date readings were taken on.</attributeDefinition>
          <measurementScale>
            <dateTime>
              <formatString>dd-mon-yyyy</formatString>
            </dateTime>
          </measurementScale>
        </attribute>
        <attribute id=" att0.4">
          <attributeName>Dep_m</attributeName>
          <attributeLabel>Dep_m</attributeLabel>
          <attributeDefinition>Depth of water sample taken at starting from the surface as 0.</attributeDefinition>
          <measurementScale>
            <ratio>
              <unit>
                <standardUnit>meter</standardUnit>
              </unit>
              <numericDomain>
                <numberType>real</numberType>
              </numericDomain>
            </ratio>
          </measurementScale>
        </attribute>
        <attribute id=" att0.5">
          <attributeName>Chl_ug/l</attributeName>
          <attributeLabel>Chl_ug/l</attributeLabel>
          <attributeDefinition>Pheaophytin corrected chlorophyll a concentration from fluorometric analysis of chlorophyll extracted in acetone from 47mm GFF fiter</attributeDefinition>
          <measurementScale>
            <ratio>
              <unit>
                <customUnit>microgramPerLiter</customUnit>
              </unit>
              <numericDomain>
                <numberType>real</numberType>
              </numericDomain>
            </ratio>
          </measurementScale>
          <missingValueCode>
            <code>.</code>
            <codeExplanation>code for missing values</codeExplanation>
          </missingValueCode>
        </attribute>
        <attribute id=" att0.6">
          <attributeName>Pheo_ug/l</attributeName>
          <attributeLabel>Pheo_ug/l</attributeLabel>
          <attributeDefinition>Pheaophytin concentrations from fluorometric analysis of chlorophyll extracted in acetone from 47mm GFF fiter</attributeDefinition>
          <measurementScale>
            <ratio>
              <unit>
                <customUnit>microgramPerLiter</customUnit>
              </unit>
              <numericDomain>
                <numberType>real</numberType>
              </numericDomain>
            </ratio>
          </measurementScale>
          <missingValueCode>
            <code>.</code>
            <codeExplanation>code for missing values</codeExplanation>
          </missingValueCode>
        </attribute>
        <attribute id=" att0.7">
          <attributeName>NH4OPA_uM</attributeName>
          <attributeLabel>NH4OPA_uM</attributeLabel>
          <attributeDefinition>Ammonium concentrations from OPA fluorometric analysis</attributeDefinition>
          <measurementScale>
            <ratio>
              <unit>
                <customUnit>micromolePerLiter</customUnit>
              </unit>
              <numericDomain>
                <numberType>real</numberType>
              </numericDomain>
            </ratio>
          </measurementScale>
          <missingValueCode>
            <code>.</code>
            <codeExplanation>code for missing values</codeExplanation>
          </missingValueCode>
        </attribute>
        <attribute id=" att0.8">
          <attributeName>PO4_uM</attributeName>
          <attributeLabel>PO4_uM</attributeLabel>
          <attributeDefinition>phosphate concentrations from colormetric analysis</attributeDefinition>
          <measurementScale>
            <ratio>
              <unit>
                <customUnit>micromolePerLiter</customUnit>
              </unit>
              <numericDomain>
                <numberType>real</numberType>
              </numericDomain>
            </ratio>
          </measurementScale>
          <missingValueCode>
            <code>.</code>
            <codeExplanation>code for missing values</codeExplanation>
          </missingValueCode>
        </attribute>
        <attribute id=" att0.9">
          <attributeName>NO3_uM</attributeName>
          <attributeLabel>NO3_uM</attributeLabel>
          <attributeDefinition>nitrate+nitrite concentrations from colormetric analysis</attributeDefinition>
          <measurementScale>
            <ratio>
              <unit>
                <customUnit>micromolePerLiter</customUnit>
              </unit>
              <numericDomain>
                <numberType>real</numberType>
              </numericDomain>
            </ratio>
          </measurementScale>
          <missingValueCode>
            <code>.</code>
            <codeExplanation>code for missing values</codeExplanation>
          </missingValueCode>
        </attribute>
        <attribute id=" att0.10">
          <attributeName>TDN_uM</attributeName>
          <attributeLabel>TDN_uM</attributeLabel>
          <attributeDefinition>Total dissolved nitrogen</attributeDefinition>
          <measurementScale>
            <ratio>
              <unit>
                <customUnit>micromolePerLiter</customUnit>
              </unit>
              <numericDomain>
                <numberType>real</numberType>
              </numericDomain>
            </ratio>
          </measurementScale>
          <missingValueCode>
            <code>.</code>
            <codeExplanation>code for missing values</codeExplanation>
          </missingValueCode>
        </attribute>
        <attribute id=" att0.11">
          <attributeName>TN_uM</attributeName>
          <attributeLabel>TN_uM</attributeLabel>
          <attributeDefinition>Total nitrogen. This value is the sum of TDN and particulate nitrogen</attributeDefinition>
          <measurementScale>
            <ratio>
              <unit>
                <customUnit>micromolePerLiter</customUnit>
              </unit>
              <numericDomain>
                <numberType>real</numberType>
              </numericDomain>
            </ratio>
          </measurementScale>
          <missingValueCode>
            <code>.</code>
            <codeExplanation>code for missing values</codeExplanation>
          </missingValueCode>
        </attribute>
        <attribute id=" att0.12">
          <attributeName>TP_uM</attributeName>
          <attributeLabel>TP_uM</attributeLabel>
          <attributeDefinition>Total phosphorus. This value is the sum of TDP and particulate phosphorus</attributeDefinition>
          <measurementScale>
            <ratio>
              <unit>
                <customUnit>micromolePerLiter</customUnit>
              </unit>
              <numericDomain>
                <numberType>real</numberType>
              </numericDomain>
            </ratio>
          </measurementScale>
          <missingValueCode>
            <code>.</code>
            <codeExplanation>code for missing values</codeExplanation>
          </missingValueCode>
        </attribute>
        <attribute id=" att0.13">
          <attributeName>TDP_uM</attributeName>
          <attributeLabel>TDP_uM</attributeLabel>
          <attributeDefinition>Total dissolved phosphorus</attributeDefinition>
          <measurementScale>
            <ratio>
              <unit>
                <customUnit>micromolePerLiter</customUnit>
              </unit>
              <numericDomain>
                <numberType>real</numberType>
              </numericDomain>
            </ratio>
          </measurementScale>
          <missingValueCode>
            <code>.</code>
            <codeExplanation>code for missing values</codeExplanation>
          </missingValueCode>
        </attribute>
        <attribute id=" att0.14">
          <attributeName>PP-ug/l</attributeName>
          <attributeLabel>PP-ug/l</attributeLabel>
          <attributeDefinition>Particulate phosphorus</attributeDefinition>
          <measurementScale>
            <ratio>
              <unit>
                <customUnit>microgramPerLiter</customUnit>
              </unit>
              <numericDomain>
                <numberType>real</numberType>
              </numericDomain>
            </ratio>
          </measurementScale>
          <missingValueCode>
            <code>.</code>
            <codeExplanation>code for missing values</codeExplanation>
          </missingValueCode>
        </attribute>
        <attribute id=" att0.15">
          <attributeName>PP_uM</attributeName>
          <attributeLabel>PP_uM</attributeLabel>
          <attributeDefinition>Particulate phosphorus</attributeDefinition>
          <measurementScale>
            <ratio>
              <unit>
                <customUnit>micromolePerLiter</customUnit>
              </unit>
              <numericDomain>
                <numberType>real</numberType>
              </numericDomain>
            </ratio>
          </measurementScale>
          <missingValueCode>
            <code>.</code>
            <codeExplanation>code for missing values</codeExplanation>
          </missingValueCode>
        </attribute>
        <attribute id=" att0.16">
          <attributeName>PN-ug/l</attributeName>
          <attributeLabel>PN-ug/l</attributeLabel>
          <attributeDefinition>Particulate nitrogen</attributeDefinition>
          <measurementScale>
            <ratio>
              <unit>
                <customUnit>microgramPerLiter</customUnit>
              </unit>
              <numericDomain>
                <numberType>real</numberType>
              </numericDomain>
            </ratio>
          </measurementScale>
          <missingValueCode>
            <code>.</code>
            <codeExplanation>code for missing values</codeExplanation>
          </missingValueCode>
        </attribute>
        <attribute id=" att0.17">
          <attributeName>PN_uM</attributeName>
          <attributeLabel>PN_uM</attributeLabel>
          <attributeDefinition>Particulate nitrogen</attributeDefinition>
          <measurementScale>
            <ratio>
              <unit>
                <customUnit>micromolePerLiter</customUnit>
              </unit>
              <numericDomain>
                <numberType>real</numberType>
              </numericDomain>
            </ratio>
          </measurementScale>
          <missingValueCode>
            <code>.</code>
            <codeExplanation>code for missing values</codeExplanation>
          </missingValueCode>
        </attribute>
        <attribute id=" att0.18">
          <attributeName>PC-ug/l</attributeName>
          <attributeLabel>PC-ug/l</attributeLabel>
          <attributeDefinition>Particulate carbon</attributeDefinition>
          <measurementScale>
            <ratio>
              <unit>
                <customUnit>microgramPerLiter</customUnit>
              </unit>
              <numericDomain>
                <numberType>real</numberType>
              </numericDomain>
            </ratio>
          </measurementScale>
          <missingValueCode>
            <code>.</code>
            <codeExplanation>code for missing values</codeExplanation>
          </missingValueCode>
        </attribute>
        <attribute id=" att0.19">
          <attributeName>PC_uM</attributeName>
          <attributeLabel>PC_uM</attributeLabel>
          <attributeDefinition>Particulate carbon</attributeDefinition>
          <measurementScale>
            <ratio>
              <unit>
                <customUnit>micromolePerLiter</customUnit>
              </unit>
              <numericDomain>
                <numberType>real</numberType>
              </numericDomain>
            </ratio>
          </measurementScale>
          <missingValueCode>
            <code>.</code>
            <codeExplanation>code for missing values</codeExplanation>
          </missingValueCode>
        </attribute>
        <attribute id=" att0.20">
          <attributeName>Bact_cells/ml</attributeName>
          <attributeLabel>Bact_cells/ml</attributeLabel>
          <attributeDefinition>Bacteria counts from flow cytometer cells /ml</attributeDefinition>
          <measurementScale>
            <ratio>
              <unit>
                <standardUnit>numberPerMilliliter</standardUnit>
              </unit>
              <numericDomain>
                <numberType>real</numberType>
              </numericDomain>
            </ratio>
          </measurementScale>
          <missingValueCode>
            <code>.</code>
            <codeExplanation>code for missing values</codeExplanation>
          </missingValueCode>
        </attribute>
        <attribute id=" att0.21">
          <attributeName>UncorChl_ug/l</attributeName>
          <attributeLabel>UncorChl_ug/l</attributeLabel>
          <attributeDefinition>Uncorrected chlorophyll a</attributeDefinition>
          <measurementScale>
            <ratio>
              <unit>
                <customUnit>microgramPerLiter</customUnit>
              </unit>
              <numericDomain>
                <numberType>real</numberType>
              </numericDomain>
            </ratio>
          </measurementScale>
          <missingValueCode>
            <code>.</code>
            <codeExplanation>code for missing values</codeExplanation>
          </missingValueCode>
        </attribute>
        <attribute id=" att0.22">
          <attributeName>Cl_uM</attributeName>
          <attributeLabel>Cl_uM</attributeLabel>
          <attributeDefinition>Dissolved chloride concentration</attributeDefinition>
          <measurementScale>
            <ratio>
              <unit>
                <customUnit>micromolePerLiter</customUnit>
              </unit>
              <numericDomain>
                <numberType>real</numberType>
              </numericDomain>
            </ratio>
          </measurementScale>
          <missingValueCode>
            <code>.</code>
            <codeExplanation>code for missing values</codeExplanation>
          </missingValueCode>
        </attribute>
        <attribute id=" att0.23">
          <attributeName>SO4_uM</attributeName>
          <attributeLabel>SO4_uM</attributeLabel>
          <attributeDefinition>Dissolved sulfate concentration</attributeDefinition>
          <measurementScale>
            <ratio>
              <unit>
                <customUnit>micromolePerLiter</customUnit>
              </unit>
              <numericDomain>
                <numberType>real</numberType>
              </numericDomain>
            </ratio>
          </measurementScale>
          <missingValueCode>
            <code>.</code>
            <codeExplanation>code for missing values</codeExplanation>
          </missingValueCode>
        </attribute>
        <attribute id=" att0.24">
          <attributeName>Notes</attributeName>
          <attributeLabel>Notes</attributeLabel>
          <attributeDefinition>Any additional information pertaining to measurments made for a particular depth, place and time.</attributeDefinition>
          <measurementScale>
            <nominal>
              <nonNumericDomain>
                <textDomain>
                  <definition>Any additional information pertaining to measurments made for a particular depth, place and time.</definition>
                </textDomain>
              </nonNumericDomain>
            </nominal>
          </measurementScale>
          <missingValueCode>
            <code>.</code>
            <codeExplanation>code for missing values</codeExplanation>
          </missingValueCode>
        </attribute>
        <attribute id=" att0.25">
          <attributeName>NH4 Indol_uM</attributeName>
          <attributeLabel>NH4 Indol_uM</attributeLabel>
          <attributeDefinition>Ammonium concentrations from indol/ phenol analysis</attributeDefinition>
          <measurementScale>
            <ratio>
              <unit>
                <customUnit>micromolePerLiter</customUnit>
              </unit>
              <numericDomain>
                <numberType>real</numberType>
              </numericDomain>
            </ratio>
          </measurementScale>
          <missingValueCode>
            <code>.</code>
            <codeExplanation>code for missing values</codeExplanation>
          </missingValueCode>
        </attribute>
      </attributeList>
      <numberOfRecords>305</numberOfRecords>
    </dataTable>
    <otherEntity>
      <entityName>2002_ArcticLTER_Lakes_nuts.xls</entityName>
      <entityDescription>An excel file that has worksheets with the metadata and data.</entityDescription>
      <physical scope="document">
        <objectName>2002_ArcticLTER_Lakes_nuts.xls</objectName>
        <dataFormat>
          <externallyDefinedFormat>
            <formatName>Microsoft Excel</formatName>
          </externallyDefinedFormat>
        </dataFormat>
        <distribution scope="document">
          <online>
            <url>https://pasta.lternet.edu/package/data/eml/knb-lter-arc/10091/3/45e30c29e1806f2a3be098e807cf89cd</url>
          </online>
        </distribution>
      </physical>
      <entityType>Microsoft Excel file</entityType>
    </otherEntity>
  </dataset>
  <additionalMetadata>
    <metadata>
      <unitList>
        <unit id="microgramPerLiter" multiplierToSI="" name="microgramPerLiter" parentSI="" unitType=" volumetricMassDensityRate">
          <description>micrograms per liter</description>
        </unit>
        <unit id="micromolePerLiter" multiplierToSI="0.000001" name="micromolePerLiter" parentSI="molarity" unitType="amountOfSubstanceConcentration">
          <description>&#181;M = &#181;moles per liter of solution</description>
        </unit>
      </unitList>
    </metadata>
  </additionalMetadata>
</eml:eml>