<eml:eml xmlns:eml="eml://ecoinformatics.org/eml-2.1.1" xmlns:xsi="http://www.w3.org/2001/XMLSchema-instance" packageId="knb-lter-hfr.44.18" scope="system" system="hfr" xsi:schemaLocation="eml://ecoinformatics.org/eml-2.1.1 http://nis.lternet.edu/schemas/EML/eml-2.1.1/eml.xsd">
   <access authSystem="knb" order="allowFirst" scope="document">
      <allow>
         <principal>uid=HFR,o=lter,dc=ecoinformatics,dc=org</principal>
         <permission>all</permission>
      </allow>
      <allow>
         <principal>public</principal>
         <permission>read</permission>
      </allow>
   </access>
   <dataset id="HF044">
      <alternateIdentifier>HF044</alternateIdentifier>
      <title>Land Use on the Southern New England and New York Coasts 1600-2001</title>
      <creator>
         <individualName>
            <givenName>David</givenName>
            <surName>Foster</surName>
         </individualName>
      </creator>
      <creator>
         <individualName>
            <givenName>Betsy</givenName>
            <surName>Von Holle</surName>
         </individualName>
      </creator>
      <creator>
         <individualName>
            <givenName>Tim</givenName>
            <surName>Parshall</surName>
         </individualName>
      </creator>
      <associatedParty>
         <individualName>
            <givenName>Robert</givenName>
            <surName>Eberhardt</surName>
         </individualName>
         <role>Researcher</role>
      </associatedParty>
      <associatedParty>
         <individualName>
            <givenName>Brian</givenName>
            <surName>Hall</surName>
         </individualName>
         <role>Researcher</role>
      </associatedParty>
      <associatedParty>
         <individualName>
            <givenName>Jon</givenName>
            <surName>Harrod</surName>
         </individualName>
         <role>Researcher</role>
      </associatedParty>
      <associatedParty>
         <individualName>
            <givenName>Dana</givenName>
            <surName>MacDonald</surName>
         </individualName>
         <role>Researcher</role>
      </associatedParty>
      <associatedParty>
         <individualName>
            <givenName>Glenn</givenName>
            <surName>Motzkin</surName>
         </individualName>
         <role>Researcher</role>
      </associatedParty>
      <pubDate>2006</pubDate>
      <abstract>
         <section>
            <para>The widespread influence of land use and natural disturbance on population, community, and landscape dynamics and the long-term legacy of disturbance on modern ecosystems requires that a historical, broad-scale perspective become an integral part of modern ecological studies and conservation assessment and planning. In previous studies, the Harvard Forest Long Term Ecological Research (LTER) program has developed an integrated approach of paleoecological and historical reconstruction, meteorological modeling, air photo interpretation, GIS analyses, and field studies of vegetation and soils, to address fundamental ecological questions concerning the rates, direction, and causes of vegetation change, to evaluate controls over modern species and community distributions and landscape patterns, and to provide critical background for conservation and restoration planning. In the current study, we extend this approach to investigate the link between landscape history and the abundance, distribution, and dynamics of species, communities and landscapes of the Cape Cod to Long Island coastal region, including the islands of Martha's Vineyard, Nantucket, and Block Island. The study region includes many areas of high conservation priority that are linked geographically, historically, and ecologically. Despite the compelling rationale for examining this coastal region as a whole and for comparing its related, though distinctive geographic areas, an integrated and comprehensive study of the region has never been undertaken.</para>
            <para>We are investigating regional controls over landscape patterns and community distribution and will focus in detail on the dynamics of sandplain communities, including grasslands, heathlands, barrens, and woodlands, which are unique components of this region and high priorities for conservation. In order to determine the historical and modern abundance and distribution of these community types, and to relate these to historical patterns of land use, fire, windstorms and other disturbances, we are developing: (1) GIS-based, spatially explicit maps of land use, land cover, environment, hurricane characteristics, and cultural features across the region for the historical period (17th C to present), (2) pollen and charcoal diagrams for critical areas where data are currently unavailable and an integrated analysis of data from all studies across this region, (3) analysis of the relationship between high priority communities (sandplain grasslands, heathlands, barrens, and related communities), rare species, and disturbance history, (4) revised conceptual ecological models for sandplain communities and recommendations for ecological goals and management approaches.</para>
         </section>
      </abstract>
      <keywordSet>
         <keyword>forest disturbance</keyword>
         <keyword>land use</keyword>
         <keyword>soil chemistry</keyword>
         <keyword>vegetation dynamics</keyword>
         <keywordThesaurus>LTER controlled vocabulary</keywordThesaurus>
      </keywordSet>
      <keywordSet>
         <keyword>inorganic nutrients</keyword>
         <keyword>disturbance</keyword>
         <keywordThesaurus>LTER core area</keywordThesaurus>
      </keywordSet>
      <keywordSet>
         <keyword>Harvard Forest</keyword>
         <keyword>HFR</keyword>
         <keyword>LTER</keyword>
         <keyword>USA</keyword>
         <keywordThesaurus>HFR default</keywordThesaurus>
      </keywordSet>
      <intellectualRights>
         <section>
            <para>This dataset is released to the public and may be freely downloaded. Please keep the designated Contact person informed of any plans to use the dataset. Consultation or collaboration with the original investigators is strongly encouraged. Publications and data products that make use of the dataset must include proper acknowledgement. For more information on LTER Network data access and use policies, please see: http://www.lternet.edu/data/netpolicy.html.</para>
         </section>
      </intellectualRights>
      <distribution>
         <online>
            <url function="information">http://harvardforest.fas.harvard.edu:8080/exist/xquery/data.xq?id=hf044</url>
         </online>
      </distribution>
      <coverage>
         <geographicCoverage>
            <geographicDescription>Southern New England Coast, New York Coast</geographicDescription>
            <boundingCoordinates>
               <westBoundingCoordinate>-74.0</westBoundingCoordinate>
               <eastBoundingCoordinate>-70.1</eastBoundingCoordinate>
               <northBoundingCoordinate>+42.0</northBoundingCoordinate>
               <southBoundingCoordinate>+40.7</southBoundingCoordinate>
               <boundingAltitudes>
                  <altitudeMinimum>0</altitudeMinimum>
                  <altitudeMaximum>118</altitudeMaximum>
                  <altitudeUnits>meter</altitudeUnits>
               </boundingAltitudes>
            </boundingCoordinates>
         </geographicCoverage>
         <temporalCoverage>
            <rangeOfDates>
               <beginDate>
                  <calendarDate>1600-01-01</calendarDate>
               </beginDate>
               <endDate>
                  <calendarDate>2001-12-31</calendarDate>
               </endDate>
            </rangeOfDates>
         </temporalCoverage>
      </coverage>
      <contact>
         <individualName>
            <givenName>David</givenName>
            <surName>Foster</surName>
         </individualName>
         <organizationName>Harvard Forest</organizationName>
         <address>
            <deliveryPoint>324 North Main Street</deliveryPoint>
            <city>Petersham</city>
            <administrativeArea>MA</administrativeArea>
            <postalCode>01366</postalCode>
            <country>USA</country>
         </address>
         <phone phonetype="voice">(978) 724-3302</phone>
         <electronicMailAddress>drfoster@fas.harvard.edu</electronicMailAddress>
      </contact>
      <publisher>
         <organizationName>Harvard Forest</organizationName>
         <address>
            <deliveryPoint>324 North Main Street</deliveryPoint>
            <city>Petersham</city>
            <administrativeArea>MA</administrativeArea>
            <postalCode>01366</postalCode>
            <country>USA</country>
         </address>
         <phone phonetype="voice">(978) 724-3302</phone>
         <phone phonetype="fax">(978) 724-3595</phone>
         <onlineUrl>http://harvardforest.fas.harvard.edu</onlineUrl>
      </publisher>
      <methods>
         <methodStep>
            <description>
               <section>
                  <title>Species List</title>
                  <para>The data file lists all taxa recorded in the sample plots. Taxonomy follows Gleason and Cronquist (1991). In general, codes are formed by taking the first four letters of the genus name and the first three letters of the species name. Where this causes confusion, an eight letter code unique to each taxon is used.</para>
               </section>
               <section>
                  <title>Plot Locations</title>
                  <para>Plots are identified by a general location code (2-3 letters) and a plot number (1-999). These two identifiers are also combined into a single six-character code. Because the plots were sampled from a larger set of potential plot locations, plot numbers are not necessarily sequential.

Total number of plots = 776 (270 in 1999, 389 in 2000, 117 in 2001).</para>
               </section>
               <section>
                  <title>Soil Chemistry</title>
                  <para>For plots sampled in 1999 (CJ series), the two pairs of 0-15 and 15-30 cm samples were subsampled (1/8 cup per sample) and combined to make a single composite sample representing the plot, which was then sent to Brookside Labs. For plots sampled in 2000, only one set of 0-15 and 15-30 cm samples was collected, and &#188; cup of each was mixed to produce a composite 0-30 cm sample sent for analysis.

In some samples, concentrations of certain cations were below the detection limit of the analytical equipment; in these cases, concentrations are listed as &#8220;less than x ppm.&#8221; Before the soils data can be analyzed quantitatively, these entries will need to be replaced by numerical values.

There are no lab soils data for two plots sampled in 2000 (MT 50 and PB 14).</para>
               </section>
               <section>
                  <title>Plant Cover</title>
                  <para>Cover of all vascular plant species rooted within the 20 x 20 m plot (also total lichen and bryophyte cover) was estimated on an eight-point scale.</para>
               </section>
               <section>
                  <title>Tree Diameters</title>
                  <para>Diameters of all live trees at least 2.5 cm dbh and all standing dead stems at least 10 cm dbh were measured in all plots. Only truly arboreal species were measured; shrubs such as scrub oak and viburnum were not, although individuals of these species routinely exceeded 2.5 cm dbh.</para>
               </section>
               <section>
                  <title>Tree Cores</title>
                  <para>One to three cores of the largest sound trees were sampled in plots with trees greater than 5 cm dbh. Cores were taken at 30 cm above the ground. Most cores were mounted, sanded, and counted under a hand lens or microscope. Some cores of young trees were counted in the field and not collected.</para>
               </section>
            </description>
         </methodStep>
      </methods>
      <dataTable id="hf044-01">
         <entityName>hf044-01-species-list.csv</entityName>
         <entityDescription>species list</entityDescription>
         <physical id="1182188243655">
            <objectName>hf044-01-species-list.csv</objectName>
            <dataFormat>
               <textFormat>
                  <numHeaderLines>1</numHeaderLines>
                  <recordDelimiter>\r\n</recordDelimiter>
                  <attributeOrientation>column</attributeOrientation>
                  <simpleDelimited>
                     <fieldDelimiter>,</fieldDelimiter>
                  </simpleDelimited>
               </textFormat>
            </dataFormat>
            <distribution>
               <online>
                  <url function="download">http://harvardforest.fas.harvard.edu/data/p04/hf044/hf044-01-species-list.csv</url>
               </online>
            </distribution>
         </physical>
         <attributeList>
            <attribute id="1182188244716">
               <attributeName>CODE</attributeName>
               <attributeDefinition>species code</attributeDefinition>
               <measurementScale>
                  <nominal>
                     <nonNumericDomain>
                        <textDomain>
                           <definition>species code</definition>
                        </textDomain>
                     </nonNumericDomain>
                  </nominal>
               </measurementScale>
            </attribute>
            <attribute id="1182188244726">
               <attributeName>GENUS</attributeName>
               <attributeDefinition>genus name</attributeDefinition>
               <measurementScale>
                  <nominal>
                     <nonNumericDomain>
                        <textDomain>
                           <definition>genus name</definition>
                        </textDomain>
                     </nonNumericDomain>
                  </nominal>
               </measurementScale>
            </attribute>
            <attribute id="1182188244736">
               <attributeName>SPECIES</attributeName>
               <attributeDefinition>species name</attributeDefinition>
               <measurementScale>
                  <nominal>
                     <nonNumericDomain>
                        <textDomain>
                           <definition>species name</definition>
                        </textDomain>
                     </nonNumericDomain>
                  </nominal>
               </measurementScale>
            </attribute>
            <attribute id="1182188244746">
               <attributeName>NOTES</attributeName>
               <attributeDefinition>field notes</attributeDefinition>
               <measurementScale>
                  <nominal>
                     <nonNumericDomain>
                        <textDomain>
                           <definition>field notes</definition>
                        </textDomain>
                     </nonNumericDomain>
                  </nominal>
               </measurementScale>
            </attribute>
         </attributeList>
         <numberOfRecords>429</numberOfRecords>
      </dataTable>
      <dataTable id="hf044-02">
         <entityName>hf044-02-plots.csv</entityName>
         <entityDescription>plot locations</entityDescription>
         <physical id="1182188373161">
            <objectName>hf044-02-plots.csv</objectName>
            <dataFormat>
               <textFormat>
                  <numHeaderLines>1</numHeaderLines>
                  <recordDelimiter>\r\n</recordDelimiter>
                  <attributeOrientation>column</attributeOrientation>
                  <simpleDelimited>
                     <fieldDelimiter>,</fieldDelimiter>
                  </simpleDelimited>
               </textFormat>
            </dataFormat>
            <distribution>
               <online>
                  <url function="download">http://harvardforest.fas.harvard.edu/data/p04/hf044/hf044-02-plots.csv</url>
               </online>
            </distribution>
         </physical>
         <attributeList>
            <attribute id="1182188375134">
               <attributeName>Code</attributeName>
               <attributeDefinition>location code</attributeDefinition>
               <measurementScale>
                  <nominal>
                     <nonNumericDomain>
                        <textDomain>
                           <definition>location code</definition>
                        </textDomain>
                     </nonNumericDomain>
                  </nominal>
               </measurementScale>
            </attribute>
            <attribute id="1182188375144">
               <attributeName>Location</attributeName>
               <attributeDefinition>region</attributeDefinition>
               <measurementScale>
                  <nominal>
                     <nonNumericDomain>
                        <textDomain>
                           <definition>region</definition>
                        </textDomain>
                     </nonNumericDomain>
                  </nominal>
               </measurementScale>
            </attribute>
            <attribute id="1182188375154">
               <attributeName>Plots</attributeName>
               <attributeDefinition>number of plots sampled</attributeDefinition>
               <measurementScale>
                  <ratio>
                     <unit>
                        <standardUnit>number</standardUnit>
                     </unit>
                     <precision>1</precision>
                     <numericDomain>
                        <numberType>natural</numberType>
                     </numericDomain>
                  </ratio>
               </measurementScale>
               <missingValueCode>
                  <code>NA</code>
                  <codeExplanation>missing value</codeExplanation>
               </missingValueCode>
            </attribute>
            <attribute id="1182188375164">
               <attributeName>Year</attributeName>
               <attributeDefinition>year sampled</attributeDefinition>
               <measurementScale>
                  <dateTime>
                     <formatString>YYYY</formatString>
                  </dateTime>
               </measurementScale>
            </attribute>
            <attribute id="1182188375174">
               <attributeName>Notes</attributeName>
               <attributeDefinition>location description</attributeDefinition>
               <measurementScale>
                  <nominal>
                     <nonNumericDomain>
                        <textDomain>
                           <definition>location description</definition>
                        </textDomain>
                     </nonNumericDomain>
                  </nominal>
               </measurementScale>
            </attribute>
         </attributeList>
         <numberOfRecords>17</numberOfRecords>
      </dataTable>
      <dataTable id="hf044-03">
         <entityName>hf044-03-environ.csv</entityName>
         <entityDescription>environment</entityDescription>
         <physical id="1182190939852">
            <objectName>hf044-03-environ.csv</objectName>
            <dataFormat>
               <textFormat>
                  <numHeaderLines>1</numHeaderLines>
                  <recordDelimiter>\r\n</recordDelimiter>
                  <attributeOrientation>column</attributeOrientation>
                  <simpleDelimited>
                     <fieldDelimiter>,</fieldDelimiter>
                  </simpleDelimited>
               </textFormat>
            </dataFormat>
            <distribution>
               <online>
                  <url function="download">http://harvardforest.fas.harvard.edu/data/p04/hf044/hf044-03-environ.csv</url>
               </online>
            </distribution>
         </physical>
         <attributeList>
            <attribute id="1182190940883">
               <attributeName>Location</attributeName>
               <attributeDefinition>location code (see plot locations)</attributeDefinition>
               <measurementScale>
                  <nominal>
                     <nonNumericDomain>
                        <textDomain>
                           <definition>location code</definition>
                        </textDomain>
                     </nonNumericDomain>
                  </nominal>
               </measurementScale>
            </attribute>
            <attribute id="1182190940893">
               <attributeName>Plot</attributeName>
               <attributeDefinition>plot number</attributeDefinition>
               <measurementScale>
                  <nominal>
                     <nonNumericDomain>
                        <textDomain>
                           <definition>plot number</definition>
                        </textDomain>
                     </nonNumericDomain>
                  </nominal>
               </measurementScale>
            </attribute>
            <attribute id="1182190940903">
               <attributeName>Code</attributeName>
               <attributeDefinition>plot code</attributeDefinition>
               <measurementScale>
                  <nominal>
                     <nonNumericDomain>
                        <textDomain>
                           <definition>plot code</definition>
                        </textDomain>
                     </nonNumericDomain>
                  </nominal>
               </measurementScale>
            </attribute>
            <attribute id="1182190940913">
               <attributeName>X_G83</attributeName>
               <attributeDefinition>plot longitude in NAD83</attributeDefinition>
               <measurementScale>
                  <ratio>
                     <unit>
                        <standardUnit>degree</standardUnit>
                     </unit>
                     <precision>0.0001</precision>
                     <numericDomain>
                        <numberType>real</numberType>
                     </numericDomain>
                  </ratio>
               </measurementScale>
               <missingValueCode>
                  <code>NA</code>
                  <codeExplanation>missing value</codeExplanation>
               </missingValueCode>
            </attribute>
            <attribute id="1182190940923">
               <attributeName>Y_G83</attributeName>
               <attributeDefinition>plot latitude in NAD83</attributeDefinition>
               <measurementScale>
                  <ratio>
                     <unit>
                        <standardUnit>degree</standardUnit>
                     </unit>
                     <precision>0.0001</precision>
                     <numericDomain>
                        <numberType>real</numberType>
                     </numericDomain>
                  </ratio>
               </measurementScale>
               <missingValueCode>
                  <code>NA</code>
                  <codeExplanation>missing value</codeExplanation>
               </missingValueCode>
            </attribute>
            <attribute id="1182190940933">
               <attributeName>Date</attributeName>
               <attributeDefinition>date of sampling (not entered for 1999 data)</attributeDefinition>
               <measurementScale>
                  <dateTime>
                     <formatString>YYYY-MM-DD</formatString>
                  </dateTime>
               </measurementScale>
            </attribute>
            <attribute id="1182190940943">
               <attributeName>Fire</attributeName>
               <attributeDefinition>evidence of fire</attributeDefinition>
               <measurementScale>
                  <nominal>
                     <nonNumericDomain>
                        <enumeratedDomain>
                           <codeDefinition>
                              <code>0</code>
                              <definition>no</definition>
                           </codeDefinition>
                           <codeDefinition>
                              <code>1</code>
                              <definition>yes</definition>
                           </codeDefinition>
                        </enumeratedDomain>
                     </nonNumericDomain>
                  </nominal>
               </measurementScale>
            </attribute>
            <attribute id="1182190940953">
               <attributeName>Landuse</attributeName>
               <attributeDefinition>provisional land-use classification made in the field</attributeDefinition>
               <measurementScale>
                  <nominal>
                     <nonNumericDomain>
                        <enumeratedDomain>
                           <codeDefinition>
                              <code>Plowed</code>
                              <definition>Clear Ap horizon. Landuse categories = cultivated</definition>
                           </codeDefinition>
                           <codeDefinition>
                              <code>Disturbed</code>
                              <definition>A horizon disturbed less than10cm. Includes sites with non-agricultural soil disturbance, including storm overwash, military disturbance, open dunes, etc. Landuse categories = Young dune, Disturbed</definition>
                           </codeDefinition>
                           <codeDefinition>
                              <code>Open</code>
                              <definition>No evidence of soil disturbance and historical maps indicated areas that were formerly open. Landuse categories = Pasture, Open</definition>
                           </codeDefinition>
                           <codeDefinition>
                              <code>Woodlot</code>
                              <definition>No soil disturbance and historical maps indicate closed-canopy forest. Landuse categories = Mature dune, Woodland</definition>
                           </codeDefinition>
                        </enumeratedDomain>
                     </nonNumericDomain>
                  </nominal>
               </measurementScale>
            </attribute>
            <attribute id="1182190940963">
               <attributeName>Final Landuse</attributeName>
               <attributeDefinition>most conservative landuse designation</attributeDefinition>
               <measurementScale>
                  <nominal>
                     <nonNumericDomain>
                        <enumeratedDomain>
                           <codeDefinition>
                              <code>Plowed</code>
                              <definition>Clear Ap horizon. Landuse categories = cultivated</definition>
                           </codeDefinition>
                           <codeDefinition>
                              <code>Disturbed</code>
                              <definition>A horizon disturbed less than10cm. Includes sites with non-agricultural soil disturbance, including storm overwash, military disturbance, open dunes, etc. Landuse categories = Young dune, Disturbed</definition>
                           </codeDefinition>
                           <codeDefinition>
                              <code>Open</code>
                              <definition>No evidence of soil disturbance and historical maps indicated areas that were formerly open. Landuse categories = Pasture, Open</definition>
                           </codeDefinition>
                           <codeDefinition>
                              <code>Woodlot</code>
                              <definition>No soil disturbance and historical maps indicate closed-canopy forest. Landuse categories = Mature dune, Woodland</definition>
                           </codeDefinition>
                        </enumeratedDomain>
                     </nonNumericDomain>
                  </nominal>
               </measurementScale>
            </attribute>
            <attribute id="1182190940973">
               <attributeName>Ultimate Landuse</attributeName>
               <attributeDefinition>derived by comparing soils and vegetation data with the photos of soil profiles</attributeDefinition>
               <measurementScale>
                  <nominal>
                     <nonNumericDomain>
                        <enumeratedDomain>
                           <codeDefinition>
                              <code>Plowed</code>
                              <definition>Clear Ap horizon. Landuse categories = cultivated</definition>
                           </codeDefinition>
                           <codeDefinition>
                              <code>Disturbed</code>
                              <definition>A horizon disturbed less than10cm. Includes sites with non-agricultural soil disturbance, including storm overwash, military disturbance, open dunes, etc. Landuse categories = Young dune, Disturbed</definition>
                           </codeDefinition>
                           <codeDefinition>
                              <code>Open</code>
                              <definition>No evidence of soil disturbance and historical maps indicated areas that were formerly open. Landuse categories = Pasture, Open</definition>
                           </codeDefinition>
                           <codeDefinition>
                              <code>Woodlot</code>
                              <definition>No soil disturbance and historical maps indicate closed-canopy forest. Landuse categories = Mature dune, Woodland</definition>
                           </codeDefinition>
                        </enumeratedDomain>
                     </nonNumericDomain>
                  </nominal>
               </measurementScale>
            </attribute>
            <attribute id="1182190940983">
               <attributeName>Slope</attributeName>
               <attributeDefinition>slope position</attributeDefinition>
               <measurementScale>
                  <nominal>
                     <nonNumericDomain>
                        <enumeratedDomain>
                           <codeDefinition>
                              <code>1</code>
                              <definition>valley/depression</definition>
                           </codeDefinition>
                           <codeDefinition>
                              <code>2</code>
                              <definition>lower slope</definition>
                           </codeDefinition>
                           <codeDefinition>
                              <code>3</code>
                              <definition>midslope</definition>
                           </codeDefinition>
                           <codeDefinition>
                              <code>4</code>
                              <definition>upper slope</definition>
                           </codeDefinition>
                           <codeDefinition>
                              <code>5</code>
                              <definition>ridge/crest</definition>
                           </codeDefinition>
                           <codeDefinition>
                              <code>99</code>
                              <definition>flat upland</definition>
                           </codeDefinition>
                        </enumeratedDomain>
                     </nonNumericDomain>
                  </nominal>
               </measurementScale>
            </attribute>
            <attribute id="1182190940993">
               <attributeName>Aspect</attributeName>
               <attributeDefinition>aspect in degrees. Flat plots with no aspect were arbitrarily assigned 0.</attributeDefinition>
               <measurementScale>
                  <interval>
                     <unit>
                        <standardUnit>degree</standardUnit>
                     </unit>
                     <precision>1</precision>
                     <numericDomain>
                        <numberType>whole</numberType>
                     </numericDomain>
                  </interval>
               </measurementScale>
               <missingValueCode>
                  <code>NA</code>
                  <codeExplanation>missing value</codeExplanation>
               </missingValueCode>
            </attribute>
            <attribute id="1182190941003">
               <attributeName>TSI</attributeName>
               <attributeDefinition>terrain shape index calculated following McNab (1989)</attributeDefinition>
               <measurementScale>
                  <ratio>
                     <unit>
                        <standardUnit>number</standardUnit>
                     </unit>
                     <precision>0.001</precision>
                     <numericDomain>
                        <numberType>real</numberType>
                     </numericDomain>
                  </ratio>
               </measurementScale>
               <missingValueCode>
                  <code>NA</code>
                  <codeExplanation>missing value</codeExplanation>
               </missingValueCode>
            </attribute>
            <attribute id="1182190941013">
               <attributeName>LFI</attributeName>
               <attributeDefinition>landform index calculated following McNab (1993)</attributeDefinition>
               <measurementScale>
                  <ratio>
                     <unit>
                        <standardUnit>number</standardUnit>
                     </unit>
                     <precision>0.001</precision>
                     <numericDomain>
                        <numberType>real</numberType>
                     </numericDomain>
                  </ratio>
               </measurementScale>
               <missingValueCode>
                  <code>NA</code>
                  <codeExplanation>missing value</codeExplanation>
               </missingValueCode>
            </attribute>
            <attribute id="1182190941023">
               <attributeName>OI_max</attributeName>
               <attributeDefinition>depth of top of OI layer above top of mineral soil</attributeDefinition>
               <measurementScale>
                  <ratio>
                     <unit>
                        <standardUnit>centimeter</standardUnit>
                     </unit>
                     <precision>0.1</precision>
                     <numericDomain>
                        <numberType>real</numberType>
                     </numericDomain>
                  </ratio>
               </measurementScale>
               <missingValueCode>
                  <code>NA</code>
                  <codeExplanation>missing value</codeExplanation>
               </missingValueCode>
            </attribute>
            <attribute id="1182190941033">
               <attributeName>OE_max</attributeName>
               <attributeDefinition>depth of top of OE layer above top of mineral soil</attributeDefinition>
               <measurementScale>
                  <ratio>
                     <unit>
                        <standardUnit>centimeter</standardUnit>
                     </unit>
                     <precision>0.1</precision>
                     <numericDomain>
                        <numberType>real</numberType>
                     </numericDomain>
                  </ratio>
               </measurementScale>
               <missingValueCode>
                  <code>NA</code>
                  <codeExplanation>missing value</codeExplanation>
               </missingValueCode>
            </attribute>
            <attribute id="1182190941043">
               <attributeName>OA_max</attributeName>
               <attributeDefinition>depth of top of OA layer above top of mineral soil</attributeDefinition>
               <measurementScale>
                  <ratio>
                     <unit>
                        <standardUnit>centimeter</standardUnit>
                     </unit>
                     <precision>0.1</precision>
                     <numericDomain>
                        <numberType>real</numberType>
                     </numericDomain>
                  </ratio>
               </measurementScale>
               <missingValueCode>
                  <code>NA</code>
                  <codeExplanation>missing value</codeExplanation>
               </missingValueCode>
            </attribute>
            <attribute id="1182190941053">
               <attributeName>A_max</attributeName>
               <attributeDefinition>depth of top of A layer above top of mineral soil</attributeDefinition>
               <measurementScale>
                  <ratio>
                     <unit>
                        <standardUnit>centimeter</standardUnit>
                     </unit>
                     <precision>0.1</precision>
                     <numericDomain>
                        <numberType>real</numberType>
                     </numericDomain>
                  </ratio>
               </measurementScale>
               <missingValueCode>
                  <code>NA</code>
                  <codeExplanation>missing value</codeExplanation>
               </missingValueCode>
            </attribute>
            <attribute id="1182190941063">
               <attributeName>A_bound</attributeName>
               <attributeDefinition>A layer boundary characteristics (abbrev. of USDA terms)</attributeDefinition>
               <measurementScale>
                  <nominal>
                     <nonNumericDomain>
                        <textDomain>
                           <definition>A layer boundary characteristics (abbrev. of USDA terms)</definition>
                        </textDomain>
                     </nonNumericDomain>
                  </nominal>
               </measurementScale>
            </attribute>
            <attribute id="1182190941073">
               <attributeName>AP</attributeName>
               <attributeDefinition>presence of plow layer</attributeDefinition>
               <measurementScale>
                  <nominal>
                     <nonNumericDomain>
                        <enumeratedDomain>
                           <codeDefinition>
                              <code>0</code>
                              <definition>absent</definition>
                           </codeDefinition>
                           <codeDefinition>
                              <code>1</code>
                              <definition>present</definition>
                           </codeDefinition>
                        </enumeratedDomain>
                     </nonNumericDomain>
                  </nominal>
               </measurementScale>
            </attribute>
            <attribute id="1182190941083">
               <attributeName>E_max</attributeName>
               <attributeDefinition>depth of top of E layer above top of mineral soil</attributeDefinition>
               <measurementScale>
                  <ratio>
                     <unit>
                        <standardUnit>centimeter</standardUnit>
                     </unit>
                     <precision>0.1</precision>
                     <numericDomain>
                        <numberType>real</numberType>
                     </numericDomain>
                  </ratio>
               </measurementScale>
               <missingValueCode>
                  <code>NA</code>
                  <codeExplanation>missing value</codeExplanation>
               </missingValueCode>
            </attribute>
            <attribute id="1182190941093">
               <attributeName>E_bound</attributeName>
               <attributeDefinition>E layer boundary characteristics (abbreviations of standard USDA terms)</attributeDefinition>
               <measurementScale>
                  <nominal>
                     <nonNumericDomain>
                        <textDomain>
                           <definition>E layer boundary characteristics (abbreviations of standard USDA terms)</definition>
                        </textDomain>
                     </nonNumericDomain>
                  </nominal>
               </measurementScale>
            </attribute>
            <attribute id="1182190941103">
               <attributeName>Surf_stone</attributeName>
               <attributeDefinition>% surface stone for entire plot</attributeDefinition>
               <measurementScale>
                  <ratio>
                     <unit>
                        <standardUnit>dimensionless</standardUnit>
                     </unit>
                     <precision>1</precision>
                     <numericDomain>
                        <numberType>whole</numberType>
                     </numericDomain>
                  </ratio>
               </measurementScale>
               <missingValueCode>
                  <code>NA</code>
                  <codeExplanation>missing value</codeExplanation>
               </missingValueCode>
            </attribute>
            <attribute id="1182190941113">
               <attributeName>Gravel</attributeName>
               <attributeDefinition>% gravel in face of soil pit</attributeDefinition>
               <measurementScale>
                  <ratio>
                     <unit>
                        <standardUnit>dimensionless</standardUnit>
                     </unit>
                     <precision>0.1</precision>
                     <numericDomain>
                        <numberType>real</numberType>
                     </numericDomain>
                  </ratio>
               </measurementScale>
               <missingValueCode>
                  <code>NA</code>
                  <codeExplanation>missing value</codeExplanation>
               </missingValueCode>
            </attribute>
            <attribute id="1182190941123">
               <attributeName>Cobble</attributeName>
               <attributeDefinition>% cobble in face of soil pit</attributeDefinition>
               <measurementScale>
                  <ratio>
                     <unit>
                        <standardUnit>dimensionless</standardUnit>
                     </unit>
                     <precision>0.1</precision>
                     <numericDomain>
                        <numberType>real</numberType>
                     </numericDomain>
                  </ratio>
               </measurementScale>
               <missingValueCode>
                  <code>NA</code>
                  <codeExplanation>missing value</codeExplanation>
               </missingValueCode>
            </attribute>
            <attribute id="1182190941133">
               <attributeName>Stone</attributeName>
               <attributeDefinition>% stone in face of soil pit</attributeDefinition>
               <measurementScale>
                  <ratio>
                     <unit>
                        <standardUnit>dimensionless</standardUnit>
                     </unit>
                     <precision>1</precision>
                     <numericDomain>
                        <numberType>whole</numberType>
                     </numericDomain>
                  </ratio>
               </measurementScale>
               <missingValueCode>
                  <code>NA</code>
                  <codeExplanation>missing value</codeExplanation>
               </missingValueCode>
            </attribute>
            <attribute id="1182190941143">
               <attributeName>Notes</attributeName>
               <attributeDefinition>notes. Includes unusual soil profiles.</attributeDefinition>
               <measurementScale>
                  <nominal>
                     <nonNumericDomain>
                        <textDomain>
                           <definition>notes. Includes unusual soil profiles.</definition>
                        </textDomain>
                     </nonNumericDomain>
                  </nominal>
               </measurementScale>
            </attribute>
         </attributeList>
         <numberOfRecords>776</numberOfRecords>
      </dataTable>
      <dataTable id="hf044-04">
         <entityName>hf044-04-soil.csv</entityName>
         <entityDescription>soil chemistry</entityDescription>
         <physical id="1182192327857">
            <objectName>hf044-04-soil.csv</objectName>
            <dataFormat>
               <textFormat>
                  <numHeaderLines>1</numHeaderLines>
                  <recordDelimiter>\r\n</recordDelimiter>
                  <attributeOrientation>column</attributeOrientation>
                  <simpleDelimited>
                     <fieldDelimiter>,</fieldDelimiter>
                  </simpleDelimited>
               </textFormat>
            </dataFormat>
            <distribution>
               <online>
                  <url function="download">http://harvardforest.fas.harvard.edu/data/p04/hf044/hf044-04-soil.csv</url>
               </online>
            </distribution>
         </physical>
         <attributeList>
            <attribute id="1182192330311">
               <attributeName>Code</attributeName>
               <attributeDefinition>plot code (see plot locations)</attributeDefinition>
               <measurementScale>
                  <nominal>
                     <nonNumericDomain>
                        <textDomain>
                           <definition>plot code</definition>
                        </textDomain>
                     </nonNumericDomain>
                  </nominal>
               </measurementScale>
            </attribute>
            <attribute id="1182192330321">
               <attributeName>Clay</attributeName>
               <attributeDefinition>% clay</attributeDefinition>
               <measurementScale>
                  <ratio>
                     <unit>
                        <standardUnit>dimensionless</standardUnit>
                     </unit>
                     <precision>0.01</precision>
                     <numericDomain>
                        <numberType>real</numberType>
                     </numericDomain>
                  </ratio>
               </measurementScale>
               <missingValueCode>
                  <code>NA</code>
                  <codeExplanation>missing value</codeExplanation>
               </missingValueCode>
            </attribute>
            <attribute id="1182192330331">
               <attributeName>Silt</attributeName>
               <attributeDefinition>% silt</attributeDefinition>
               <measurementScale>
                  <ratio>
                     <unit>
                        <standardUnit>dimensionless</standardUnit>
                     </unit>
                     <precision>0.01</precision>
                     <numericDomain>
                        <numberType>real</numberType>
                     </numericDomain>
                  </ratio>
               </measurementScale>
               <missingValueCode>
                  <code>NA</code>
                  <codeExplanation>missing value</codeExplanation>
               </missingValueCode>
            </attribute>
            <attribute id="1182192330341">
               <attributeName>Silt_Clay</attributeName>
               <attributeDefinition>% silt clay</attributeDefinition>
               <measurementScale>
                  <ratio>
                     <unit>
                        <standardUnit>dimensionless</standardUnit>
                     </unit>
                     <precision>0.1</precision>
                     <numericDomain>
                        <numberType>real</numberType>
                     </numericDomain>
                  </ratio>
               </measurementScale>
               <missingValueCode>
                  <code>NA</code>
                  <codeExplanation>missing value</codeExplanation>
               </missingValueCode>
            </attribute>
            <attribute id="1182192330351">
               <attributeName>Sand</attributeName>
               <attributeDefinition>% sand</attributeDefinition>
               <measurementScale>
                  <ratio>
                     <unit>
                        <standardUnit>dimensionless</standardUnit>
                     </unit>
                     <precision>0.1</precision>
                     <numericDomain>
                        <numberType>real</numberType>
                     </numericDomain>
                  </ratio>
               </measurementScale>
               <missingValueCode>
                  <code>NA</code>
                  <codeExplanation>missing value</codeExplanation>
               </missingValueCode>
            </attribute>
            <attribute id="1182192330361">
               <attributeName>TEC</attributeName>
               <attributeDefinition>total exchange capacity (M.E./100g)</attributeDefinition>
               <measurementScale>
                  <ratio>
                     <unit>
                        <standardUnit>number</standardUnit>
                     </unit>
                     <precision>0.01</precision>
                     <numericDomain>
                        <numberType>real</numberType>
                     </numericDomain>
                  </ratio>
               </measurementScale>
               <missingValueCode>
                  <code>NA</code>
                  <codeExplanation>missing value</codeExplanation>
               </missingValueCode>
            </attribute>
            <attribute id="1182192330371">
               <attributeName>pH</attributeName>
               <attributeDefinition>pH (H20 1:1)</attributeDefinition>
               <measurementScale>
                  <ratio>
                     <unit>
                        <standardUnit>number</standardUnit>
                     </unit>
                     <precision>0.1</precision>
                     <numericDomain>
                        <numberType>real</numberType>
                     </numericDomain>
                  </ratio>
               </measurementScale>
               <missingValueCode>
                  <code>NA</code>
                  <codeExplanation>missing value</codeExplanation>
               </missingValueCode>
            </attribute>
            <attribute id="1182192330381">
               <attributeName>OM</attributeName>
               <attributeDefinition>total organic matter (% humus)</attributeDefinition>
               <measurementScale>
                  <ratio>
                     <unit>
                        <standardUnit>dimensionless</standardUnit>
                     </unit>
                     <precision>0.01</precision>
                     <numericDomain>
                        <numberType>real</numberType>
                     </numericDomain>
                  </ratio>
               </measurementScale>
               <missingValueCode>
                  <code>NA</code>
                  <codeExplanation>missing value</codeExplanation>
               </missingValueCode>
            </attribute>
            <attribute id="1182192330391">
               <attributeName>S_ppm</attributeName>
               <attributeDefinition>soluble sulfur (ppm)</attributeDefinition>
               <measurementScale>
                  <ratio>
                     <unit>
                        <standardUnit>number</standardUnit>
                     </unit>
                     <precision>1</precision>
                     <numericDomain>
                        <numberType>natural</numberType>
                     </numericDomain>
                  </ratio>
               </measurementScale>
               <missingValueCode>
                  <code>NA</code>
                  <codeExplanation>missing value</codeExplanation>
               </missingValueCode>
            </attribute>
            <attribute id="1182192330401">
               <attributeName>EE_ppm</attributeName>
               <attributeDefinition>easily extractable P in ppm of P</attributeDefinition>
               <measurementScale>
                  <ratio>
                     <unit>
                        <standardUnit>number</standardUnit>
                     </unit>
                     <precision>1</precision>
                     <numericDomain>
                        <numberType>natural</numberType>
                     </numericDomain>
                  </ratio>
               </measurementScale>
               <missingValueCode>
                  <code>NA</code>
                  <codeExplanation>missing value</codeExplanation>
               </missingValueCode>
            </attribute>
            <attribute id="1182192330411">
               <attributeName>Ca_pct</attributeName>
               <attributeDefinition>base saturation % Ca</attributeDefinition>
               <measurementScale>
                  <ratio>
                     <unit>
                        <standardUnit>dimensionless</standardUnit>
                     </unit>
                     <precision>1</precision>
                     <numericDomain>
                        <numberType>whole</numberType>
                     </numericDomain>
                  </ratio>
               </measurementScale>
               <missingValueCode>
                  <code>NA</code>
                  <codeExplanation>missing value</codeExplanation>
               </missingValueCode>
            </attribute>
            <attribute id="1182192330421">
               <attributeName>Mg_pct</attributeName>
               <attributeDefinition>base saturation % MG</attributeDefinition>
               <measurementScale>
                  <ratio>
                     <unit>
                        <standardUnit>dimensionless</standardUnit>
                     </unit>
                     <precision>1</precision>
                     <numericDomain>
                        <numberType>real</numberType>
                     </numericDomain>
                  </ratio>
               </measurementScale>
               <missingValueCode>
                  <code>NA</code>
                  <codeExplanation>missing value</codeExplanation>
               </missingValueCode>
            </attribute>
            <attribute id="1182192330431">
               <attributeName>K_pct</attributeName>
               <attributeDefinition>base saturation % K</attributeDefinition>
               <measurementScale>
                  <ratio>
                     <unit>
                        <standardUnit>dimensionless</standardUnit>
                     </unit>
                     <precision>1</precision>
                     <numericDomain>
                        <numberType>whole</numberType>
                     </numericDomain>
                  </ratio>
               </measurementScale>
               <missingValueCode>
                  <code>NA</code>
                  <codeExplanation>missing value</codeExplanation>
               </missingValueCode>
            </attribute>
            <attribute id="1182192330441">
               <attributeName>Na_pct</attributeName>
               <attributeDefinition>base saturation % Na</attributeDefinition>
               <measurementScale>
                  <ratio>
                     <unit>
                        <standardUnit>dimensionless</standardUnit>
                     </unit>
                     <precision>1</precision>
                     <numericDomain>
                        <numberType>real</numberType>
                     </numericDomain>
                  </ratio>
               </measurementScale>
               <missingValueCode>
                  <code>NA</code>
                  <codeExplanation>missing value</codeExplanation>
               </missingValueCode>
            </attribute>
            <attribute id="1182192330451">
               <attributeName>B_ppm</attributeName>
               <attributeDefinition>ppm minor cations</attributeDefinition>
               <measurementScale>
                  <ratio>
                     <unit>
                        <standardUnit>number</standardUnit>
                     </unit>
                     <precision>0.01</precision>
                     <numericDomain>
                        <numberType>real</numberType>
                     </numericDomain>
                  </ratio>
               </measurementScale>
               <missingValueCode>
                  <code>NA</code>
                  <codeExplanation>missing value</codeExplanation>
               </missingValueCode>
            </attribute>
            <attribute id="1182192330461">
               <attributeName>Fe_ppm</attributeName>
               <attributeDefinition>ppm Fe</attributeDefinition>
               <measurementScale>
                  <ratio>
                     <unit>
                        <standardUnit>number</standardUnit>
                     </unit>
                     <precision>1</precision>
                     <numericDomain>
                        <numberType>natural</numberType>
                     </numericDomain>
                  </ratio>
               </measurementScale>
               <missingValueCode>
                  <code>NA</code>
                  <codeExplanation>missing value</codeExplanation>
               </missingValueCode>
            </attribute>
            <attribute id="1182192330471">
               <attributeName>Mn_ppm</attributeName>
               <attributeDefinition>ppm Mn</attributeDefinition>
               <measurementScale>
                  <ratio>
                     <unit>
                        <standardUnit>number</standardUnit>
                     </unit>
                     <precision>0.1</precision>
                     <numericDomain>
                        <numberType>real</numberType>
                     </numericDomain>
                  </ratio>
               </measurementScale>
               <missingValueCode>
                  <code>NA</code>
                  <codeExplanation>missing value</codeExplanation>
               </missingValueCode>
            </attribute>
            <attribute id="1182192330481">
               <attributeName>Cu_ppm</attributeName>
               <attributeDefinition>ppm Cu</attributeDefinition>
               <measurementScale>
                  <ratio>
                     <unit>
                        <standardUnit>number</standardUnit>
                     </unit>
                     <precision>0.01</precision>
                     <numericDomain>
                        <numberType>real</numberType>
                     </numericDomain>
                  </ratio>
               </measurementScale>
               <missingValueCode>
                  <code>NA</code>
                  <codeExplanation>missing value</codeExplanation>
               </missingValueCode>
            </attribute>
            <attribute id="1182192330491">
               <attributeName>Zn_ppm</attributeName>
               <attributeDefinition>ppm Zn</attributeDefinition>
               <measurementScale>
                  <ratio>
                     <unit>
                        <standardUnit>number</standardUnit>
                     </unit>
                     <precision>0.01</precision>
                     <numericDomain>
                        <numberType>real</numberType>
                     </numericDomain>
                  </ratio>
               </measurementScale>
               <missingValueCode>
                  <code>NA</code>
                  <codeExplanation>missing value</codeExplanation>
               </missingValueCode>
            </attribute>
            <attribute id="1182192330501">
               <attributeName>Al_ppm</attributeName>
               <attributeDefinition>ppm Al</attributeDefinition>
               <measurementScale>
                  <ratio>
                     <unit>
                        <standardUnit>number</standardUnit>
                     </unit>
                     <precision>1</precision>
                     <numericDomain>
                        <numberType>natural</numberType>
                     </numericDomain>
                  </ratio>
               </measurementScale>
               <missingValueCode>
                  <code>NA</code>
                  <codeExplanation>missing value</codeExplanation>
               </missingValueCode>
            </attribute>
         </attributeList>
         <numberOfRecords>774</numberOfRecords>
      </dataTable>
      <dataTable id="hf044-05">
         <entityName>hf044-05-cover.csv</entityName>
         <entityDescription>plant cover</entityDescription>
         <physical id="1238607322324">
            <objectName>hf044-05-cover.csv</objectName>
            <dataFormat>
               <textFormat>
                  <numHeaderLines>1</numHeaderLines>
                  <recordDelimiter>\r\n</recordDelimiter>
                  <attributeOrientation>column</attributeOrientation>
                  <simpleDelimited>
                     <fieldDelimiter>,</fieldDelimiter>
                  </simpleDelimited>
               </textFormat>
            </dataFormat>
            <distribution>
               <online>
                  <url function="download">http://harvardforest.fas.harvard.edu/data/p04/hf044/hf044-05-cover.csv</url>
               </online>
            </distribution>
         </physical>
         <attributeList>
            <attribute id="1238607323277">
               <attributeName>Plot.Code</attributeName>
               <attributeDefinition>plot code</attributeDefinition>
               <measurementScale>
                  <nominal>
                     <nonNumericDomain>
                        <textDomain>
                           <definition>plot code</definition>
                        </textDomain>
                     </nonNumericDomain>
                  </nominal>
               </measurementScale>
            </attribute>
            <attribute id="1238607323293">
               <attributeName>Species</attributeName>
               <attributeDefinition>species code</attributeDefinition>
               <measurementScale>
                  <nominal>
                     <nonNumericDomain>
                        <textDomain>
                           <definition>species code</definition>
                        </textDomain>
                     </nonNumericDomain>
                  </nominal>
               </measurementScale>
            </attribute>
            <attribute id="1238607323309">
               <attributeName>Cover.Code</attributeName>
               <attributeDefinition>cover code</attributeDefinition>
               <measurementScale>
                  <nominal>
                     <nonNumericDomain>
                        <enumeratedDomain>
                           <codeDefinition>
                              <code>1</code>
                              <definition>less than 1%</definition>
                           </codeDefinition>
                           <codeDefinition>
                              <code>2</code>
                              <definition>1-3%</definition>
                           </codeDefinition>
                           <codeDefinition>
                              <code>3</code>
                              <definition>3-5%</definition>
                           </codeDefinition>
                           <codeDefinition>
                              <code>4</code>
                              <definition>6-15%</definition>
                           </codeDefinition>
                           <codeDefinition>
                              <code>5</code>
                              <definition>16-25%</definition>
                           </codeDefinition>
                           <codeDefinition>
                              <code>6</code>
                              <definition>26-50%</definition>
                           </codeDefinition>
                           <codeDefinition>
                              <code>7</code>
                              <definition>51-75%</definition>
                           </codeDefinition>
                           <codeDefinition>
                              <code>8</code>
                              <definition>more than 75%</definition>
                           </codeDefinition>
                        </enumeratedDomain>
                     </nonNumericDomain>
                  </nominal>
               </measurementScale>
            </attribute>
         </attributeList>
         <numberOfRecords>381016</numberOfRecords>
      </dataTable>
      <dataTable id="hf044-06">
         <entityName>hf044-06-tree-diam.csv</entityName>
         <entityDescription>tree diameter</entityDescription>
         <physical id="1182277811571">
            <objectName>hf044-06-tree-diam.csv</objectName>
            <dataFormat>
               <textFormat>
                  <numHeaderLines>1</numHeaderLines>
                  <recordDelimiter>\r\n</recordDelimiter>
                  <attributeOrientation>column</attributeOrientation>
                  <simpleDelimited>
                     <fieldDelimiter>,</fieldDelimiter>
                  </simpleDelimited>
               </textFormat>
            </dataFormat>
            <distribution>
               <online>
                  <url function="download">http://harvardforest.fas.harvard.edu/data/p04/hf044/hf044-06-tree-diam.csv</url>
               </online>
            </distribution>
         </physical>
         <attributeList>
            <attribute id="1182277812502">
               <attributeName>Location</attributeName>
               <attributeDefinition>location code (see plot locations)</attributeDefinition>
               <measurementScale>
                  <nominal>
                     <nonNumericDomain>
                        <textDomain>
                           <definition>location code</definition>
                        </textDomain>
                     </nonNumericDomain>
                  </nominal>
               </measurementScale>
            </attribute>
            <attribute id="1182277812512">
               <attributeName>Plot</attributeName>
               <attributeDefinition>plot number</attributeDefinition>
               <measurementScale>
                  <nominal>
                     <nonNumericDomain>
                        <textDomain>
                           <definition>plot number</definition>
                        </textDomain>
                     </nonNumericDomain>
                  </nominal>
               </measurementScale>
            </attribute>
            <attribute id="1182277812522">
               <attributeName>Code</attributeName>
               <attributeDefinition>plot code</attributeDefinition>
               <measurementScale>
                  <nominal>
                     <nonNumericDomain>
                        <textDomain>
                           <definition>plot code</definition>
                        </textDomain>
                     </nonNumericDomain>
                  </nominal>
               </measurementScale>
            </attribute>
            <attribute id="1182277812542">
               <attributeName>Species</attributeName>
               <attributeDefinition>species code</attributeDefinition>
               <measurementScale>
                  <nominal>
                     <nonNumericDomain>
                        <textDomain>
                           <definition>specis code</definition>
                        </textDomain>
                     </nonNumericDomain>
                  </nominal>
               </measurementScale>
            </attribute>
            <attribute id="1182277812552">
               <attributeName>TreeID</attributeName>
               <attributeDefinition>tree ID number</attributeDefinition>
               <measurementScale>
                  <nominal>
                     <nonNumericDomain>
                        <textDomain>
                           <definition>tree ID number</definition>
                        </textDomain>
                     </nonNumericDomain>
                  </nominal>
               </measurementScale>
            </attribute>
            <attribute id="1182277812562">
               <attributeName>Dbh</attributeName>
               <attributeDefinition>diameter</attributeDefinition>
               <measurementScale>
                  <interval>
                     <unit>
                        <standardUnit>centimeter</standardUnit>
                     </unit>
                     <precision>0.1</precision>
                     <numericDomain>
                        <numberType>real</numberType>
                     </numericDomain>
                  </interval>
               </measurementScale>
               <missingValueCode>
                  <code>NA</code>
                  <codeExplanation>missing value</codeExplanation>
               </missingValueCode>
            </attribute>
            <attribute id="1182277812572">
               <attributeName>Coppice</attributeName>
               <attributeDefinition>coppice</attributeDefinition>
               <measurementScale>
                  <nominal>
                     <nonNumericDomain>
                        <enumeratedDomain>
                           <codeDefinition>
                              <code>N</code>
                              <definition>no</definition>
                           </codeDefinition>
                           <codeDefinition>
                              <code>Y</code>
                              <definition>yes</definition>
                           </codeDefinition>
                        </enumeratedDomain>
                     </nonNumericDomain>
                  </nominal>
               </measurementScale>
            </attribute>
            <attribute id="1182277812582">
               <attributeName>Dead</attributeName>
               <attributeDefinition>dead</attributeDefinition>
               <measurementScale>
                  <nominal>
                     <nonNumericDomain>
                        <enumeratedDomain>
                           <codeDefinition>
                              <code>N</code>
                              <definition>no</definition>
                           </codeDefinition>
                           <codeDefinition>
                              <code>Y</code>
                              <definition>yes</definition>
                           </codeDefinition>
                        </enumeratedDomain>
                     </nonNumericDomain>
                  </nominal>
               </measurementScale>
            </attribute>
         </attributeList>
         <numberOfRecords>21609</numberOfRecords>
      </dataTable>
      <dataTable id="hf044-07">
         <entityName>hf044-07-tree-core.csv</entityName>
         <entityDescription>tree core</entityDescription>
         <physical id="1182279630567">
            <objectName>hf044-07-tree-core.csv</objectName>
            <dataFormat>
               <textFormat>
                  <numHeaderLines>1</numHeaderLines>
                  <recordDelimiter>\r\n</recordDelimiter>
                  <attributeOrientation>column</attributeOrientation>
                  <simpleDelimited>
                     <fieldDelimiter>,</fieldDelimiter>
                  </simpleDelimited>
               </textFormat>
            </dataFormat>
            <distribution>
               <online>
                  <url function="download">http://harvardforest.fas.harvard.edu/data/p04/hf044/hf044-07-tree-core.csv</url>
               </online>
            </distribution>
         </physical>
         <attributeList>
            <attribute id="1182279631508">
               <attributeName>Location</attributeName>
               <attributeDefinition>location code (see plot locations)</attributeDefinition>
               <measurementScale>
                  <nominal>
                     <nonNumericDomain>
                        <textDomain>
                           <definition>location code</definition>
                        </textDomain>
                     </nonNumericDomain>
                  </nominal>
               </measurementScale>
            </attribute>
            <attribute id="1182279631518">
               <attributeName>Plot</attributeName>
               <attributeDefinition>plot number</attributeDefinition>
               <measurementScale>
                  <nominal>
                     <nonNumericDomain>
                        <textDomain>
                           <definition>plot number</definition>
                        </textDomain>
                     </nonNumericDomain>
                  </nominal>
               </measurementScale>
            </attribute>
            <attribute id="1182279631528">
               <attributeName>Core</attributeName>
               <attributeDefinition>core number</attributeDefinition>
               <measurementScale>
                  <nominal>
                     <nonNumericDomain>
                        <textDomain>
                           <definition>core number</definition>
                        </textDomain>
                     </nonNumericDomain>
                  </nominal>
               </measurementScale>
            </attribute>
            <attribute id="1182279631538">
               <attributeName>Species</attributeName>
               <attributeDefinition>species code (see species list)</attributeDefinition>
               <measurementScale>
                  <nominal>
                     <nonNumericDomain>
                        <textDomain>
                           <definition>species code</definition>
                        </textDomain>
                     </nonNumericDomain>
                  </nominal>
               </measurementScale>
            </attribute>
            <attribute id="1182279631548">
               <attributeName>Dbh</attributeName>
               <attributeDefinition>diameter</attributeDefinition>
               <measurementScale>
                  <interval>
                     <unit>
                        <standardUnit>centimeter</standardUnit>
                     </unit>
                     <precision>0.1</precision>
                     <numericDomain>
                        <numberType>real</numberType>
                     </numericDomain>
                  </interval>
               </measurementScale>
               <missingValueCode>
                  <code>NA</code>
                  <codeExplanation>missing value</codeExplanation>
               </missingValueCode>
            </attribute>
            <attribute id="1182279631558">
               <attributeName>Rings</attributeName>
               <attributeDefinition>number of annual rings actually visible. No correction was made for cores that did not intersect the pith.</attributeDefinition>
               <measurementScale>
                  <ratio>
                     <unit>
                        <standardUnit>number</standardUnit>
                     </unit>
                     <precision>1</precision>
                     <numericDomain>
                        <numberType>natural</numberType>
                     </numericDomain>
                  </ratio>
               </measurementScale>
               <missingValueCode>
                  <code>NA</code>
                  <codeExplanation>missing value</codeExplanation>
               </missingValueCode>
            </attribute>
            <attribute id="1182279631568">
               <attributeName>Notes</attributeName>
               <attributeDefinition>notes</attributeDefinition>
               <measurementScale>
                  <nominal>
                     <nonNumericDomain>
                        <textDomain>
                           <definition>notes</definition>
                        </textDomain>
                     </nonNumericDomain>
                  </nominal>
               </measurementScale>
            </attribute>
         </attributeList>
         <numberOfRecords>971</numberOfRecords>
      </dataTable>
   </dataset>
   <additionalMetadata>
      <metadata>
         <additionalClassifications>
            <status>completed</status>
            <researchTopic>community</researchTopic>
            <researchTopic>regional</researchTopic>
            <researchTopic>soil</researchTopic>
            <studyType>short-term measurement</studyType>
         </additionalClassifications>
      </metadata>
   </additionalMetadata>
</eml:eml>