<eml:eml xmlns:eml="eml://ecoinformatics.org/eml-2.1.1" xmlns:ns2="http://www.xml-cml.org/schema/stmml-1.1" xmlns:xsi="http://www.w3.org/2001/XMLSchema-instance" packageId="knb-lter-vcr.169.17" system="VCR" xsi:schemaLocation="eml://ecoinformatics.org/eml-2.1.1 http://nis.lternet.edu/schemas/EML/eml-2.1.1/eml.xsd">
   <access authSystem="knb" order="allowFirst">
      <allow>
         <principal>public</principal>
         <permission>read</permission>
      </allow>
      <allow>
         <principal>uid=VCR,o=lter,dc=ecoinformatics,dc=org</principal>
         <permission>all</permission>
      </allow>
   </access>

<dataset id="169" system="VCR">
   <alternateIdentifier>VCR09161</alternateIdentifier>
   <title>End of Year Biomass for the 2nd UPC Inundation Experiment  in Upper Phillips Creek marsh 1999-2008</title>
   <creator>
      <individualName>
         <salutation>Dr.</salutation>
         <givenName>Robert</givenName>
         <surName>Christian</surName>
      </individualName>
      <address>
         <deliveryPoint>East Carolina University, Department of Biology</deliveryPoint>
         <city>Greenville</city>
         <administrativeArea>NC</administrativeArea>
         <postalCode>27858-4353</postalCode>
      </address>
      <phone phonetype="voice">(252) 328-1835</phone>
      <phone phonetype="facsimile">(252) 328-4178</phone>
      <electronicMailAddress>christianr@ecu.edu</electronicMailAddress>
      <userId directory="http://www.vcrlter.virginia.edu/cgi-bin/w3e/msql/personnel/msql2/person.html?QID=">rchristian</userId>
   </creator>
   <metadataProvider>
      <organizationName>Virginia Coast Reserve Long-Term Ecological Research Project</organizationName>
      <address>
         <deliveryPoint>Department of Environmental Sciences, University of Virginia, 291 McCormick Road, PO Box 400123</deliveryPoint>
         <city>Charlottesville</city>
         <administrativeArea>VA</administrativeArea>
         <postalCode>22904-4123</postalCode>
         <country>USA</country>
      </address>
      <phone phonetype="voice">434-924-7761</phone>
      <phone phonetype="facsimile">434-982-2137</phone>
      <onlineUrl>http://www.vcrlter.virginia.edu</onlineUrl>
   </metadataProvider>
   <pubDate>2009-12-31</pubDate>
   <abstract>
  <para>The objective of this study is to determine the effect of increasing inundation on healthy (in-tack turf) and unhealthy (hollow and hummock topography) high marsh habitat.</para>
  <para>Brinson et al. (1995) developed a model representing the change that occurs in ecosystem state (or habitat type) along the shorezone, from the forest -&gt; high marsh -&gt; low marsh -&gt; mud flat, in response to the increased inundation caused by rising sea-level. They suggested that a seaward shift in ecosystem state is largely dependent on local slope and sediment supply. The states are associated with the dominant vegetation found within each. The most seaward (lowest in elevation) state is the mud flat. It is frequently inundated by tide and typically supports algal species. The next landward state is the mineral low marsh; it is dominated by Spartina alterniflora and is typically flooded at high tide. Sediments here may be largely mineral in origin. The next landward state is the high marsh; it may be dominated by S. patens, Distichlis spicata, and Juncus roemerianus. It is occasionally inundated by high tides and the soil is usually organic. The transition zone between the high marsh and the forest is typically dominated by Iva frutescens, Baccharis hamifolia, and Juniperus virginiana. It is only inundated during severe storm surges. The forest may be dominated by either pines or hardwoods and is again flooded with sea water only by storm surges. Goals: The goal of this long-term project is to evaluate how sea-level rise affects marsh evolution and ecosystem state change. Seventeen sites along Virginia's eastern shore have been selected to study marsh evolution on both the mainland and the barrier islands. These sites will be available for long-term seasonal to annual observations. Some sites will also be available for experimentation and short-term studies. The initial project is to establish initial site characteristics.</para>
   </abstract>
   <keywordSet>
      <keyword keywordType="theme">Primary Production</keyword>
      <keywordThesaurus>LTERCoreAreas</keywordThesaurus>
   </keywordSet>
   <keywordSet>
      <keyword keywordType="theme">System State/Condition</keyword>
      <keywordThesaurus>VCRLTERCoreAreas</keywordThesaurus>
   </keywordSet>
   <keywordSet>
      <keyword keywordType="theme">biomass</keyword>
      <keyword keywordType="theme">salt marshes</keyword>
   </keywordSet>
   <additionalInfo>
<section>
<title>Relevant URLs</title>
<para><orderedlist>
<listitem><para>
Google Map of EOYB  and Phillips Creek marsh locations) 
URL=http://maps.google.com/maps/ms?ie=UTF8&amp;hl=en&amp;vps=2&amp;jsv=165c&amp;oe=UTF8&amp;msa=0&amp;msid=104835985890129574122.00046da59a9a2009d3bc2
</para></listitem>
</orderedlist>
</para>
</section>
<section> 
 <title>Related Documents</title>
  <para>Brinson, M.M., R.R. Christian, and L.K. Blum. 1995. Multiple states in the sea-level induced transition from terrestrial forest to estuary. Estuaries 18:648-659.</para>
</section>

   </additionalInfo>
   <intellectualRights>
            <section>
                <title>Data License</title>
                <para>Data and documentation is copyrighted by The Virginia Coast Reserve LTER
                    project of the University of Virginia (UVA), and ownership remains with the UVA.</para>
                <para>The UVA grants you (hereafter, Licensee) a license to use the data and
                    documentation for academic, and research purposes only, without a fee.</para>
                <para>Licensee may make derivative works. However, if Licensee distributes any
                    derivative work based on or derived from the data and documentation, then
                    Licensee will</para>
                <para>
                    <orderedlist>
                        <listitem>
                            <para>notify the VCR/LTER designated contact (typically the investigator
                                who collected the data) regarding its distribution of the derivative
                                work, and</para>
                        </listitem>
                        <listitem>
                            <para>clearly notify users that such derivative work is a modified
                                version and not the original data and documentation distributed by
                                the UVA.</para>
                        </listitem>
                        <listitem>
                            <para>acknowledge the support of NSF Grants BSR-8702333-06, DEB-9211772,
                                DEB-9411974, DEB-0080381 and DEB-0621014 in any publications using the data and documentation.</para>
                        </listitem>
                        <listitem>
                            <para>send to the address, above, two reprints of any publications
                                resulting from use of the data and documentation. </para>
                        </listitem>
                    </orderedlist>
                </para>
                <para>Any Licensee wishing to make commercial use of the data and documentation
                    should contact the UVA, c/o VCR/LTER, to negotiate an appropriate license for
                    such commercial use. Commercial use includes</para>
                <para>
                    <orderedlist>
                        <listitem>
                            <para>integration of all or part of the data and documentation into a
                                product for sale or license by or on behalf of Licensee to third
                                parties, or</para>
                        </listitem>
                        <listitem>
                            <para> distribution of the data or documentation to third parties that
                                need it to utilize a commercial product sold or licensed by or on
                                behalf of Licensee.</para>
                        </listitem>
                    </orderedlist>
                </para>
                <para>
                    <emphasis>UVA MAKES NO REPRESENTATIONS ABOUT THE SUITABILITY OF THIS DATA AND
                        DOCUMENTATION FOR ANY PURPOSE. IT IS PROVIDED "AS IS" WITHOUT EXPRESS OR
                        IMPLIED WARRANTY. THE UVA SHALL NOT BE LIABLE FOR ANY DAMAGES SUFFERED BY
                        THE USERS OF THIS DATA AND DOCUMENTATION.</emphasis>
                </para>
                <para>By using or copying this data and documentation, Licensee agrees to abide by
                    the copyright law and all other applicable laws of the U.S. including, but not
                    limited to, export control laws, and the terms of this license. UVA shall have
                    the right to terminate this license immediately by written notice upon
                    Licensee's breach of, or non-compliance with, any of its terms. Licensee may be
                    held legally responsible for any copyright infringement that is caused or
                    encouraged by Licensee's failure to abide by the terms of this license. </para>
            </section>
      <section>
<title>Additional Disclaimers:</title>
  <para>Sorting, drying, weighing and data entry for all the samples requires approximately 1 year of work after sample collection. Data becomes publically available 2 years after processing of all samples for a year is completed.</para>
      </section>
   </intellectualRights>
   <coverage>
      <geographicCoverage>
         <geographicDescription>UPC_inund2 - Upper Phillips Creek Inundation experiment 2</geographicDescription>
         <boundingCoordinates>
            <westBoundingCoordinate>-75.83495378494263</westBoundingCoordinate>
            <eastBoundingCoordinate>-75.83495378494263</eastBoundingCoordinate>
            <northBoundingCoordinate>37.46154357644307</northBoundingCoordinate>
            <southBoundingCoordinate>37.46154357644307</southBoundingCoordinate>
         </boundingCoordinates>
      </geographicCoverage>
      <temporalCoverage>
         <rangeOfDates>
            <beginDate>
               <calendarDate>1999-09-01</calendarDate>
            </beginDate>
            <endDate>
               <calendarDate>2008-09-30</calendarDate>
            </endDate>
         </rangeOfDates>
      </temporalCoverage>
   </coverage>
   <maintenance>
      <description>
<para>Data are updated as needed</para>
      </description>
      <maintenanceUpdateFrequency>asNeeded</maintenanceUpdateFrequency>
   </maintenance>
   <contact>
      <individualName>
         <salutation>Dr.</salutation>
         <givenName>Robert</givenName>
         <surName>Christian</surName>
      </individualName>
      <address>
         <deliveryPoint>East Carolina University, Department of Biology</deliveryPoint>
         <city>Greenville</city>
         <administrativeArea>NC</administrativeArea>
         <postalCode>27858-4353</postalCode>
      </address>
      <phone phonetype="voice">(252) 328-1835</phone>
      <phone phonetype="facsimile">(252) 328-4178</phone>
      <electronicMailAddress>christianr@ecu.edu</electronicMailAddress>
      <userId directory="http://www.vcrlter.virginia.edu/cgi-bin/w3e/msql/personnel/msql2/person.html?QID=">rchristian</userId>
   </contact>
   <contact id="im">
      <positionName>Information manager - Virginia Coast Reserve Long-Term Ecological Research Project</positionName>
      <address>
         <deliveryPoint>Department of Environmental Sciences, University of Virginia, 291 McCormick Road, PO Box 400123</deliveryPoint>
         <city>Charlottesville</city>
         <administrativeArea>VA</administrativeArea>
         <postalCode>22904-4123</postalCode>
         <country>USA</country>
      </address>
      <phone phonetype="voice">434-924-8999</phone>
      <phone phonetype="facsimile">434-982-2137</phone>
      <electronicMailAddress>jporter@lternet.edu</electronicMailAddress>
      <onlineUrl>http://www.vcrlter.virginia.edu/jhp7e.html</onlineUrl>
   </contact>
   <publisher>
      <organizationName>Virginia Coast Reserve Long-Term Ecological Research Project</organizationName>
      <address>
         <deliveryPoint>Department of Environmental Sciences, University of Virginia, 291 McCormick Road, PO Box 400123</deliveryPoint>
         <city>Charlottesville</city>
         <administrativeArea>VA</administrativeArea>
         <postalCode>22904-4123</postalCode>
         <country>USA</country>
      </address>
      <phone phonetype="voice">434-924-7761</phone>
      <phone phonetype="facsimile">434-982-2137</phone>
      <onlineUrl>http://www.vcrlter.virginia.edu</onlineUrl>
   </publisher>
   <pubPlace>Charlottesville, Virginia</pubPlace>
   <methods>
      <methodStep>
         <description>
  <para><emphasis>This section contains specific methods for this dataset.</emphasis></para>
  <para>A total of 45 plots were established among five sites. Site 1 was located near a tidal creek, sites 2 and 4 were located within in-tack turf areas (healthy marsh) and sites 3 and 5 were located within an area with hollow and hummock topography (unhealthy marsh). Within each site, nine 1.5 m by 4 m plots were established and received the following treatment: control: plots 1, 6 &amp; 8, boarder control: plots 3,5 &amp; 7 and flooded: plots 2,4 &amp; 9. The flooded and boarder control plots were all encased by 1 inch X 6 inch wooden boards.&#160; In flooded plots, an impervious lateral boarder allowed plots to remain flooded as water percolated through marsh substrate. In boarder control plots, the impervious lateral boarder was installed to isolate any effect that the boarder alone may have.</para>
         </description>
      </methodStep>
   </methods>
   <project id="VCR03083">
      <title>State change in high marsh of Upper Phillips Creek</title>
      <personnel>
         <individualName>
            <salutation>Dr.</salutation>
            <givenName>Robert</givenName>
            <surName>Christian</surName>
         </individualName>
         <address>
            <deliveryPoint>East Carolina University, Department of Biology</deliveryPoint>
            <city>Greenville</city>
            <administrativeArea>NC</administrativeArea>
            <postalCode>27858-4353</postalCode>
         </address>
         <phone phonetype="voice">(252) 328-1835</phone>
         <phone phonetype="facsimile">(252) 328-4178</phone>
         <electronicMailAddress>christianr@ecu.edu</electronicMailAddress>
         <userId directory="http://www.vcrlter.virginia.edu/cgi-bin/w3e/msql/personnel/msql2/person.html?QID=">rchristian</userId>
         <role>originator</role>
      </personnel>
   </project>
   <dataTable>
      <entityName>VCR09161</entityName>
      <entityDescription>End of Year Biomass for the 2nd UPC Inundation Experiment  in Upper Phillips Creek marsh 1999-2008</entityDescription>
      <physical>
         <objectName>UPE_data.csv</objectName>
         <characterEncoding>ASCII</characterEncoding>
         <dataFormat>
            <textFormat>
               <numHeaderLines>22</numHeaderLines>
               <numFooterLines>0</numFooterLines>
               <recordDelimiter>#x0D#x0A</recordDelimiter>
               <physicalLineDelimiter>#x0D#x0A</physicalLineDelimiter>
               <attributeOrientation>column</attributeOrientation>
               <simpleDelimited>
                  <fieldDelimiter>,</fieldDelimiter>
                  <quoteCharacter>"</quoteCharacter>
                  <literalCharacter>\</literalCharacter>
               </simpleDelimited>
            </textFormat>
         </dataFormat>
         <distribution>
            <online>
               <url function="download">http://metacat.lternet.edu/das/dataAccessServlet?docid=knb-lter-vcr.169.17&amp;urlHeadID=2&amp;urlTail=1/VCR09161/VCR09161/UPE_data.csv</url>
            </online>
            <access authSystem="knb" order="allowFirst">
               <allow>
                  <principal>authenticated</principal>
                  <permission>read</permission>
               </allow>
               <allow>
                  <principal>uid=VCR,o=lter,dc=ecoinformatics,dc=org</principal>
                  <permission>all</permission>
               </allow>
            </access>
         </distribution>
      </physical>
      <attributeList>
         <attribute id="VCR09161.EOYBYEAR">
            <attributeName>EOYBYEAR</attributeName>
            <attributeLabel>Year of sampling</attributeLabel>
            <attributeDefinition>EOYBYEAR - Year of sampling</attributeDefinition>
            <storageType typeSystem="http://www.w3.org/2001/XMLSchema-datatypes">integer</storageType>
            <measurementScale>
               <interval>
                  <unit>
                     <customUnit>year</customUnit>
                  </unit>
                  <numericDomain>
                     <numberType>integer</numberType>
                     <bounds>
                        <minimum exclusive="false">1990</minimum>
                     </bounds>
                  </numericDomain>
               </interval>
            </measurementScale>
         </attribute>
         <attribute id="VCR09161.COLLECTDATE">
            <attributeName>COLLECTDATE</attributeName>
            <attributeLabel>Date of sample collection</attributeLabel>
            <attributeDefinition>COLLECTDATE - Date of sample collection</attributeDefinition>
            <storageType typeSystem="http://www.w3.org/2001/XMLSchema-datatypes">string</storageType>
            <measurementScale>
               <nominal>
                  <nonNumericDomain>
                     <textDomain>
                        <definition>Date of sample collection</definition>
                     </textDomain>
                  </nonNumericDomain>
               </nominal>
            </measurementScale>
         </attribute>
         <attribute id="VCR09161.SORTDATE">
            <attributeName>SORTDATE</attributeName>
            <attributeLabel>Date of sample sorting</attributeLabel>
            <attributeDefinition>SORTDATE - Date of sample sorting</attributeDefinition>
            <storageType typeSystem="http://www.w3.org/2001/XMLSchema-datatypes">string</storageType>
            <measurementScale>
               <nominal>
                  <nonNumericDomain>
                     <textDomain>
                        <definition>Date of sample sorting</definition>
                     </textDomain>
                  </nonNumericDomain>
               </nominal>
            </measurementScale>
         </attribute>
         <attribute id="VCR09161.MARSHNAME">
            <attributeName>MARSHNAME</attributeName>
            <attributeLabel>Name of marsh sampled</attributeLabel>
            <attributeDefinition>MARSHNAME - Name of marsh sampled</attributeDefinition>
            <storageType typeSystem="http://www.w3.org/2001/XMLSchema-datatypes">string</storageType>
            <measurementScale>
               <nominal>
                  <nonNumericDomain>
                     <textDomain>
                        <definition>Name of marsh sampled</definition>
                     </textDomain>
                  </nonNumericDomain>
               </nominal>
            </measurementScale>
         </attribute>
         <attribute id="VCR09161.MARSHABBREV">
            <attributeName>MARSHABBREV</attributeName>
            <attributeLabel>Abbreviated marsh name</attributeLabel>
            <attributeDefinition>MARSHABBREV - Abbreviated marsh name</attributeDefinition>
            <storageType typeSystem="http://www.w3.org/2001/XMLSchema-datatypes">string</storageType>
            <measurementScale>
               <nominal>
                  <nonNumericDomain>
                     <textDomain>
                        <definition>Abbreviated marsh name</definition>
                     </textDomain>
                  </nonNumericDomain>
               </nominal>
            </measurementScale>
         </attribute>
         <attribute id="VCR09161.SITENAME">
            <attributeName>SITENAME</attributeName>
            <attributeLabel>Name of overall marsh site</attributeLabel>
            <attributeDefinition>SITENAME - Name of overall marsh site</attributeDefinition>
            <storageType typeSystem="http://www.w3.org/2001/XMLSchema-datatypes">string</storageType>
            <measurementScale>
               <nominal>
                  <nonNumericDomain>
                     <textDomain>
                        <definition>Name of overall marsh site</definition>
                     </textDomain>
                  </nonNumericDomain>
               </nominal>
            </measurementScale>
         </attribute>
         <attribute id="VCR09161.MONITORINGPURPOSE">
            <attributeName>MONITORINGPURPOSE</attributeName>
            <attributeLabel>Purpose of monitoring program</attributeLabel>
            <attributeDefinition>MONITORINGPURPOSE - Purpose of monitoring program</attributeDefinition>
            <storageType typeSystem="http://www.w3.org/2001/XMLSchema-datatypes">string</storageType>
            <measurementScale>
               <nominal>
                  <nonNumericDomain>
                     <textDomain>
                        <definition>Purpose of monitoring program</definition>
                     </textDomain>
                  </nonNumericDomain>
               </nominal>
            </measurementScale>
         </attribute>
         <attribute id="VCR09161.MARSHREGION">
            <attributeName>MARSHREGION</attributeName>
            <attributeLabel>Region in the marsh being sampled</attributeLabel>
            <attributeDefinition>MARSHREGION - Region in the marsh being sampled</attributeDefinition>
            <storageType typeSystem="http://www.w3.org/2001/XMLSchema-datatypes">integer</storageType>
            <measurementScale>
               <nominal>
                  <nonNumericDomain>
                     <textDomain>
                        <definition>Region in the marsh being sampled</definition>
                     </textDomain>
                  </nonNumericDomain>
               </nominal>
            </measurementScale>
         </attribute>
         <attribute id="VCR09161.ISEXPERIMENT">
            <attributeName>ISEXPERIMENT</attributeName>
            <attributeLabel>Is the plot part of a manipulative experiment?</attributeLabel>
            <attributeDefinition>ISEXPERIMENT - Is the plot part of a manipulative experiment?</attributeDefinition>
            <storageType typeSystem="http://www.w3.org/2001/XMLSchema-datatypes">integer</storageType>
            <measurementScale>
               <nominal>
                  <nonNumericDomain>
                     <enumeratedDomain enforced="yes">
                        <codeDefinition>
                           <code>0</code>
                           <definition>Not part of a manipulative experiment</definition>
                        </codeDefinition>
                        <codeDefinition>
                           <code>1</code>
                           <definition>Is part of a manipulative experiment</definition>
                        </codeDefinition>
                     </enumeratedDomain>
                  </nonNumericDomain>
               </nominal>
            </measurementScale>
         </attribute>
         <attribute id="VCR09161.TRANSECT">
            <attributeName>TRANSECT</attributeName>
            <attributeLabel>Sampling transect</attributeLabel>
            <attributeDefinition>TRANSECT - Sampling transect</attributeDefinition>
            <storageType typeSystem="http://www.w3.org/2001/XMLSchema-datatypes">string</storageType>
            <measurementScale>
               <nominal>
                  <nonNumericDomain>
                     <textDomain>
                        <definition>Sampling transect</definition>
                     </textDomain>
                  </nonNumericDomain>
               </nominal>
            </measurementScale>
         </attribute>
         <attribute id="VCR09161.LOCATIONID">
            <attributeName>LOCATIONID</attributeName>
            <attributeLabel>Sampling location identifier</attributeLabel>
            <attributeDefinition>LOCATIONID - Sampling location identifier</attributeDefinition>
            <storageType typeSystem="http://www.w3.org/2001/XMLSchema-datatypes">string</storageType>
            <measurementScale>
               <nominal>
                  <nonNumericDomain>
                     <textDomain>
                        <definition>Sampling location identifier</definition>
                     </textDomain>
                  </nonNumericDomain>
               </nominal>
            </measurementScale>
         </attribute>
         <attribute id="VCR09161.LOCATIONNAME">
            <attributeName>LOCATIONNAME</attributeName>
            <attributeLabel>Sampling location name</attributeLabel>
            <attributeDefinition>LOCATIONNAME - Sampling location name</attributeDefinition>
            <storageType typeSystem="http://www.w3.org/2001/XMLSchema-datatypes">string</storageType>
            <measurementScale>
               <nominal>
                  <nonNumericDomain>
                     <textDomain>
                        <definition>Sampling location name</definition>
                     </textDomain>
                  </nonNumericDomain>
               </nominal>
            </measurementScale>
         </attribute>
         <attribute id="VCR09161.REPLICATE">
            <attributeName>REPLICATE</attributeName>
            <attributeLabel>Identification for replicate samples from a given plot</attributeLabel>
            <attributeDefinition>REPLICATE - Identification for replicate samples from a given plot</attributeDefinition>
            <storageType typeSystem="http://www.w3.org/2001/XMLSchema-datatypes">string</storageType>
            <measurementScale>
               <nominal>
                  <nonNumericDomain>
                     <textDomain>
                        <definition>Identification for replicate samples from a given plot</definition>
                     </textDomain>
                  </nonNumericDomain>
               </nominal>
            </measurementScale>
         </attribute>
         <attribute id="VCR09161.SPECIESNAME">
            <attributeName>SPECIESNAME</attributeName>
            <attributeLabel>Species Name</attributeLabel>
            <attributeDefinition>SPECIESNAME - Species Name</attributeDefinition>
            <storageType typeSystem="http://www.w3.org/2001/XMLSchema-datatypes">string</storageType>
            <measurementScale>
               <nominal>
                  <nonNumericDomain>
                     <textDomain>
                        <definition>Species Name</definition>
                     </textDomain>
                  </nonNumericDomain>
               </nominal>
            </measurementScale>
         </attribute>
         <attribute id="VCR09161.ITISID">
            <attributeName>ITISID</attributeName>
            <attributeLabel>ID for species in the Integrated Taxonomic Identifcation System</attributeLabel>
            <attributeDefinition>ITISID - ID for species in the Integrated Taxonomic Identifcation System</attributeDefinition>
            <storageType typeSystem="http://www.w3.org/2001/XMLSchema-datatypes">integer</storageType>
            <measurementScale>
               <interval>
                  <unit>
                     <customUnit>none</customUnit>
                  </unit>
                  <numericDomain>
                     <numberType>integer</numberType>
                     <bounds>
                        <minimum exclusive="false">1</minimum>
                     </bounds>
                  </numericDomain>
               </interval>
            </measurementScale>
         </attribute>
         <attribute id="VCR09161.LIVEMASS">
            <attributeName>LIVEMASS</attributeName>
            <attributeLabel>Dry mass of live material in 0.625m2 quadrat</attributeLabel>
            <attributeDefinition>LIVEMASS - Dry mass of live material in 0.625m2 quadrat</attributeDefinition>
            <storageType typeSystem="http://www.w3.org/2001/XMLSchema-datatypes">float</storageType>
            <measurementScale>
               <interval>
                  <unit>
                     <customUnit>none</customUnit>
                  </unit>
                  <numericDomain>
                     <numberType>real</numberType>
                     <bounds>
                        <minimum exclusive="false">0</minimum>
                     </bounds>
                  </numericDomain>
               </interval>
            </measurementScale>
         </attribute>
         <attribute id="VCR09161.DEADMASS">
            <attributeName>DEADMASS</attributeName>
            <attributeLabel>Dry mass of dead material in 0.625m2 quadrat</attributeLabel>
            <attributeDefinition>DEADMASS - Dry mass of dead material in 0.625m2 quadrat</attributeDefinition>
            <storageType typeSystem="http://www.w3.org/2001/XMLSchema-datatypes">float</storageType>
            <measurementScale>
               <interval>
                  <unit>
                     <customUnit>g/0.625m2</customUnit>
                  </unit>
                  <numericDomain>
                     <numberType>real</numberType>
                     <bounds>
                        <minimum exclusive="false">0</minimum>
                     </bounds>
                  </numericDomain>
               </interval>
            </measurementScale>
         </attribute>
         <attribute id="VCR09161.UNKNOWNMASS">
            <attributeName>UNKNOWNMASS</attributeName>
            <attributeLabel>Mass where live or dead could not be determined</attributeLabel>
            <attributeDefinition>UNKNOWNMASS - Mass where live or dead could not be determined</attributeDefinition>
            <storageType typeSystem="http://www.w3.org/2001/XMLSchema-datatypes">float</storageType>
            <measurementScale>
               <interval>
                  <unit>
                     <customUnit>g/0.625m2</customUnit>
                  </unit>
                  <numericDomain>
                     <numberType>real</numberType>
                     <bounds>
                        <minimum exclusive="false">0</minimum>
                     </bounds>
                  </numericDomain>
               </interval>
            </measurementScale>
         </attribute>
         <attribute id="VCR09161.TOTALMASS">
            <attributeName>TOTALMASS</attributeName>
            <attributeLabel>Dry mass of all material in 0.625m2 quadrat</attributeLabel>
            <attributeDefinition>TOTALMASS - Dry mass of all material in 0.625m2 quadrat</attributeDefinition>
            <storageType typeSystem="http://www.w3.org/2001/XMLSchema-datatypes">float</storageType>
            <measurementScale>
               <interval>
                  <unit>
                     <customUnit>g/0.625m2</customUnit>
                  </unit>
                  <numericDomain>
                     <numberType>real</numberType>
                     <bounds>
                        <minimum exclusive="false">0</minimum>
                     </bounds>
                  </numericDomain>
               </interval>
            </measurementScale>
         </attribute>
         <attribute id="VCR09161.SAMPLECOMMENT">
            <attributeName>SAMPLECOMMENT</attributeName>
            <attributeLabel>Comments on sample collection and processing</attributeLabel>
            <attributeDefinition>SAMPLECOMMENT - Comments on sample collection and processing</attributeDefinition>
            <storageType typeSystem="http://www.w3.org/2001/XMLSchema-datatypes">string</storageType>
            <measurementScale>
               <nominal>
                  <nonNumericDomain>
                     <textDomain>
                        <definition>Comments on sample collection and processing</definition>
                     </textDomain>
                  </nonNumericDomain>
               </nominal>
            </measurementScale>
         </attribute>
         <attribute id="VCR09161.LATITUDE">
            <attributeName>LATITUDE</attributeName>
            <attributeLabel>Latitude of sampling site</attributeLabel>
            <attributeDefinition>LATITUDE - Latitude of sampling site</attributeDefinition>
            <storageType typeSystem="http://www.w3.org/2001/XMLSchema-datatypes">float</storageType>
            <measurementScale>
               <interval>
                  <unit>
                     <customUnit>degrees</customUnit>
                  </unit>
                  <numericDomain>
                     <numberType>real</numberType>
                     <bounds>
                        <minimum exclusive="false">37</minimum>
                        <maximum exclusive="false">39</maximum>
                     </bounds>
                  </numericDomain>
               </interval>
            </measurementScale>
         </attribute>
         <attribute id="VCR09161.LONGITUDE">
            <attributeName>LONGITUDE</attributeName>
            <attributeLabel>Longitude of sampling site</attributeLabel>
            <attributeDefinition>LONGITUDE - Longitude of sampling site</attributeDefinition>
            <storageType typeSystem="http://www.w3.org/2001/XMLSchema-datatypes">float</storageType>
            <measurementScale>
               <interval>
                  <unit>
                     <customUnit>none</customUnit>
                  </unit>
                  <numericDomain>
                     <numberType>real</numberType>
                     <bounds>
                        <minimum exclusive="false">-76</minimum>
                        <maximum exclusive="false">-74</maximum>
                     </bounds>
                  </numericDomain>
               </interval>
            </measurementScale>
         </attribute>
      </attributeList>
   </dataTable>

</dataset>
<additionalMetadata>
   <metadata>
      <ns2:unitList>
      <ns2:unit id="none" />
      <ns2:unit id="date" />
      <ns2:unit id="degrees" />
      <ns2:unit id="g/0.625m2" />
      <ns2:unit id="year" />
      </ns2:unitList>
   </metadata>
</additionalMetadata>
<additionalMetadata>
   <metadata>
      <localtags>
         <system>VCRLTER</system>
         <weight>-16</weight>
         <projectId>VCR03083</projectId>
         <featuredDataGroup>Marsh Vegetation</featuredDataGroup>
         <researchTheme>State change tidal marshes</researchTheme>
      </localtags>
   </metadata>
</additionalMetadata>

</eml:eml>