<eml:eml xmlns:eml="eml://ecoinformatics.org/eml-2.1.1" xmlns:ns2="http://www.xml-cml.org/schema/stmml-1.1" xmlns:xsi="http://www.w3.org/2001/XMLSchema-instance" packageId="knb-lter-vcr.105.15" system="VCR" xsi:schemaLocation="eml://ecoinformatics.org/eml-2.1.1 http://nis.lternet.edu/schemas/EML/eml-2.1.1/eml.xsd">
   <access authSystem="knb" order="allowFirst">
      <allow>
         <principal>public</principal>
         <permission>read</permission>
      </allow>
      <allow>
         <principal>uid=VCR,o=lter,dc=ecoinformatics,dc=org</principal>
         <permission>all</permission>
      </allow>
   </access>

<dataset id="105" system="VCR">
   <alternateIdentifier>VCR03086</alternateIdentifier>
   <title>Annual Number of Storms on the Virginia Coast 1885-2002</title>
   <creator>
      <individualName>
         <salutation>Dr.</salutation>
         <givenName>Bruce</givenName>
         <surName>Hayden</surName>
      </individualName>
      <address>
         <deliveryPoint>University of Virginia, Department of Environmental Science, Clark Hall</deliveryPoint>
         <city>Charlottesville</city>
         <administrativeArea>VA</administrativeArea>
         <postalCode>22903</postalCode>
         <country>USA</country>
      </address>
      <phone phonetype="voice">(434) 924-0545</phone>
      <phone phonetype="facsimile">(434) 982-2137</phone>
      <electronicMailAddress>bph@virginia.edu</electronicMailAddress>
      <userId directory="http://www.vcrlter.virginia.edu/cgi-bin/w3e/msql/personnel/msql2/person.html?QID=">bhayden</userId>
   </creator>
   <metadataProvider>
      <organizationName>Virginia Coast Reserve Long-Term Ecological Research Project</organizationName>
      <address>
         <deliveryPoint>Department of Environmental Sciences, University of Virginia, 291 McCormick Road, PO Box 400123</deliveryPoint>
         <city>Charlottesville</city>
         <administrativeArea>VA</administrativeArea>
         <postalCode>22904-4123</postalCode>
         <country>USA</country>
      </address>
      <phone phonetype="voice">434-924-7761</phone>
      <phone phonetype="facsimile">434-982-2137</phone>
      <onlineUrl>http://www.vcrlter.virginia.edu</onlineUrl>
   </metadataProvider>
   <pubDate>2003-07-08</pubDate>
   <keywordSet>
      <keyword keywordType="theme">Disturbance</keyword>
      <keywordThesaurus>LTERCoreAreas</keywordThesaurus>
   </keywordSet>
   <keywordSet>
      <keyword keywordType="theme">System State/Condition</keyword>
      <keywordThesaurus>VCRLTERCoreAreas</keywordThesaurus>
   </keywordSet>
   <keywordSet>
      <keyword keywordType="theme">meteorology</keyword>
      <keyword keywordType="theme">weather</keyword>
      <keyword keywordType="theme">climate</keyword>
      <keyword keywordType="theme">storms</keyword>
   </keywordSet>
   <intellectualRights>
            <section>
                <title>Data License</title>
                <para>Data and documentation is copyrighted by The Virginia Coast Reserve LTER
                    project of the University of Virginia (UVA), and ownership remains with the UVA.</para>
                <para>The UVA grants you (hereafter, Licensee) a license to use the data and
                    documentation for academic, and research purposes only, without a fee.</para>
                <para>Licensee may make derivative works. However, if Licensee distributes any
                    derivative work based on or derived from the data and documentation, then
                    Licensee will</para>
                <para>
                    <orderedlist>
                        <listitem>
                            <para>notify the VCR/LTER designated contact (typically the investigator
                                who collected the data) regarding its distribution of the derivative
                                work, and</para>
                        </listitem>
                        <listitem>
                            <para>clearly notify users that such derivative work is a modified
                                version and not the original data and documentation distributed by
                                the UVA.</para>
                        </listitem>
                        <listitem>
                            <para>acknowledge the support of NSF Grants BSR-8702333-06, DEB-9211772,
                                DEB-9411974, DEB-0080381 and DEB-0621014 in any publications using the data and documentation.</para>
                        </listitem>
                        <listitem>
                            <para>send to the address, above, two reprints of any publications
                                resulting from use of the data and documentation. </para>
                        </listitem>
                    </orderedlist>
                </para>
                <para>Any Licensee wishing to make commercial use of the data and documentation
                    should contact the UVA, c/o VCR/LTER, to negotiate an appropriate license for
                    such commercial use. Commercial use includes</para>
                <para>
                    <orderedlist>
                        <listitem>
                            <para>integration of all or part of the data and documentation into a
                                product for sale or license by or on behalf of Licensee to third
                                parties, or</para>
                        </listitem>
                        <listitem>
                            <para> distribution of the data or documentation to third parties that
                                need it to utilize a commercial product sold or licensed by or on
                                behalf of Licensee.</para>
                        </listitem>
                    </orderedlist>
                </para>
                <para>
                    <emphasis>UVA MAKES NO REPRESENTATIONS ABOUT THE SUITABILITY OF THIS DATA AND
                        DOCUMENTATION FOR ANY PURPOSE. IT IS PROVIDED "AS IS" WITHOUT EXPRESS OR
                        IMPLIED WARRANTY. THE UVA SHALL NOT BE LIABLE FOR ANY DAMAGES SUFFERED BY
                        THE USERS OF THIS DATA AND DOCUMENTATION.</emphasis>
                </para>
                <para>By using or copying this data and documentation, Licensee agrees to abide by
                    the copyright law and all other applicable laws of the U.S. including, but not
                    limited to, export control laws, and the terms of this license. UVA shall have
                    the right to terminate this license immediately by written notice upon
                    Licensee's breach of, or non-compliance with, any of its terms. Licensee may be
                    held legally responsible for any copyright infringement that is caused or
                    encouraged by Licensee's failure to abide by the terms of this license. </para>
            </section>
   </intellectualRights>
   <coverage>
      <geographicCoverage>
         <geographicDescription>DELMARVA - Delmarva Peninsula</geographicDescription>
         <boundingCoordinates>
            <westBoundingCoordinate>-75.170000</westBoundingCoordinate>
            <eastBoundingCoordinate>-76.230000</eastBoundingCoordinate>
            <northBoundingCoordinate>39.580000</northBoundingCoordinate>
            <southBoundingCoordinate>37.220000</southBoundingCoordinate>
         </boundingCoordinates>
      </geographicCoverage>
      <temporalCoverage>
         <rangeOfDates>
            <beginDate>
               <calendarDate>1885-01-01</calendarDate>
            </beginDate>
            <endDate>
               <calendarDate>2002-12-31</calendarDate>
            </endDate>
         </rangeOfDates>
      </temporalCoverage>
   </coverage>
   <maintenance>
      <description>
<para>Data are updated as needed</para>
      </description>
      <maintenanceUpdateFrequency>asNeeded</maintenanceUpdateFrequency>
   </maintenance>
   <contact>
      <individualName>
         <salutation>Dr.</salutation>
         <givenName>Bruce</givenName>
         <surName>Hayden</surName>
      </individualName>
      <address>
         <deliveryPoint>University of Virginia, Department of Environmental Science, Clark Hall</deliveryPoint>
         <city>Charlottesville</city>
         <administrativeArea>VA</administrativeArea>
         <postalCode>22903</postalCode>
         <country>USA</country>
      </address>
      <phone phonetype="voice">(434) 924-0545</phone>
      <phone phonetype="facsimile">(434) 982-2137</phone>
      <electronicMailAddress>bph@virginia.edu</electronicMailAddress>
      <userId directory="http://www.vcrlter.virginia.edu/cgi-bin/w3e/msql/personnel/msql2/person.html?QID=">bhayden</userId>
   </contact>
   <contact id="im">
      <positionName>Information manager - Virginia Coast Reserve Long-Term Ecological Research Project</positionName>
      <address>
         <deliveryPoint>Department of Environmental Sciences, University of Virginia, 291 McCormick Road, PO Box 400123</deliveryPoint>
         <city>Charlottesville</city>
         <administrativeArea>VA</administrativeArea>
         <postalCode>22904-4123</postalCode>
         <country>USA</country>
      </address>
      <phone phonetype="voice">434-924-8999</phone>
      <phone phonetype="facsimile">434-982-2137</phone>
      <electronicMailAddress>jporter@lternet.edu</electronicMailAddress>
      <onlineUrl>http://www.vcrlter.virginia.edu/jhp7e.html</onlineUrl>
   </contact>
   <publisher>
      <organizationName>Virginia Coast Reserve Long-Term Ecological Research Project</organizationName>
      <address>
         <deliveryPoint>Department of Environmental Sciences, University of Virginia, 291 McCormick Road, PO Box 400123</deliveryPoint>
         <city>Charlottesville</city>
         <administrativeArea>VA</administrativeArea>
         <postalCode>22904-4123</postalCode>
         <country>USA</country>
      </address>
      <phone phonetype="voice">434-924-7761</phone>
      <phone phonetype="facsimile">434-982-2137</phone>
      <onlineUrl>http://www.vcrlter.virginia.edu</onlineUrl>
   </publisher>
   <pubPlace>Charlottesville, Virginia</pubPlace>
   <dataTable>
      <entityName>VCR03086</entityName>
      <entityDescription>Annual Number of Storms on the Virginia Coast 1885-2002</entityDescription>
      <physical>
         <objectName>VCR_storms.csv</objectName>
         <characterEncoding>ASCII</characterEncoding>
         <dataFormat>
            <textFormat>
               <numHeaderLines>22</numHeaderLines>
               <numFooterLines>0</numFooterLines>
               <recordDelimiter>#x0D#x0A</recordDelimiter>
               <physicalLineDelimiter>#x0D#x0A</physicalLineDelimiter>
               <attributeOrientation>column</attributeOrientation>
               <simpleDelimited>
                  <fieldDelimiter>,</fieldDelimiter>
                  <quoteCharacter>"</quoteCharacter>
                  <literalCharacter>\</literalCharacter>
               </simpleDelimited>
            </textFormat>
         </dataFormat>
         <distribution>
            <online>
               <url function="download">http://metacat.lternet.edu/das/dataAccessServlet?docid=knb-lter-vcr.105.15&amp;urlHeadID=2&amp;urlTail=1/VCR03086/VCR03086/VCR_storms.csv</url>
            </online>
            <access authSystem="knb" order="allowFirst">
               <allow>
                  <principal>public</principal>
                  <permission>read</permission>
               </allow>
               <allow>
                  <principal>uid=VCR,o=lter,dc=ecoinformatics,dc=org</principal>
                  <permission>all</permission>
               </allow>
            </access>
         </distribution>
      </physical>
      <attributeList>
         <attribute id="VCR03086.YEAR">
            <attributeName>YEAR</attributeName>
            <attributeLabel>Year</attributeLabel>
            <attributeDefinition>YEAR - Year</attributeDefinition>
            <storageType typeSystem="http://www.w3.org/2001/XMLSchema-datatypes">integer</storageType>
            <measurementScale>
               <interval>
                  <unit>
                     <customUnit>none</customUnit>
                  </unit>
                  <numericDomain>
                     <numberType>integer</numberType>
                     <bounds>
                        <minimum exclusive="false">1885</minimum>
                     </bounds>
                  </numericDomain>
               </interval>
            </measurementScale>
         </attribute>
         <attribute id="VCR03086.N_STORMS">
            <attributeName>N_STORMS</attributeName>
            <attributeLabel>Number of Storms</attributeLabel>
            <attributeDefinition>N_STORMS - Number of Storms</attributeDefinition>
            <storageType typeSystem="http://www.w3.org/2001/XMLSchema-datatypes">integer</storageType>
            <measurementScale>
               <interval>
                  <unit>
                     <customUnit>none</customUnit>
                  </unit>
                  <numericDomain>
                     <numberType>integer</numberType>
                     <bounds>
                        <minimum exclusive="false">0</minimum>
                     </bounds>
                  </numericDomain>
               </interval>
            </measurementScale>
         </attribute>
      </attributeList>
   </dataTable>
   <otherEntity>
      <entityName>VCR03086_extras.zip</entityName>
      <entityDescription>
Versions of the data in spreadsheet form, with graphics
      </entityDescription>
      <physical>
         <objectName>VCR03086_extras.zip</objectName>
         <characterEncoding>Binary</characterEncoding>
         <dataFormat>
            <externallyDefinedFormat>
               <formatName>zip</formatName>
            </externallyDefinedFormat>
         </dataFormat>
         <distribution>
            <online>
               <url function="download">http://metacat.lternet.edu/das/dataAccessServlet?docid=knb-lter-vcr.105.15&amp;urlHeadID=2&amp;urlTail=2/VCR03086/VCR03086/VCR03086_extras.zip</url>
            </online>
            <access authSystem="knb" order="allowFirst">
               <allow>
                  <principal>public</principal>
                  <permission>read</permission>
               </allow>
               <allow>
                  <principal>uid=VCR,o=lter,dc=ecoinformatics,dc=org</principal>
                  <permission>all</permission>
               </allow>
            </access>
         </distribution>
      </physical>
      <entityType>file      </entityType>
   </otherEntity>

</dataset>
<additionalMetadata>
   <metadata>
      <ns2:unitList>
      <ns2:unit id="none" />
      </ns2:unitList>
   </metadata>
</additionalMetadata>
<additionalMetadata>
   <metadata>
      <localtags>
         <system>VCRLTER</system>
         <weight>-22</weight>
      </localtags>
   </metadata>
</additionalMetadata>

</eml:eml>