<eml:eml xmlns:eml="eml://ecoinformatics.org/eml-2.1.1" xmlns:xsi="http://www.w3.org/2001/XMLSchema-instance" packageId="lter-landsat.7189.1" scope="system" system="https://pasta.lternet.edu" xsi:schemaLocation="eml://ecoinformatics.org/eml-2.1.1 http://nis.lternet.edu/schemas/eml/eml-2.1.1/eml.xsd">
  <access authSystem="https://pasta.lternet.edu/authentication" order="allowFirst" system="https://pasta.lternet.edu">
    <allow>
      <principal>uid=LNO,o=LTER,dc=ecoinformatics,dc=org</principal>
      <permission>all</permission>
    </allow>
    <allow>
      <principal>public</principal>
      <permission>read</permission>
    </allow>
  </access>
  <dataset>
    <title>Landsat Enhanced Thematic Mapper image data for Niwot Ridge LTER collected on 2000-12-02</title>
    <creator>
      <organizationName>United States Geological Survey</organizationName>
      <address>
        <deliveryPoint>NASA Landsat Program</deliveryPoint>
        <deliveryPoint>USGS</deliveryPoint>
        <deliveryPoint>Earth Resources Observation and Science (EROS) Center</deliveryPoint>
        <deliveryPoint>47914 252nd Street</deliveryPoint>
        <city>Sioux Falls</city>
        <administrativeArea>South Dakota</administrativeArea>
        <postalCode>57198-0001</postalCode>
        <country>U.S.A.</country>
      </address>
    </creator>
    <creator id="site">
      <organizationName>NWT LTER</organizationName>
      <organizationName>Niwot Ridge LTER</organizationName>
    </creator>
    <metadataProvider>
      <organizationName>United States Geological Survey</organizationName>
      <address>
        <deliveryPoint>NASA Landsat Program</deliveryPoint>
        <deliveryPoint>USGS</deliveryPoint>
        <deliveryPoint>Earth Resources Observation and Science (EROS) Center</deliveryPoint>
        <deliveryPoint>47914 252nd Street</deliveryPoint>
        <city>Sioux Falls</city>
        <administrativeArea>South Dakota</administrativeArea>
        <postalCode>57198-0001</postalCode>
        <country>U.S.A.</country>
      </address>
    </metadataProvider>
    <metadataProvider>
      <organizationName>LTER Network Office</organizationName>
      <address>
        <deliveryPoint>UNM Biology Department, MSC03-2020</deliveryPoint>
        <deliveryPoint>1 University of New Mexico</deliveryPoint>
        <city>Albuquerque</city>
        <administrativeArea>NM</administrativeArea>
        <postalCode>87131-0001</postalCode>
        <country>USA</country>
      </address>
      <phone phonetype="voice">505 277 2535</phone>
      <phone phonetype="fax">505 277 2541</phone>
      <electronicMailAddress>tech-support@lternet.edu</electronicMailAddress>
      <onlineUrl>http://www.lternet.edu</onlineUrl>
    </metadataProvider>
    <pubDate>2013</pubDate>
    <language>english</language>
    <abstract>
      <para>This LTER Remote Sensing spatial raster dataset consists of Landsat Enhanced Thematic Mapper image data for Niwot Ridge LTER, on 2000-12-02 (17:22:41.6560190Z). Data were collected by Landsat 5, row 032, path 034. Cloud cover was 0 percent. These are reference data from the USGS EROS archive, not data generated by Niwot Ridge LTER.</para>
      <para>This product was created by the U.S. Geological Survey (USGS) and contains Landsat data files in Geographic Tagged Image-File Format (GeoTIFF).</para>
      <para>NASA Landsat Program, 2009, Landsat TM LT50340322000337XXX02, LPGS_12.1.2, USGS, Sioux Falls, 2012-11-01T12:32:34Z.</para>
    </abstract>
    <keywordSet>
      <keyword keywordType="place">Niwot Ridge LTER</keyword>
      <keyword keywordType="place">NWT LTER</keyword>
      <keyword keywordType="theme">Long Term Ecological Research Program</keyword>
      <keyword keywordType="theme">Landsat ETM</keyword>
      <keyword keywordType="theme">Landsat Enhanced Thematic Mapper</keyword>
      <keyword keywordType="theme">NASA</keyword>
      <keyword keywordType="theme">USGS</keyword>
      <keyword keywordType="theme">remote sensing</keyword>
      <keyword keywordType="theme">satellite data</keyword>
      <keyword keywordType="theme">imagery</keyword>
      <keyword keywordType="theme">earth observation</keyword>
    </keywordSet>
    <intellectualRights>
      <para>Landsat data are free to all. Effectively the intellectual property rights are held by the USGS EROS and NASA, but ultimately held by the US public.</para>
      <para>The Long Term Ecological Research Network provides these data in our catalog as reference data for use with other data from Andrews Forest LTER.</para>
      <section>
        <title>LTER Network Data Access Requirements</title>
        <para>The access to all LTER data is subject to requirements set forth by this policy document to enable data providers to track usage, evaluate its impact in the community, and confirm users' acceptance of the terms of acceptable use. These requirements are standardized across the LTER Network to provide contractual exchange of data between Site Data Providers, Network Data Providers, and Data Users that can be encoded into electronic form and exchanged between computers. This will allow direct access to data via a common portal once these requirements have been fulfilled. The following information may be required directly or by proxy prior to the transference of any data object:<itemizedlist>
            <listitem>
              <para>Registration</para>
            </listitem>
            <listitem>
              <itemizedlist>
                <listitem>
                  <para>Name</para>
                </listitem>
                <listitem>
                  <para>Affiliation</para>
                </listitem>
                <listitem>
                  <para>Email address</para>
                </listitem>
                <listitem>
                  <para>Full Contact Info</para>
                </listitem>
              </itemizedlist>
            </listitem>
            <listitem>
              <para>Acceptance of the General Public Use Agreement or Restricted Data Use Agreement, as applicable</para>
            </listitem>
            <listitem>
              <para>A Statement of Intended Use that is compliant with the above agreements. Such statements may be made submitted explicitly or made implicitly via the data access portal interface.</para>
            </listitem>
          </itemizedlist>
        </para>
      </section>
      <section>
        <title>Conditions of Data Use</title>
        <para>The re-use of scientific data has the potential to greatly increase communication, collaboration and synthesis within and among disciplines, and thus is fostered, supported and encouraged. Permission to use this dataset is granted to the Data User free of charge subject to the following terms:<itemizedlist>
            <listitem>
              <para>Acceptable Use. Use of the dataset will be restricted to academic, research, educational, government, recreational, or other not-for-profit professional purposes. The Data User is permitted to produce and distribute derived works from this dataset provided that they are released under the same license terms as those accompanying this Data Set. Any other uses for the Data Set or its derived products will require explicit permission from the dataset owner.</para>
            </listitem>
            <listitem>
              <para>Redistribution. The data are provided for use by the Data User. The metadata and this license must accompany all copies made and be available to all users of this Data Set. The Data User will not redistribute the original Data Set beyond this collaboration sphere.</para>
            </listitem>
            <listitem>
              <para>Citation. It is considered a matter of professional ethics to acknowledge the work of other scientists. Thus, the Data User will properly cite the Data Set in any publications or in the metadata of any derived data products that were produced using the Data Set. Citation should take the following general form: Creator, Year of Data Publication, Title of Dataset, Publisher, Dataset identifier.</para>
            </listitem>
            <listitem>
              <para>Acknowledgement. The Data User should acknowledge any institutional support or specific funding awards referenced in the metadata accompanying this dataset in any publications where the Data Set contributed significantly to its content. Acknowledgements should identify the supporting party, the party that received the support, and any identifying information such as grant numbers.</para>
            </listitem>
            <listitem>
              <para>Notification. The Data User will notify the Data Set Contact when any derivative work or publication based on or derived from the Data Set is distributed. The Data User will provide the data contact with two reprints of any publications resulting from use of the Data Set and will provide copies, or on-line access to, any derived digital products. Notification will include an explanation of how the Data Set was used to produce the derived work.</para>
            </listitem>
            <listitem>
              <para>Collaboration. The Data Set has been released in the spirit of open scientific collaboration. Data Users are thus strongly encouraged to consider consultation, collaboration and/or co-authorship with the Data Set Creator.</para>
            </listitem>
          </itemizedlist>By accepting this Data Set, the Data User agrees to abide by the terms of this agreement. The Data Owner shall have the right to terminate this agreement immediately by written notice upon the Data User's breach of, or non-compliance with, any of its terms. The Data User may be held responsible for any misuse that is caused or encouraged by the Data User's failure to abide by the terms of this agreement.</para>
      </section>
      <section>
        <title>Disclaimer</title>
        <para>While substantial efforts are made to ensure the accuracy of data and documentation contained in this Data Set, complete accuracy of data and metadata cannot be guaranteed. All data and metadata are made available "as is". The Data User holds all parties involved in the production or distribution of the Data Set harmless for damages resulting from its use or interpretation.</para>
      </section>
    </intellectualRights>
    <coverage>
      <geographicCoverage>
        <geographicDescription>Covering the Niwot Ridge LTER site</geographicDescription>
        <boundingCoordinates>
          <westBoundingCoordinate>-107.24513</westBoundingCoordinate>
          <eastBoundingCoordinate>-104.4003</eastBoundingCoordinate>
          <northBoundingCoordinate>41.3087</northBoundingCoordinate>
          <southBoundingCoordinate>39.3195</southBoundingCoordinate>
        </boundingCoordinates>
      </geographicCoverage>
      <temporalCoverage>
        <singleDateTime>
          <calendarDate>2000-12-02</calendarDate>
          <time>17:22:41.6560190Z</time>
        </singleDateTime>
      </temporalCoverage>
    </coverage>
    <maintenance>
      <description>
        <para>These data were retrieved from the USGS archive.</para>
      </description>
      <maintenanceUpdateFrequency>notPlanned</maintenanceUpdateFrequency>
    </maintenance>
    <contact>
      <positionName>Information Manager</positionName>
      <organizationName>LTER Network Office</organizationName>
      <address>
        <deliveryPoint>UNM Biology Department, MSC03-2020</deliveryPoint>
        <deliveryPoint>1 University of New Mexico</deliveryPoint>
        <city>Albuquerque</city>
        <administrativeArea>NM</administrativeArea>
        <postalCode>87131-0001</postalCode>
        <country>USA</country>
      </address>
      <phone phonetype="voice">505 277-2535</phone>
      <phone phonetype="fax">505 277-2541</phone>
      <electronicMailAddress>tech-support@lternet.edu</electronicMailAddress>
      <onlineUrl>http://www.lternet.edu</onlineUrl>
    </contact>
    <contact>
      <individualName>
        <givenName>Kyle</givenName>
        <surName>Cavanaugh</surName>
      </individualName>
    </contact>
    <publisher>
      <organizationName>LTER Network Office</organizationName>
      <address>
        <deliveryPoint>UNM Biology Department, MSC03-2020</deliveryPoint>
        <deliveryPoint>1 University of New Mexico</deliveryPoint>
        <city>Albuquerque</city>
        <administrativeArea>NM</administrativeArea>
        <postalCode>87131-0001</postalCode>
        <country>USA</country>
      </address>
      <phone phonetype="voice">505 277 2535</phone>
      <phone phonetype="fax">505 277 2541</phone>
      <electronicMailAddress>tech-support@lternet.edu</electronicMailAddress>
      <onlineUrl>http://www.lternet.edu</onlineUrl>
    </publisher>
    <pubPlace>Long Term Ecological Research Network Office</pubPlace>
    <methods>
      <methodStep>
        <description>
          <section>

            <para>This dataset contains Landsat 4 and 5 Thematic Mapper images representing 26 Long Term Ecological Research (LTER) sites, and which had cloud cover less than or equal to 50%. Landsat data were downloaded from <ulink url="http://earthexplorer.usgs.gov">http://earthexplorer.usgs.gov</ulink>. These data are Landsat image band files; they have not been post-processed in any manner.</para>
            <para>All Landsat standard data products are processed using the Level 1 Product Generation System (LPGS) with the following parameters applied:<itemizedlist>
                <listitem>
                  <para>GeoTIFF output format</para>
                </listitem>
                <listitem>
                  <para>Cubic Convolution (CC) resampling method</para>
                </listitem>
                <listitem>
                  <para>30-meter (TM, ETM+) and 60-meter (MSS) pixel size (reflective bands)</para>
                </listitem>
                <listitem>
                  <para>Universal Transverse Mercator (UTM) map projection (Polar Stereographic projection for Antarctica)</para>
                </listitem>
                <listitem>
                  <para>World Geodetic System (WGS) 84 datum</para>
                </listitem>
                <listitem>
                  <para>MAP (North-up) image orientation</para>
                </listitem>
              </itemizedlist>
            </para>
          </section>
        </description>
      </methodStep>
      <methodStep>
        <description>
          <section>
            <title>Landsat Thematic Mapper</title>
            <para>"The Thematic Mapper (TM) is an advanced, multispectral scanning, Earth resources sensor designed to achieve higher image resolution, sharper spectral separation, improved geometric fidelity and greater radiometric accuracy and resolution than the MSS sensor. TM data are sensed in seven spectral bands simultaneously. Band 6 senses thermal (heat) infrared radiation. Landsat can only acquire night scenes in band 6. A TM scene has an Instantaneous Field Of View (IFOV) of 30 square meters in bands 1-5 and 7 while band 6 has an IFOV of 120 square meters on the ground." from http://landsat.gsfc.nasa.gov/about/tm.html accessed 2012-01-30</para>
            <para>See also the README.txt file listed as other entity.</para>
          </section>
        </description>
        <protocol scope="document">
          <title>The Landsat Thematic Mapper Satellite</title>
          <creator scope="document">
            <organizationName>National Aeronautics and Space Administration</organizationName>
          </creator>
          <distribution scope="document">
            <online>
              <url function="information">http://landsat.gsfc.nasa.gov/about/tm.html</url>
            </online>
          </distribution>
        </protocol>
      </methodStep>
      <methodStep>
        <description>
          <section>
            <title>TM Technical Specifications</title>
            <para>(From http://landsat.gsfc.nasa.gov/about/tm.html)<itemizedlist>
                <listitem>
                  <para>Sensor type: opto-mechanical</para>
                </listitem>
                <listitem>
                  <para>Spatial Resolution: 30 m (120 m - thermal)</para>
                </listitem>
                <listitem>
                  <para>Spectral Range: 0.45 - 12.5 &#181;m</para>
                </listitem>
                <listitem>
                  <para>Number of Bands: 7</para>
                </listitem>
                <listitem>
                  <para>Temporal Resolution: 16 days</para>
                </listitem>
                <listitem>
                  <para>Image Size: 185 km X 172 km</para>
                </listitem>
                <listitem>
                  <para>Swath: 185 km</para>
                </listitem>
                <listitem>
                  <para>Programmable: yes</para>
                </listitem>
              </itemizedlist>
            </para>
          </section>
        </description>
      </methodStep>
    </methods>
    <spatialRaster>
      <entityName>LT50340322000337XXX02_B1.TIF</entityName>
      <entityDescription>Band 1 of Landsat 5 in GeoTIFF format</entityDescription>
      <physical>
        <objectName>LT50340322000337XXX02_B1.TIF</objectName>
        <size unit="byte">57956508</size>
        <dataFormat>
          <binaryRasterFormat>
            <rowColumnOrientation>row</rowColumnOrientation>
            <nbits>8</nbits>
            <byteorder>little-endian</byteorder>
            <skipbytes>58677</skipbytes>
          </binaryRasterFormat>
        </dataFormat>
        <distribution>
          <online>
            <url function="download">https://pasta.lternet.edu/package/data/eml/lter-landsat/7189/1/586da26cdf1b1cc78c2ccc561699c820</url>
          </online>
        </distribution>
      </physical>
      <coverage>
        <geographicCoverage>
          <geographicDescription>Covering the Niwot Ridge LTER site</geographicDescription>
          <boundingCoordinates>
            <westBoundingCoordinate>-107.24513</westBoundingCoordinate>
            <eastBoundingCoordinate>-104.4003</eastBoundingCoordinate>
            <northBoundingCoordinate>41.3087</northBoundingCoordinate>
            <southBoundingCoordinate>39.3195</southBoundingCoordinate>
          </boundingCoordinates>
        </geographicCoverage>
        <temporalCoverage>
          <singleDateTime>
            <calendarDate>2000-12-02</calendarDate>
            <time>17:22:41.6560190Z</time>
          </singleDateTime>
        </temporalCoverage>
      </coverage>
      <methods>
        <methodStep>
          <description>This Landsat 5 image was selected based cloud-free and near-perfect albedo.</description>
        </methodStep>
      </methods>
      <attributeList>
        <attribute scope="document">
          <attributeName>pixel</attributeName>
          <attributeDefinition>Geodetically corrected and resampled picture element that corresponds to a single detector on the TM sensor, commonly referred to as a Digital Number.</attributeDefinition>
          <measurementScale>
            <ratio>
              <unit>
                <standardUnit>dimensionless</standardUnit>
              </unit>
              <precision>1</precision>
              <numericDomain>
                <numberType>integer</numberType>
                <bounds>
                  <minimum exclusive="false">0</minimum>
                  <maximum exclusive="false">255</maximum>
                </bounds>
              </numericDomain>
            </ratio>
          </measurementScale>
        </attribute>
      </attributeList>
      <spatialReference scope="document">
        <horizCoordSysName>WGS_1984_UTM_Zone_13N</horizCoordSysName>
      </spatialReference>
      <georeferenceInfo>
        <cornerPoint>
          <xCoordinate>312000.000</xCoordinate>
          <yCoordinate>4573200.000</yCoordinate>
          <pointInPixel>center</pointInPixel>
          <corner>Upper Left</corner>
        </cornerPoint>
      </georeferenceInfo>
      <horizontalAccuracy>
        <accuracyReport>Unknown</accuracyReport>
      </horizontalAccuracy>
      <verticalAccuracy>
        <accuracyReport>Unknown</accuracyReport>
      </verticalAccuracy>
      <cellSizeXDirection>30</cellSizeXDirection>
      <cellSizeYDirection>30</cellSizeYDirection>
      <numberOfBands>1</numberOfBands>
      <rasterOrigin>Upper Left</rasterOrigin>
      <rows>7291</rows>
      <columns>7941</columns>
      <verticals>1</verticals>
      <cellGeometry>pixel</cellGeometry>
      <imageDescription>
        <illuminationElevationAngle>24.15752568</illuminationElevationAngle>
        <illuminationAzimuthAngle>157.08635391</illuminationAzimuthAngle>
        <cloudCoverPercentage>0</cloudCoverPercentage>
        <bandDescription>
          <sequenceIdentifier>1</sequenceIdentifier>
          <highWavelength>0.52</highWavelength>
          <lowWaveLength>0.45</lowWaveLength>
          <waveLengthUnits>micron</waveLengthUnits>
        </bandDescription>
      </imageDescription>
    </spatialRaster>
    <spatialRaster>
      <entityName>LT50340322000337XXX02_B2.TIF</entityName>
      <entityDescription>Band 2 of Landsat 5 in GeoTIFF format</entityDescription>
      <physical>
        <objectName>LT50340322000337XXX02_B2.TIF</objectName>
        <size unit="byte">57956508</size>
        <dataFormat>
          <binaryRasterFormat>
            <rowColumnOrientation>row</rowColumnOrientation>
            <nbits>8</nbits>
            <byteorder>little-endian</byteorder>
            <skipbytes>58677</skipbytes>
          </binaryRasterFormat>
        </dataFormat>
        <distribution>
          <online>
            <url function="download">https://pasta.lternet.edu/package/data/eml/lter-landsat/7189/1/5d6107a04405d19c13ea65dfdf98fe29</url>
          </online>
        </distribution>
      </physical>
      <coverage>
        <geographicCoverage>
          <geographicDescription>Covering the Niwot Ridge LTER site</geographicDescription>
          <boundingCoordinates>
            <westBoundingCoordinate>-107.24513</westBoundingCoordinate>
            <eastBoundingCoordinate>-104.4003</eastBoundingCoordinate>
            <northBoundingCoordinate>41.3087</northBoundingCoordinate>
            <southBoundingCoordinate>39.3195</southBoundingCoordinate>
          </boundingCoordinates>
        </geographicCoverage>
        <temporalCoverage>
          <singleDateTime>
            <calendarDate>2000-12-02</calendarDate>
            <time>17:22:41.6560190Z</time>
          </singleDateTime>
        </temporalCoverage>
      </coverage>
      <methods>
        <methodStep>
          <description>This Landsat 5 image was selected based cloud-free and near-perfect albedo.</description>
        </methodStep>
      </methods>
      <attributeList>
        <attribute scope="document">
          <attributeName>pixel</attributeName>
          <attributeDefinition>Geodetically corrected and resampled picture element that corresponds to a single detector on the TM sensor, commonly referred to as a Digital Number.</attributeDefinition>
          <measurementScale>
            <ratio>
              <unit>
                <standardUnit>dimensionless</standardUnit>
              </unit>
              <precision>1</precision>
              <numericDomain>
                <numberType>integer</numberType>
                <bounds>
                  <minimum exclusive="false">0</minimum>
                  <maximum exclusive="false">255</maximum>
                </bounds>
              </numericDomain>
            </ratio>
          </measurementScale>
        </attribute>
      </attributeList>
      <spatialReference scope="document">
        <horizCoordSysName>WGS_1984_UTM_Zone_13N</horizCoordSysName>
      </spatialReference>
      <georeferenceInfo>
        <cornerPoint>
          <xCoordinate>312000.000</xCoordinate>
          <yCoordinate>4573200.000</yCoordinate>
          <pointInPixel>center</pointInPixel>
          <corner>Upper Left</corner>
        </cornerPoint>
      </georeferenceInfo>
      <horizontalAccuracy>
        <accuracyReport>Unknown</accuracyReport>
      </horizontalAccuracy>
      <verticalAccuracy>
        <accuracyReport>Unknown</accuracyReport>
      </verticalAccuracy>
      <cellSizeXDirection>30</cellSizeXDirection>
      <cellSizeYDirection>30</cellSizeYDirection>
      <numberOfBands>1</numberOfBands>
      <rasterOrigin>Upper Left</rasterOrigin>
      <rows>7291</rows>
      <columns>7941</columns>
      <verticals>1</verticals>
      <cellGeometry>pixel</cellGeometry>
      <imageDescription>
        <illuminationElevationAngle>24.15752568</illuminationElevationAngle>
        <illuminationAzimuthAngle>157.08635391</illuminationAzimuthAngle>
        <cloudCoverPercentage>0</cloudCoverPercentage>
        <bandDescription>
          <sequenceIdentifier>2</sequenceIdentifier>
          <highWavelength>0.60</highWavelength>
          <lowWaveLength>0.52</lowWaveLength>
          <waveLengthUnits>micron</waveLengthUnits>
        </bandDescription>
      </imageDescription>
    </spatialRaster>
    <spatialRaster>
      <entityName>LT50340322000337XXX02_B3.TIF</entityName>
      <entityDescription>Band 3 of Landsat 5 in GeoTIFF format</entityDescription>
      <physical>
        <objectName>LT50340322000337XXX02_B3.TIF</objectName>
        <size unit="byte">57956508</size>
        <dataFormat>
          <binaryRasterFormat>
            <rowColumnOrientation>row</rowColumnOrientation>
            <nbits>8</nbits>
            <byteorder>little-endian</byteorder>
            <skipbytes>58677</skipbytes>
          </binaryRasterFormat>
        </dataFormat>
        <distribution>
          <online>
            <url function="download">https://pasta.lternet.edu/package/data/eml/lter-landsat/7189/1/33ac3e9590c5b31a21d4d8be237d236f</url>
          </online>
        </distribution>
      </physical>
      <coverage>
        <geographicCoverage>
          <geographicDescription>Covering the Niwot Ridge LTER site</geographicDescription>
          <boundingCoordinates>
            <westBoundingCoordinate>-107.24513</westBoundingCoordinate>
            <eastBoundingCoordinate>-104.4003</eastBoundingCoordinate>
            <northBoundingCoordinate>41.3087</northBoundingCoordinate>
            <southBoundingCoordinate>39.3195</southBoundingCoordinate>
          </boundingCoordinates>
        </geographicCoverage>
        <temporalCoverage>
          <singleDateTime>
            <calendarDate>2000-12-02</calendarDate>
            <time>17:22:41.6560190Z</time>
          </singleDateTime>
        </temporalCoverage>
      </coverage>
      <methods>
        <methodStep>
          <description>This Landsat 5 image was selected based cloud-free and near-perfect albedo.</description>
        </methodStep>
      </methods>
      <attributeList>
        <attribute scope="document">
          <attributeName>pixel</attributeName>
          <attributeDefinition>Geodetically corrected and resampled picture element that corresponds to a single detector on the TM sensor, commonly referred to as a Digital Number.</attributeDefinition>
          <measurementScale>
            <ratio>
              <unit>
                <standardUnit>dimensionless</standardUnit>
              </unit>
              <precision>1</precision>
              <numericDomain>
                <numberType>integer</numberType>
                <bounds>
                  <minimum exclusive="false">0</minimum>
                  <maximum exclusive="false">255</maximum>
                </bounds>
              </numericDomain>
            </ratio>
          </measurementScale>
        </attribute>
      </attributeList>
      <spatialReference scope="document">
        <horizCoordSysName>WGS_1984_UTM_Zone_13N</horizCoordSysName>
      </spatialReference>
      <georeferenceInfo>
        <cornerPoint>
          <xCoordinate>312000.000</xCoordinate>
          <yCoordinate>4573200.000</yCoordinate>
          <pointInPixel>center</pointInPixel>
          <corner>Upper Left</corner>
        </cornerPoint>
      </georeferenceInfo>
      <horizontalAccuracy>
        <accuracyReport>Unknown</accuracyReport>
      </horizontalAccuracy>
      <verticalAccuracy>
        <accuracyReport>Unknown</accuracyReport>
      </verticalAccuracy>
      <cellSizeXDirection>30</cellSizeXDirection>
      <cellSizeYDirection>30</cellSizeYDirection>
      <numberOfBands>1</numberOfBands>
      <rasterOrigin>Upper Left</rasterOrigin>
      <rows>7291</rows>
      <columns>7941</columns>
      <verticals>1</verticals>
      <cellGeometry>pixel</cellGeometry>
      <imageDescription>
        <illuminationElevationAngle>24.15752568</illuminationElevationAngle>
        <illuminationAzimuthAngle>157.08635391</illuminationAzimuthAngle>
        <cloudCoverPercentage>0</cloudCoverPercentage>
        <bandDescription>
          <sequenceIdentifier>3</sequenceIdentifier>
          <highWavelength>0.69</highWavelength>
          <lowWaveLength>0.63</lowWaveLength>
          <waveLengthUnits>micron</waveLengthUnits>
        </bandDescription>
      </imageDescription>
    </spatialRaster>
    <spatialRaster>
      <entityName>LT50340322000337XXX02_B4.TIF</entityName>
      <entityDescription>Band 4 of Landsat 5 in GeoTIFF format</entityDescription>
      <physical>
        <objectName>LT50340322000337XXX02_B4.TIF</objectName>
        <size unit="byte">57956508</size>
        <dataFormat>
          <binaryRasterFormat>
            <rowColumnOrientation>row</rowColumnOrientation>
            <nbits>8</nbits>
            <byteorder>little-endian</byteorder>
            <skipbytes>58677</skipbytes>
          </binaryRasterFormat>
        </dataFormat>
        <distribution>
          <online>
            <url function="download">https://pasta.lternet.edu/package/data/eml/lter-landsat/7189/1/afbce13f366fa28a4f8f6713e20dfdcd</url>
          </online>
        </distribution>
      </physical>
      <coverage>
        <geographicCoverage>
          <geographicDescription>Covering the Niwot Ridge LTER site</geographicDescription>
          <boundingCoordinates>
            <westBoundingCoordinate>-107.24513</westBoundingCoordinate>
            <eastBoundingCoordinate>-104.4003</eastBoundingCoordinate>
            <northBoundingCoordinate>41.3087</northBoundingCoordinate>
            <southBoundingCoordinate>39.3195</southBoundingCoordinate>
          </boundingCoordinates>
        </geographicCoverage>
        <temporalCoverage>
          <singleDateTime>
            <calendarDate>2000-12-02</calendarDate>
            <time>17:22:41.6560190Z</time>
          </singleDateTime>
        </temporalCoverage>
      </coverage>
      <methods>
        <methodStep>
          <description>This Landsat 5 image was selected based cloud-free and near-perfect albedo.</description>
        </methodStep>
      </methods>
      <attributeList>
        <attribute scope="document">
          <attributeName>pixel</attributeName>
          <attributeDefinition>Geodetically corrected and resampled picture element that corresponds to a single detector on the TM sensor, commonly referred to as a Digital Number.</attributeDefinition>
          <measurementScale>
            <ratio>
              <unit>
                <standardUnit>dimensionless</standardUnit>
              </unit>
              <precision>1</precision>
              <numericDomain>
                <numberType>integer</numberType>
                <bounds>
                  <minimum exclusive="false">0</minimum>
                  <maximum exclusive="false">255</maximum>
                </bounds>
              </numericDomain>
            </ratio>
          </measurementScale>
        </attribute>
      </attributeList>
      <spatialReference scope="document">
        <horizCoordSysName>WGS_1984_UTM_Zone_13N</horizCoordSysName>
      </spatialReference>
      <georeferenceInfo>
        <cornerPoint>
          <xCoordinate>312000.000</xCoordinate>
          <yCoordinate>4573200.000</yCoordinate>
          <pointInPixel>center</pointInPixel>
          <corner>Upper Left</corner>
        </cornerPoint>
      </georeferenceInfo>
      <horizontalAccuracy>
        <accuracyReport>Unknown</accuracyReport>
      </horizontalAccuracy>
      <verticalAccuracy>
        <accuracyReport>Unknown</accuracyReport>
      </verticalAccuracy>
      <cellSizeXDirection>30</cellSizeXDirection>
      <cellSizeYDirection>30</cellSizeYDirection>
      <numberOfBands>1</numberOfBands>
      <rasterOrigin>Upper Left</rasterOrigin>
      <rows>7291</rows>
      <columns>7941</columns>
      <verticals>1</verticals>
      <cellGeometry>pixel</cellGeometry>
      <imageDescription>
        <illuminationElevationAngle>24.15752568</illuminationElevationAngle>
        <illuminationAzimuthAngle>157.08635391</illuminationAzimuthAngle>
        <cloudCoverPercentage>0</cloudCoverPercentage>
        <bandDescription>
          <sequenceIdentifier>4</sequenceIdentifier>
          <highWavelength>0.90</highWavelength>
          <lowWaveLength>0.76</lowWaveLength>
          <waveLengthUnits>micron</waveLengthUnits>
        </bandDescription>
      </imageDescription>
    </spatialRaster>
    <spatialRaster>
      <entityName>LT50340322000337XXX02_B5.TIF</entityName>
      <entityDescription>Band 5 of Landsat 5 in GeoTIFF format</entityDescription>
      <physical>
        <objectName>LT50340322000337XXX02_B5.TIF</objectName>
        <size unit="byte">57956508</size>
        <dataFormat>
          <binaryRasterFormat>
            <rowColumnOrientation>row</rowColumnOrientation>
            <nbits>8</nbits>
            <byteorder>little-endian</byteorder>
            <skipbytes>58677</skipbytes>
          </binaryRasterFormat>
        </dataFormat>
        <distribution>
          <online>
            <url function="download">https://pasta.lternet.edu/package/data/eml/lter-landsat/7189/1/94ff5a821edb898ad146d68a1bab30c6</url>
          </online>
        </distribution>
      </physical>
      <coverage>
        <geographicCoverage>
          <geographicDescription>Covering the Niwot Ridge LTER site</geographicDescription>
          <boundingCoordinates>
            <westBoundingCoordinate>-107.24513</westBoundingCoordinate>
            <eastBoundingCoordinate>-104.4003</eastBoundingCoordinate>
            <northBoundingCoordinate>41.3087</northBoundingCoordinate>
            <southBoundingCoordinate>39.3195</southBoundingCoordinate>
          </boundingCoordinates>
        </geographicCoverage>
        <temporalCoverage>
          <singleDateTime>
            <calendarDate>2000-12-02</calendarDate>
            <time>17:22:41.6560190Z</time>
          </singleDateTime>
        </temporalCoverage>
      </coverage>
      <methods>
        <methodStep>
          <description>This Landsat 5 image was selected based cloud-free and near-perfect albedo.</description>
        </methodStep>
      </methods>
      <attributeList>
        <attribute scope="document">
          <attributeName>pixel</attributeName>
          <attributeDefinition>Geodetically corrected and resampled picture element that corresponds to a single detector on the TM sensor, commonly referred to as a Digital Number.</attributeDefinition>
          <measurementScale>
            <ratio>
              <unit>
                <standardUnit>dimensionless</standardUnit>
              </unit>
              <precision>1</precision>
              <numericDomain>
                <numberType>integer</numberType>
                <bounds>
                  <minimum exclusive="false">0</minimum>
                  <maximum exclusive="false">255</maximum>
                </bounds>
              </numericDomain>
            </ratio>
          </measurementScale>
        </attribute>
      </attributeList>
      <spatialReference scope="document">
        <horizCoordSysName>WGS_1984_UTM_Zone_13N</horizCoordSysName>
      </spatialReference>
      <georeferenceInfo>
        <cornerPoint>
          <xCoordinate>312000.000</xCoordinate>
          <yCoordinate>4573200.000</yCoordinate>
          <pointInPixel>center</pointInPixel>
          <corner>Upper Left</corner>
        </cornerPoint>
      </georeferenceInfo>
      <horizontalAccuracy>
        <accuracyReport>Unknown</accuracyReport>
      </horizontalAccuracy>
      <verticalAccuracy>
        <accuracyReport>Unknown</accuracyReport>
      </verticalAccuracy>
      <cellSizeXDirection>30</cellSizeXDirection>
      <cellSizeYDirection>30</cellSizeYDirection>
      <numberOfBands>1</numberOfBands>
      <rasterOrigin>Upper Left</rasterOrigin>
      <rows>7291</rows>
      <columns>7941</columns>
      <verticals>1</verticals>
      <cellGeometry>pixel</cellGeometry>
      <imageDescription>
        <illuminationElevationAngle>24.15752568</illuminationElevationAngle>
        <illuminationAzimuthAngle>157.08635391</illuminationAzimuthAngle>
        <cloudCoverPercentage>0</cloudCoverPercentage>
        <bandDescription>
          <sequenceIdentifier>5</sequenceIdentifier>
          <highWavelength>1.75</highWavelength>
          <lowWaveLength>1.55</lowWaveLength>
          <waveLengthUnits>micron</waveLengthUnits>
        </bandDescription>
      </imageDescription>
    </spatialRaster>
    <spatialRaster>
      <entityName>LT50340322000337XXX02_B6.TIF</entityName>
      <entityDescription>Band 6 of Landsat 5 in GeoTIFF format</entityDescription>
      <physical>
        <objectName>LT50340322000337XXX02_B6.TIF</objectName>
        <size unit="byte">57956508</size>
        <dataFormat>
          <binaryRasterFormat>
            <rowColumnOrientation>row</rowColumnOrientation>
            <nbits>8</nbits>
            <byteorder>little-endian</byteorder>
            <skipbytes>58677</skipbytes>
          </binaryRasterFormat>
        </dataFormat>
        <distribution>
          <online>
            <url function="download">https://pasta.lternet.edu/package/data/eml/lter-landsat/7189/1/cc7a96316ee345dfa9ac692c9220c363</url>
          </online>
        </distribution>
      </physical>
      <coverage>
        <geographicCoverage>
          <geographicDescription>Covering the Niwot Ridge LTER site</geographicDescription>
          <boundingCoordinates>
            <westBoundingCoordinate>-107.24513</westBoundingCoordinate>
            <eastBoundingCoordinate>-104.4003</eastBoundingCoordinate>
            <northBoundingCoordinate>41.3087</northBoundingCoordinate>
            <southBoundingCoordinate>39.3195</southBoundingCoordinate>
          </boundingCoordinates>
        </geographicCoverage>
        <temporalCoverage>
          <singleDateTime>
            <calendarDate>2000-12-02</calendarDate>
            <time>17:22:41.6560190Z</time>
          </singleDateTime>
        </temporalCoverage>
      </coverage>
      <methods>
        <methodStep>
          <description>This Landsat 5 image was selected based cloud-free and near-perfect albedo.</description>
        </methodStep>
      </methods>
      <attributeList>
        <attribute scope="document">
          <attributeName>pixel</attributeName>
          <attributeDefinition>Geodetically corrected and resampled picture element that corresponds to a single detector on the TM sensor, commonly referred to as a Digital Number.</attributeDefinition>
          <measurementScale>
            <ratio>
              <unit>
                <standardUnit>dimensionless</standardUnit>
              </unit>
              <precision>1</precision>
              <numericDomain>
                <numberType>integer</numberType>
                <bounds>
                  <minimum exclusive="false">0</minimum>
                  <maximum exclusive="false">255</maximum>
                </bounds>
              </numericDomain>
            </ratio>
          </measurementScale>
        </attribute>
      </attributeList>
      <spatialReference scope="document">
        <horizCoordSysName>WGS_1984_UTM_Zone_13N</horizCoordSysName>
      </spatialReference>
      <georeferenceInfo>
        <cornerPoint>
          <xCoordinate>312000.000</xCoordinate>
          <yCoordinate>4573200.000</yCoordinate>
          <pointInPixel>center</pointInPixel>
          <corner>Upper Left</corner>
        </cornerPoint>
      </georeferenceInfo>
      <horizontalAccuracy>
        <accuracyReport>Unknown</accuracyReport>
      </horizontalAccuracy>
      <verticalAccuracy>
        <accuracyReport>Unknown</accuracyReport>
      </verticalAccuracy>
      <cellSizeXDirection>30</cellSizeXDirection>
      <cellSizeYDirection>30</cellSizeYDirection>
      <numberOfBands>1</numberOfBands>
      <rasterOrigin>Upper Left</rasterOrigin>
      <rows>7291</rows>
      <columns>7941</columns>
      <verticals>1</verticals>
      <cellGeometry>pixel</cellGeometry>
      <imageDescription>
        <illuminationElevationAngle>24.15752568</illuminationElevationAngle>
        <illuminationAzimuthAngle>157.08635391</illuminationAzimuthAngle>
        <cloudCoverPercentage>0</cloudCoverPercentage>
        <bandDescription>
          <sequenceIdentifier>6</sequenceIdentifier>
          <highWavelength>12.5</highWavelength>
          <lowWaveLength>10.4</lowWaveLength>
          <waveLengthUnits>micron</waveLengthUnits>
        </bandDescription>
      </imageDescription>
    </spatialRaster>
    <spatialRaster>
      <entityName>LT50340322000337XXX02_B7.TIF</entityName>
      <entityDescription>Band 7 of Landsat 5 in GeoTIFF format</entityDescription>
      <physical>
        <objectName>LT50340322000337XXX02_B7.TIF</objectName>
        <size unit="byte">57956508</size>
        <dataFormat>
          <binaryRasterFormat>
            <rowColumnOrientation>row</rowColumnOrientation>
            <nbits>8</nbits>
            <byteorder>little-endian</byteorder>
            <skipbytes>58677</skipbytes>
          </binaryRasterFormat>
        </dataFormat>
        <distribution>
          <online>
            <url function="download">https://pasta.lternet.edu/package/data/eml/lter-landsat/7189/1/f16253b03801603acb35c77648304833</url>
          </online>
        </distribution>
      </physical>
      <coverage>
        <geographicCoverage>
          <geographicDescription>Covering the Niwot Ridge LTER site</geographicDescription>
          <boundingCoordinates>
            <westBoundingCoordinate>-107.24513</westBoundingCoordinate>
            <eastBoundingCoordinate>-104.4003</eastBoundingCoordinate>
            <northBoundingCoordinate>41.3087</northBoundingCoordinate>
            <southBoundingCoordinate>39.3195</southBoundingCoordinate>
          </boundingCoordinates>
        </geographicCoverage>
        <temporalCoverage>
          <singleDateTime>
            <calendarDate>2000-12-02</calendarDate>
            <time>17:22:41.6560190Z</time>
          </singleDateTime>
        </temporalCoverage>
      </coverage>
      <methods>
        <methodStep>
          <description>This Landsat 5 image was selected based cloud-free and near-perfect albedo.</description>
        </methodStep>
      </methods>
      <attributeList>
        <attribute scope="document">
          <attributeName>pixel</attributeName>
          <attributeDefinition>Geodetically corrected and resampled picture element that corresponds to a single detector on the TM sensor, commonly referred to as a Digital Number.</attributeDefinition>
          <measurementScale>
            <ratio>
              <unit>
                <standardUnit>dimensionless</standardUnit>
              </unit>
              <precision>1</precision>
              <numericDomain>
                <numberType>integer</numberType>
                <bounds>
                  <minimum exclusive="false">0</minimum>
                  <maximum exclusive="false">255</maximum>
                </bounds>
              </numericDomain>
            </ratio>
          </measurementScale>
        </attribute>
      </attributeList>
      <spatialReference scope="document">
        <horizCoordSysName>WGS_1984_UTM_Zone_13N</horizCoordSysName>
      </spatialReference>
      <georeferenceInfo>
        <cornerPoint>
          <xCoordinate>312000.000</xCoordinate>
          <yCoordinate>4573200.000</yCoordinate>
          <pointInPixel>center</pointInPixel>
          <corner>Upper Left</corner>
        </cornerPoint>
      </georeferenceInfo>
      <horizontalAccuracy>
        <accuracyReport>Unknown</accuracyReport>
      </horizontalAccuracy>
      <verticalAccuracy>
        <accuracyReport>Unknown</accuracyReport>
      </verticalAccuracy>
      <cellSizeXDirection>30</cellSizeXDirection>
      <cellSizeYDirection>30</cellSizeYDirection>
      <numberOfBands>1</numberOfBands>
      <rasterOrigin>Upper Left</rasterOrigin>
      <rows>7291</rows>
      <columns>7941</columns>
      <verticals>1</verticals>
      <cellGeometry>pixel</cellGeometry>
      <imageDescription>
        <illuminationElevationAngle>24.15752568</illuminationElevationAngle>
        <illuminationAzimuthAngle>157.08635391</illuminationAzimuthAngle>
        <cloudCoverPercentage>0</cloudCoverPercentage>
        <bandDescription>
          <sequenceIdentifier>7</sequenceIdentifier>
          <highWavelength>2.35</highWavelength>
          <lowWaveLength>2.08</lowWaveLength>
          <waveLengthUnits>micron</waveLengthUnits>
        </bandDescription>
      </imageDescription>
    </spatialRaster>
    <otherEntity>
      <entityName>LT50340322000337XXX02_MTLold.txt</entityName>
      <physical>
        <objectName>LT50340322000337XXX02_MTLold.txt</objectName>
        <size unit="byte">65535</size>
        <dataFormat>
          <externallyDefinedFormat>
            <formatName>text/plain</formatName>
          </externallyDefinedFormat>
        </dataFormat>
        <distribution>
          <online>
            <url function="download">https://pasta.lternet.edu/package/data/eml/lter-landsat/7189/1/eebd27e8608129e6202a81196213b17a</url>
          </online>
        </distribution>
      </physical>
      <entityType>Free form text metadata</entityType>
    </otherEntity>
    <otherEntity>
      <entityName>LT50340322000337XXX02_VER.txt</entityName>
      <entityDescription>Geometric Verify Report</entityDescription>
      <physical>
        <objectName>LT50340322000337XXX02_VER.txt</objectName>
        <size unit="byte">198764</size>
        <dataFormat>
          <externallyDefinedFormat>
            <formatName>text/plain</formatName>
          </externallyDefinedFormat>
        </dataFormat>
        <distribution>
          <online>
            <url function="download">https://pasta.lternet.edu/package/data/eml/lter-landsat/7189/1/726090e14a934d63ab346b93e9ec07fe</url>
          </online>
        </distribution>
      </physical>
      <entityType>Free form text metadata</entityType>
    </otherEntity>
    <otherEntity>
      <entityName>README.GTF</entityName>
      <entityDescription>USGS Level-1 Product Information for GeoTIFF</entityDescription>
      <physical>
        <objectName>README.GTF</objectName>
        <size unit="byte">8776</size>
        <dataFormat>
          <externallyDefinedFormat>
            <formatName>text/plain</formatName>
          </externallyDefinedFormat>
        </dataFormat>
        <distribution>
          <online>
            <url function="download">https://pasta.lternet.edu/package/data/eml/lter-landsat/7189/1/5ec868061fceb612137c1cc4eed40c0b</url>
          </online>
        </distribution>
      </physical>
      <entityType>Free form text metadata</entityType>
    </otherEntity>
    <otherEntity>
      <entityName>LT50340322000337XXX02_VER.jpg</entityName>
      <entityDescription>JPEG image</entityDescription>
      <physical>
        <objectName>LT50340322000337XXX02_VER.jpg</objectName>
        <size unit="byte">733197</size>
        <dataFormat>
          <externallyDefinedFormat>
            <formatName>image/jpeg</formatName>
          </externallyDefinedFormat>
        </dataFormat>
        <distribution>
          <online>
            <url function="download">https://pasta.lternet.edu/package/data/eml/lter-landsat/7189/1/f1a78430182432ef1f8883da29d9ba8d</url>
          </online>
        </distribution>
      </physical>
      <entityType>Image</entityType>
    </otherEntity>
    <otherEntity>
      <entityName>LT50340322000337XXX02_MTL.txt</entityName>
      <entityDescription>Native Landsat 5 metadata</entityDescription>
      <physical>
        <objectName>LT50340322000337XXX02_MTL.txt</objectName>
        <size unit="byte">65535</size>
        <dataFormat>
          <externallyDefinedFormat>
            <formatName>text/plain</formatName>
          </externallyDefinedFormat>
        </dataFormat>
        <distribution>
          <online>
            <url function="download">https://pasta.lternet.edu/package/data/eml/lter-landsat/7189/1/e8a55c5e68a54c22c507f231db8d18cd</url>
          </online>
        </distribution>
      </physical>
      <entityType>Free form text metadata</entityType>
    </otherEntity>
    <otherEntity>
      <entityName>LT50340322000337XXX02_GCP.txt</entityName>
      <entityDescription>Ground Control Point (GCP) text file</entityDescription>
      <physical>
        <objectName>LT50340322000337XXX02_GCP.txt</objectName>
        <size unit="byte">11574</size>
        <dataFormat>
          <externallyDefinedFormat>
            <formatName>text/plain</formatName>
          </externallyDefinedFormat>
        </dataFormat>
        <distribution>
          <online>
            <url function="download">https://pasta.lternet.edu/package/data/eml/lter-landsat/7189/1/d7534590bd182ece19b28ebb57fe057e</url>
          </online>
        </distribution>
      </physical>
      <entityType>Free form text metadata</entityType>
    </otherEntity>
    <otherEntity>
      <entityName>LT50340322000337XXX02.jpg</entityName>
      <entityDescription>Quicklooks JPEG image</entityDescription>
      <physical>
        <objectName>LT50340322000337XXX02.jpg</objectName>
        <size unit="byte">7923675</size>
        <dataFormat>
          <externallyDefinedFormat>
            <formatName>image/jpeg</formatName>
          </externallyDefinedFormat>
        </dataFormat>
        <distribution>
          <online>
            <url function="download">https://pasta.lternet.edu/package/data/eml/lter-landsat/7189/1/54faf988c4fe54ec16d7c80f10e50fbf</url>
          </online>
        </distribution>
      </physical>
      <entityType>Image</entityType>
    </otherEntity>
  </dataset>
</eml:eml>