<eml:eml xmlns:eml="eml://ecoinformatics.org/eml-2.1.1" xmlns:xsi="http://www.w3.org/2001/XMLSchema-instance" packageId="knb-lter-fce.1200.2" system="https://pasta.lternet.edu" xsi:schemaLocation="eml://ecoinformatics.org/eml-2.1.1 http://nis.lternet.edu/schemas/eml/eml-2.1.1/eml.xsd">
  <access authSystem="https://pasta.lternet.edu/authentication" order="allowFirst" scope="document" system="https://pasta.lternet.edu">
    <allow>
      <principal>uid=FCE,o=lter,dc=ecoinformatics,dc=org</principal>
      <permission>read</permission>
    </allow>
    <allow>
      <principal>public</principal>
      <permission>read</permission>
    </allow>
  </access>
  <dataset id="ST_TDCS_Harrison_001">
    <alternateIdentifier>ST_TDCS_Harrison_001</alternateIdentifier>
    <title>Cichlasoma urophthalmus microsatellite fragment size collected from the Florida Everglades (FCE) and Central America from June 2010 to March 2013</title>
    <creator>
      <individualName>
        <salutation>Dr. </salutation>
        <givenName>Elizabeth</givenName>
        <surName>Harrison</surName>
      </individualName>
      <organizationName>Florida Coastal Everglades LTER Program</organizationName>
      <positionName>Assistant Professor</positionName>
      <address>
        <deliveryPoint>Georgia Gwinnet College</deliveryPoint>
        <deliveryPoint>1000 University Center Lane</deliveryPoint>
        <deliveryPoint> I-3108
</deliveryPoint>
        <city>Lawrenceville</city>
        <administrativeArea>GA</administrativeArea>
        <postalCode>30043</postalCode>
        <country>USA</country>
      </address>
      <phone phonetype="voice">404-450-8111</phone>
      <electronicMailAddress>eharrison1@ggc.edu</electronicMailAddress>
    </creator>
    <creator>
      <individualName>
        <salutation>Dr. </salutation>
        <givenName>Joel </givenName>
        <surName>Trexler</surName>
      </individualName>
      <organizationName>Florida Coastal Everglades LTER Program</organizationName>
      <positionName>Director of Marine Science</positionName>
      <address>
        <deliveryPoint>3000 NE 151 St</deliveryPoint>
        <city>North Miami</city>
        <administrativeArea>FL</administrativeArea>
        <postalCode>33181</postalCode>
        <country>USA</country>
      </address>
      <phone phonetype="voice">305-348-1966</phone>
      <phone phonetype="fax">305-919-4030</phone>
      <electronicMailAddress>trexlerj@fiu.edu</electronicMailAddress>
      <onlineUrl>http://faculty.fiu.edu/~trexlerj/research_interests.htm</onlineUrl>
    </creator>
    <metadataProvider>
      <organizationName>Florida Coastal Everglades LTER Program</organizationName>
      <address>
        <deliveryPoint>Florida International University</deliveryPoint>
        <deliveryPoint> University Park</deliveryPoint>
        <deliveryPoint> OE 148</deliveryPoint>
        <city>Miami</city>
        <administrativeArea>FL</administrativeArea>
        <postalCode>33199</postalCode>
        <country>USA</country>
      </address>
      <phone phonetype="voice">305-348-6054</phone>
      <electronicMailAddress>fcelter@fiu.edu  </electronicMailAddress>
      <onlineUrl>http://fcelter.fiu.edu  </onlineUrl>
    </metadataProvider>
    <associatedParty>
      <individualName>
        <givenName>Elizabeth</givenName>
        <surName>Harrison</surName>
      </individualName>
      <organizationName>Florida International University</organizationName>
      <address>
        <deliveryPoint>Georgia Gwinnet College</deliveryPoint>
        <deliveryPoint>1000 University Center Lane</deliveryPoint>
        <deliveryPoint> I-3108</deliveryPoint>
        <city>Lawrenceville</city>
        <administrativeArea>GA</administrativeArea>
        <postalCode>30043</postalCode>
        <country>USA</country>
      </address>
      <phone phonetype="voice">404-450-8111</phone>
      <electronicMailAddress>eharrison1@ggc.edu</electronicMailAddress>
      <role>Graduate student</role>
    </associatedParty>
    <associatedParty>
      <individualName>
        <givenName>Ella </givenName>
        <surName>Vazquez-Dom&#237;nguez</surName>
      </individualName>
      <organizationName>Universidad Nacional Aut&#243;noma de M&#233;xico</organizationName>
      <role>Project Collaborator</role>
    </associatedParty>
    <associatedParty>
      <individualName>
        <givenName>Ulises</givenName>
        <surName>Razo-Mendivil</surName>
      </individualName>
      <organizationName>Red de Biolog&#237;a Evolutiva</organizationName>
      <role>Project Collaborator</role>
    </associatedParty>
    <associatedParty>
      <individualName>
        <givenName>Wilfredo</givenName>
        <surName>Matamoros</surName>
      </individualName>
      <organizationName>Univ So Mississippi</organizationName>
      <role>Project Collaborator</role>
    </associatedParty>
    <associatedParty>
      <individualName>
        <givenName>Christian</givenName>
        <surName>Barrientos</surName>
      </individualName>
      <organizationName>University of Florida</organizationName>
      <role>Project Collaborator</role>
    </associatedParty>
    <pubDate>2014-11-10</pubDate>
    <abstract>
      <para>Fragment sizes for 17 microsatellite markers obtained from samples of Cichlasoma urophthalmus collected from fin clippings of fish caught by angling and/or cast netting within the Florida Everglades and Central America. DNA was extracted, amplified and sizes of microsatellite fragments were rounded to nearest unit. Data were used to determine population genetic structure using GenAlex, Structure and DIYABC programs.</para>
    </abstract>
    <keywordSet>
      <keyword>FCE</keyword>
      <keyword>Florida Coastal Everglades LTER</keyword>
      <keyword>ecological research</keyword>
      <keyword>long-term monitoring</keyword>
      <keyword>Cichlasoma urophthalmus microsatellite fragment size</keyword>
      <keyword>microsatellites</keyword>
      <keyword>Central America</keyword>
      <keyword>DNA</keyword>
      <keyword>South Florida</keyword>
      <keyword>urban Miami</keyword>
      <keyword>Miami</keyword>
      <keyword>canals</keyword>
      <keyword>consumers</keyword>
      <keyword>fish</keyword>
      <keywordThesaurus>LTER Keyword Thesaurus</keywordThesaurus>
    </keywordSet>
    <intellectualRights>
      <para>These data are classified as 'Type I' whereby original FCE LTER experimental data collected by individual FCE researchers are available for scientific purposes 2 years after collection.  Maximum lock period = 2 years. All publications based on this dataset must cite the data Contributor, the Florida Coastal Everglades Long-Term Ecological Research (LTER) Program and that this material is based upon work supported by the National Science Foundation through the Florida Coastal Everglades Long-Term Ecological Research program under Cooperative Agreements #DBI-0620409, and #DEB-9910514. Additionally, two copies of the manuscript must be submitted to the Florida Coastal Everglades LTER Program Office, LTER Program Manager, Florida International University, Southeast Environmental Research Center, OE 148, University Park, Miami, Florida 33199.  For a complete description of the FCE LTER Data Distribution and Data User Agreement, please go to FCE Data Management Policy at http://fcelter.fiu.edu/data/DataMgmt.pdf and LTER Network Data Access Policy at http://fcelter.fiu.edu/data/core/data_user_agreement/distribution_policy.html.</para>
    </intellectualRights>
    <distribution>
      <online>
        <url>http://fcelter.fiu.edu/perl/public_data_download.pl?datasetid=ST_TDCS_Harrison_001.txt</url>
      </online>
    </distribution>
    <coverage>
      <geographicCoverage>
        <geographicDescription>Data were collected within ENP, in urban Miami canals and in Mexico, Belize, Guatemala, Honduras, and Nicaragua</geographicDescription>
        <boundingCoordinates>
          <westBoundingCoordinate>-81.850</westBoundingCoordinate>
          <eastBoundingCoordinate>-81.771</eastBoundingCoordinate>
          <northBoundingCoordinate>26.634</northBoundingCoordinate>
          <southBoundingCoordinate>26.203</southBoundingCoordinate>
        </boundingCoordinates>
      </geographicCoverage>
      <geographicCoverage>
        <geographicDescription>Florida Coastal Everglades LTER Study Area: South Florida, Everglades National Park, and Florida Bay</geographicDescription>
        <boundingCoordinates>
          <westBoundingCoordinate>-81.078</westBoundingCoordinate>
          <eastBoundingCoordinate>-80.490</eastBoundingCoordinate>
          <northBoundingCoordinate>25.761</northBoundingCoordinate>
          <southBoundingCoordinate>24.913</southBoundingCoordinate>
        </boundingCoordinates>
      </geographicCoverage>
      <geographicCoverage>
        <geographicDescription>Mexico</geographicDescription>
        <boundingCoordinates>
          <westBoundingCoordinate>-91.583</westBoundingCoordinate>
          <eastBoundingCoordinate>-88.197</eastBoundingCoordinate>
          <northBoundingCoordinate>18.709</northBoundingCoordinate>
          <southBoundingCoordinate>24.692</southBoundingCoordinate>
        </boundingCoordinates>
      </geographicCoverage>
      <geographicCoverage>
        <geographicDescription>Belize</geographicDescription>
        <boundingCoordinates>
          <westBoundingCoordinate>-88.494</westBoundingCoordinate>
          <eastBoundingCoordinate>-88.192</eastBoundingCoordinate>
          <northBoundingCoordinate>17.625</northBoundingCoordinate>
          <southBoundingCoordinate>17.021</southBoundingCoordinate>
        </boundingCoordinates>
      </geographicCoverage>
      <geographicCoverage>
        <geographicDescription>Guatemala</geographicDescription>
        <boundingCoordinates>
          <westBoundingCoordinate>-89.891</westBoundingCoordinate>
          <eastBoundingCoordinate>-89.640</eastBoundingCoordinate>
          <northBoundingCoordinate>16.929</northBoundingCoordinate>
          <southBoundingCoordinate>16.973</southBoundingCoordinate>
        </boundingCoordinates>
      </geographicCoverage>
      <geographicCoverage>
        <geographicDescription>Honduras</geographicDescription>
        <boundingCoordinates>
          <westBoundingCoordinate>-88.216</westBoundingCoordinate>
          <eastBoundingCoordinate>-85.912</eastBoundingCoordinate>
          <northBoundingCoordinate>15.848</northBoundingCoordinate>
          <southBoundingCoordinate>15.092</southBoundingCoordinate>
        </boundingCoordinates>
      </geographicCoverage>
      <geographicCoverage>
        <geographicDescription>Nicaragua</geographicDescription>
        <boundingCoordinates>
          <westBoundingCoordinate>-83.571</westBoundingCoordinate>
          <eastBoundingCoordinate>-83.305</eastBoundingCoordinate>
          <northBoundingCoordinate>13.414</northBoundingCoordinate>
          <southBoundingCoordinate>14.187</southBoundingCoordinate>
        </boundingCoordinates>
      </geographicCoverage>
      <temporalCoverage>
        <rangeOfDates>
          <beginDate>
            <calendarDate>2010-06-17</calendarDate>
          </beginDate>
          <endDate>
            <calendarDate>2013-03-09</calendarDate>
          </endDate>
        </rangeOfDates>
      </temporalCoverage>
      <taxonomicCoverage>
        <taxonomicClassification>
          <taxonRankName>species</taxonRankName>
          <taxonRankValue>Cichlasoma urophthalmus</taxonRankValue>
        </taxonomicClassification>
      </taxonomicCoverage>
    </coverage>
    <maintenance>
      <description>
        <para>This is a short-term consumer dataset.</para>
      </description>
    </maintenance>
    <contact>
      <positionName>Information Manager</positionName>
      <organizationName>LTER Network Office</organizationName>
      <address>
        <deliveryPoint>UNM Biology Department, MSC03-2020</deliveryPoint>
        <deliveryPoint>1 University of New Mexico</deliveryPoint>
        <city>Albuquerque</city>
        <administrativeArea>NM</administrativeArea>
        <postalCode>87131-0001</postalCode>
        <country>USA</country>
      </address>
      <phone phonetype="voice">505 277-2535</phone>
      <phone phonetype="fax">505 277-2541</phone>
      <electronicMailAddress>tech-support@lternet.edu</electronicMailAddress>
      <onlineUrl>http://www.lternet.edu</onlineUrl>
    </contact>
    <contact>
      <individualName>
        <givenName>Elizabeth</givenName>
        <surName>Harrison</surName>
      </individualName>
      <organizationName>Georgia Gwinnet College</organizationName>
      <address>
        <deliveryPoint>1000 University Center Lane</deliveryPoint>
        <deliveryPoint> I-3108</deliveryPoint>
        <city>Lawrenceville</city>
        <administrativeArea>GA</administrativeArea>
        <postalCode>30043</postalCode>
        <country>USA</country>
      </address>
      <phone phonetype="voice">404-450-8111</phone>
      <electronicMailAddress>eharrison1@ggc.edu</electronicMailAddress>
    </contact>
    <contact>
      <organizationName>Florida Coastal Everglades LTER Program</organizationName>
      <positionName>Information Manager</positionName>
      <address>
        <deliveryPoint>Florida International University</deliveryPoint>
        <deliveryPoint> University Park</deliveryPoint>
        <deliveryPoint> OE 148</deliveryPoint>
        <city>Miami</city>
        <administrativeArea>FL</administrativeArea>
        <postalCode>33199</postalCode>
        <country>USA</country>
      </address>
      <phone phonetype="voice">305-348-6054</phone>
      <phone phonetype="fax">305-348-4096</phone>
      <electronicMailAddress>fcelter@fiu.edu</electronicMailAddress>
      <onlineUrl>http://fcelter.fiu.edu</onlineUrl>
    </contact>
    <publisher>
      <organizationName>Florida Coastal Everglades LTER Program</organizationName>
      <address>
        <deliveryPoint>Florida International University</deliveryPoint>
        <deliveryPoint> University Park</deliveryPoint>
        <deliveryPoint> OE 148</deliveryPoint>
        <city>Miami</city>
        <administrativeArea>FL</administrativeArea>
        <postalCode>33199</postalCode>
        <country>USA</country>
      </address>
      <phone phonetype="voice">305-348-6054</phone>
      <electronicMailAddress>fcelter@fiu.edu  </electronicMailAddress>
      <onlineUrl>http://fcelter.fiu.edu  </onlineUrl>
    </publisher>
    <methods>
      <methodStep>
        <description>
          <para>Samples were collected from fin clippings of fish caught by angling and/or cast netting. DNA was extracted, amplified and sizes of microsatellite fragments were rounded to nearest unit. Data were used to determine population genetic structure using GenAlex, Structure and DIYABC programs</para>
        </description>
        <citation>
          <title>Genetic evidence for multiple sources of the non-native fish Cichlasoma urophthalmus (G&#252;nther; Mayan Cichlids) in southern Florida</title>
          <creator>
            <individualName>
              <givenName>Elizabeth</givenName>
              <surName>Harrison</surName>
            </individualName>
          </creator>
          <pubDate>2014-09-03</pubDate>
          <article>
            <journal>Plos One</journal>
            <volume>9</volume>
            <issue>9</issue>
            <pageRange>doi:10.1371/journal.pone.0104173</pageRange>
          </article>
        </citation>
        <instrumentation>cast netting</instrumentation>
        <instrumentation>GenAlex Structure and DIYABC programs</instrumentation>
      </methodStep>
      <sampling>
        <studyExtent>
          <description>
            <para>ENP, west coast of south Florida, Mexico, Belize, Honduras, Guatemala, and Nicaragua</para>
          </description>
        </studyExtent>
        <samplingDescription>
          <para>Samples were collected from fin clippings of fish caught by angling and/or cast netting. DNA was extracted, amplified and sizes of microsatellite fragments were rounded to nearest unit. Data were used to determine population genetic structure using GenAlex, Structure and DIYABC programs</para>
        </samplingDescription>
        <spatialSamplingUnits>
          <coverage>
            <geographicDescription>LoopRd</geographicDescription>
            <boundingCoordinates>
              <westBoundingCoordinate>-80.753</westBoundingCoordinate>
              <eastBoundingCoordinate>-80.753</eastBoundingCoordinate>
              <northBoundingCoordinate>25.782</northBoundingCoordinate>
              <southBoundingCoordinate>25.782</southBoundingCoordinate>
            </boundingCoordinates>
          </coverage>
          <coverage>
            <geographicDescription>L31W</geographicDescription>
            <boundingCoordinates>
              <westBoundingCoordinate>-80.552</westBoundingCoordinate>
              <eastBoundingCoordinate>-80.552</eastBoundingCoordinate>
              <northBoundingCoordinate>25.470</northBoundingCoordinate>
              <southBoundingCoordinate>25.470</southBoundingCoordinate>
            </boundingCoordinates>
          </coverage>
          <coverage>
            <geographicDescription>TaftPalm</geographicDescription>
            <boundingCoordinates>
              <westBoundingCoordinate>-80.268</westBoundingCoordinate>
              <eastBoundingCoordinate>-80.268</eastBoundingCoordinate>
              <northBoundingCoordinate>26.043</northBoundingCoordinate>
              <southBoundingCoordinate>26.043</southBoundingCoordinate>
            </boundingCoordinates>
          </coverage>
          <coverage>
            <geographicDescription>216canal</geographicDescription>
            <boundingCoordinates>
              <westBoundingCoordinate>-80.033</westBoundingCoordinate>
              <eastBoundingCoordinate>-80.033</eastBoundingCoordinate>
              <northBoundingCoordinate>25.787</northBoundingCoordinate>
              <southBoundingCoordinate>25.787</southBoundingCoordinate>
            </boundingCoordinates>
          </coverage>
          <coverage>
            <geographicDescription>Aerojet</geographicDescription>
            <boundingCoordinates>
              <westBoundingCoordinate>-80.527</westBoundingCoordinate>
              <eastBoundingCoordinate>-80.527</eastBoundingCoordinate>
              <northBoundingCoordinate>25.390</northBoundingCoordinate>
              <southBoundingCoordinate>25.390</southBoundingCoordinate>
            </boundingCoordinates>
          </coverage>
          <coverage>
            <geographicDescription>MiamiSprings</geographicDescription>
            <boundingCoordinates>
              <westBoundingCoordinate>-80.279</westBoundingCoordinate>
              <eastBoundingCoordinate>-80.279</eastBoundingCoordinate>
              <northBoundingCoordinate>25.835</northBoundingCoordinate>
              <southBoundingCoordinate>25.835</southBoundingCoordinate>
            </boundingCoordinates>
          </coverage>
          <coverage>
            <geographicDescription>WhiskeyCr</geographicDescription>
            <boundingCoordinates>
              <westBoundingCoordinate>-81.850</westBoundingCoordinate>
              <eastBoundingCoordinate>-81.850</eastBoundingCoordinate>
              <northBoundingCoordinate>26.634</northBoundingCoordinate>
              <southBoundingCoordinate>26.634</southBoundingCoordinate>
            </boundingCoordinates>
          </coverage>
          <coverage>
            <geographicDescription>NaplesBay</geographicDescription>
            <boundingCoordinates>
              <westBoundingCoordinate>-81.771</westBoundingCoordinate>
              <eastBoundingCoordinate>-81.771</eastBoundingCoordinate>
              <northBoundingCoordinate>26.203</northBoundingCoordinate>
              <southBoundingCoordinate>26.203</southBoundingCoordinate>
            </boundingCoordinates>
          </coverage>
          <coverage>
            <geographicDescription>SpringCr</geographicDescription>
            <boundingCoordinates>
              <westBoundingCoordinate>-81.835</westBoundingCoordinate>
              <eastBoundingCoordinate>-81.835</eastBoundingCoordinate>
              <northBoundingCoordinate>26.423</northBoundingCoordinate>
              <southBoundingCoordinate>26.423</southBoundingCoordinate>
            </boundingCoordinates>
          </coverage>
          <coverage>
            <geographicDescription>ChetumalRiv</geographicDescription>
            <boundingCoordinates>
              <westBoundingCoordinate>-88.22</westBoundingCoordinate>
              <eastBoundingCoordinate>-88.22</eastBoundingCoordinate>
              <northBoundingCoordinate>17.51</northBoundingCoordinate>
              <southBoundingCoordinate>17.51</southBoundingCoordinate>
            </boundingCoordinates>
          </coverage>
          <coverage>
            <geographicDescription>CrookedTree</geographicDescription>
            <boundingCoordinates>
              <westBoundingCoordinate>-88.502</westBoundingCoordinate>
              <eastBoundingCoordinate>-88.502</eastBoundingCoordinate>
              <northBoundingCoordinate>17.852</northBoundingCoordinate>
              <southBoundingCoordinate>17.852</southBoundingCoordinate>
            </boundingCoordinates>
          </coverage>
          <coverage>
            <geographicDescription>Dangriga</geographicDescription>
            <boundingCoordinates>
              <westBoundingCoordinate>-88.192</westBoundingCoordinate>
              <eastBoundingCoordinate>-88.192</eastBoundingCoordinate>
              <northBoundingCoordinate>17.020</northBoundingCoordinate>
              <southBoundingCoordinate>17.020</southBoundingCoordinate>
            </boundingCoordinates>
          </coverage>
          <coverage>
            <geographicDescription>Fenix</geographicDescription>
            <boundingCoordinates>
              <westBoundingCoordinate>-91.582</westBoundingCoordinate>
              <eastBoundingCoordinate>-91.582</eastBoundingCoordinate>
              <northBoundingCoordinate>18.709</northBoundingCoordinate>
              <southBoundingCoordinate>18.709</southBoundingCoordinate>
            </boundingCoordinates>
          </coverage>
          <coverage>
            <geographicDescription>La Bocana</geographicDescription>
            <boundingCoordinates>
              <westBoundingCoordinate>-89.944</westBoundingCoordinate>
              <eastBoundingCoordinate>-89.944</eastBoundingCoordinate>
              <northBoundingCoordinate>23.215</northBoundingCoordinate>
              <southBoundingCoordinate>23.215</southBoundingCoordinate>
            </boundingCoordinates>
          </coverage>
          <coverage>
            <geographicDescription>LagDeGua</geographicDescription>
            <boundingCoordinates>
              <westBoundingCoordinate>-85.912</westBoundingCoordinate>
              <eastBoundingCoordinate>-85.912</eastBoundingCoordinate>
              <northBoundingCoordinate>15.092</northBoundingCoordinate>
              <southBoundingCoordinate>15.092</southBoundingCoordinate>
            </boundingCoordinates>
          </coverage>
          <coverage>
            <geographicDescription>Macan</geographicDescription>
            <boundingCoordinates>
              <westBoundingCoordinate>-89.640</westBoundingCoordinate>
              <eastBoundingCoordinate>-89.640</eastBoundingCoordinate>
              <northBoundingCoordinate>16.972</northBoundingCoordinate>
              <southBoundingCoordinate>16.972</southBoundingCoordinate>
            </boundingCoordinates>
          </coverage>
          <coverage>
            <geographicDescription>NewRiver</geographicDescription>
            <boundingCoordinates>
              <westBoundingCoordinate>-88.494</westBoundingCoordinate>
              <eastBoundingCoordinate>-88.494</eastBoundingCoordinate>
              <northBoundingCoordinate>17.625</northBoundingCoordinate>
              <southBoundingCoordinate>17.625</southBoundingCoordinate>
            </boundingCoordinates>
          </coverage>
          <coverage>
            <geographicDescription>Nica1</geographicDescription>
            <boundingCoordinates>
              <westBoundingCoordinate>-83.571</westBoundingCoordinate>
              <eastBoundingCoordinate>-83.571</eastBoundingCoordinate>
              <northBoundingCoordinate>13.414</northBoundingCoordinate>
              <southBoundingCoordinate>13.414</southBoundingCoordinate>
            </boundingCoordinates>
          </coverage>
          <coverage>
            <geographicDescription>Nica3</geographicDescription>
            <boundingCoordinates>
              <westBoundingCoordinate>-83.305</westBoundingCoordinate>
              <eastBoundingCoordinate>-83.305</eastBoundingCoordinate>
              <northBoundingCoordinate>14.187</northBoundingCoordinate>
              <southBoundingCoordinate>14.187</southBoundingCoordinate>
            </boundingCoordinates>
          </coverage>
          <coverage>
            <geographicDescription>Nica4</geographicDescription>
            <boundingCoordinates>
              <westBoundingCoordinate>-83.463</westBoundingCoordinate>
              <eastBoundingCoordinate>-83.463</eastBoundingCoordinate>
              <northBoundingCoordinate>14.041</northBoundingCoordinate>
              <southBoundingCoordinate>14.041</southBoundingCoordinate>
            </boundingCoordinates>
          </coverage>
          <coverage>
            <geographicDescription>Omoa</geographicDescription>
            <boundingCoordinates>
              <westBoundingCoordinate>-88.216</westBoundingCoordinate>
              <eastBoundingCoordinate>-88.216</eastBoundingCoordinate>
              <northBoundingCoordinate>15.848</northBoundingCoordinate>
              <southBoundingCoordinate>15.848</southBoundingCoordinate>
            </boundingCoordinates>
          </coverage>
          <coverage>
            <geographicDescription>Peten</geographicDescription>
            <boundingCoordinates>
              <westBoundingCoordinate>-89.891</westBoundingCoordinate>
              <eastBoundingCoordinate>-89.891</eastBoundingCoordinate>
              <northBoundingCoordinate>16.929</northBoundingCoordinate>
              <southBoundingCoordinate>16.929</southBoundingCoordinate>
            </boundingCoordinates>
          </coverage>
          <coverage>
            <geographicDescription>RiaCel</geographicDescription>
            <boundingCoordinates>
              <westBoundingCoordinate>-90.343</westBoundingCoordinate>
              <eastBoundingCoordinate>-90.343</eastBoundingCoordinate>
              <northBoundingCoordinate>20.904</northBoundingCoordinate>
              <southBoundingCoordinate>20.904</southBoundingCoordinate>
            </boundingCoordinates>
          </coverage>
          <coverage>
            <geographicDescription>RiaLag</geographicDescription>
            <boundingCoordinates>
              <westBoundingCoordinate>-88.157</westBoundingCoordinate>
              <eastBoundingCoordinate>-88.157</eastBoundingCoordinate>
              <northBoundingCoordinate>21.598</northBoundingCoordinate>
              <southBoundingCoordinate>21.598</southBoundingCoordinate>
            </boundingCoordinates>
          </coverage>
          <coverage>
            <geographicDescription>StJohnsCollege</geographicDescription>
            <boundingCoordinates>
              <westBoundingCoordinate>-88.196</westBoundingCoordinate>
              <eastBoundingCoordinate>-88.196</eastBoundingCoordinate>
              <northBoundingCoordinate>17.517</northBoundingCoordinate>
              <southBoundingCoordinate>17.517</southBoundingCoordinate>
            </boundingCoordinates>
          </coverage>
          <coverage>
            <geographicDescription>VernonSt</geographicDescription>
            <boundingCoordinates>
              <westBoundingCoordinate>-88.193</westBoundingCoordinate>
              <eastBoundingCoordinate>-88.193</eastBoundingCoordinate>
              <northBoundingCoordinate>17.501</northBoundingCoordinate>
              <southBoundingCoordinate>17.501</southBoundingCoordinate>
            </boundingCoordinates>
          </coverage>
          <coverage>
            <geographicDescription>Xtoloc</geographicDescription>
            <boundingCoordinates>
              <westBoundingCoordinate>-88.569</westBoundingCoordinate>
              <eastBoundingCoordinate>-88.569</eastBoundingCoordinate>
              <northBoundingCoordinate>20.680</northBoundingCoordinate>
              <southBoundingCoordinate>20.680</southBoundingCoordinate>
            </boundingCoordinates>
          </coverage>
          <coverage>
            <geographicDescription>YaBalHa</geographicDescription>
            <boundingCoordinates>
              <westBoundingCoordinate>-88.074</westBoundingCoordinate>
              <eastBoundingCoordinate>-88.074</eastBoundingCoordinate>
              <northBoundingCoordinate>21.566</northBoundingCoordinate>
              <southBoundingCoordinate>21.566</southBoundingCoordinate>
            </boundingCoordinates>
          </coverage>
          <coverage>
            <geographicDescription>Zaci</geographicDescription>
            <boundingCoordinates>
              <westBoundingCoordinate>-88.197</westBoundingCoordinate>
              <eastBoundingCoordinate>-88.197</eastBoundingCoordinate>
              <northBoundingCoordinate>24.692</northBoundingCoordinate>
              <southBoundingCoordinate>24.692</southBoundingCoordinate>
            </boundingCoordinates>
          </coverage>
        </spatialSamplingUnits>
      </sampling>
      <qualityControl>
        <description>
          <para>Data was checked and double-checked for errors </para>
        </description>
      </qualityControl>
    </methods>
    <project id="1">
      <title>Florida Coastal Everglades LTER: Coastal Oligotrophic Ecosystems Research-the Coastal Everglades</title>
      <personnel>
        <individualName>
          <givenName>Daniel</givenName>
          <surName>Childers</surName>
        </individualName>
        <organizationName>Florida Coastal Everglades LTER Program</organizationName>
        <address>
          <deliveryPoint>Department of Biological Sciences</deliveryPoint>
          <deliveryPoint>Florida International University</deliveryPoint>
          <deliveryPoint>University Park</deliveryPoint>
          <deliveryPoint>OE 167</deliveryPoint>
          <city>Miami</city>
          <administrativeArea>FL</administrativeArea>
          <postalCode>33199</postalCode>
          <country>USA</country>
        </address>
        <phone phonetype="voice">305-348-3101</phone>
        <phone phonetype="fax">305-348-1986</phone>
        <electronicMailAddress>childers@fiu.edu</electronicMailAddress>
        <role>Lead Principal Investigator</role>
      </personnel>
      <personnel>
        <individualName>
          <givenName>Joseph</givenName>
          <surName>Boyer</surName>
        </individualName>
        <organizationName>Florida Coastal Everglades LTER Program</organizationName>
        <address>
          <deliveryPoint>Southeast Environmental Research Center</deliveryPoint>
          <deliveryPoint>Florida International University</deliveryPoint>
          <deliveryPoint> University Park</deliveryPoint>
          <deliveryPoint> OE 148</deliveryPoint>
          <city>Miami</city>
          <administrativeArea>FL</administrativeArea>
          <postalCode>33199</postalCode>
          <country>USA</country>
        </address>
        <phone phonetype="voice">305-348-4076</phone>
        <phone phonetype="fax">305-348-4096</phone>
        <role>Principal Investigator</role>
      </personnel>
      <personnel>
        <individualName>
          <givenName>James</givenName>
          <surName>Fourqurean</surName>
        </individualName>
        <organizationName>Florida Coastal Everglades LTER Program</organizationName>
        <address>
          <deliveryPoint>Department of Biological Sciences</deliveryPoint>
          <deliveryPoint>Florida International University</deliveryPoint>
          <deliveryPoint>University Park</deliveryPoint>
          <deliveryPoint>OE 167</deliveryPoint>
          <city>Miami</city>
          <administrativeArea>FL</administrativeArea>
          <postalCode>33199</postalCode>
          <country>USA</country>
        </address>
        <phone phonetype="voice">305-348-4084</phone>
        <phone phonetype="fax">305-348-4096</phone>
        <role>Principal Investigator</role>
      </personnel>
      <personnel>
        <individualName>
          <givenName>Rudolf</givenName>
          <surName>Jaffe</surName>
        </individualName>
        <organizationName>Florida Coastal Everglades LTER Program</organizationName>
        <address>
          <deliveryPoint>Department of Chemistry</deliveryPoint>
          <deliveryPoint>Florida International University</deliveryPoint>
          <deliveryPoint>University Park</deliveryPoint>
          <deliveryPoint>CP 304</deliveryPoint>
          <city>Miami</city>
          <administrativeArea>FL</administrativeArea>
          <postalCode>33199</postalCode>
          <country>USA</country>
        </address>
        <phone phonetype="voice">305-348-2456</phone>
        <phone phonetype="fax">305-348-4096</phone>
        <role>Principal Investigator</role>
      </personnel>
      <personnel>
        <individualName>
          <givenName>Joel</givenName>
          <surName>Trexler</surName>
        </individualName>
        <organizationName>Florida Coastal Everglades LTER Program</organizationName>
        <address>
          <deliveryPoint>Department of Biological Sciences</deliveryPoint>
          <deliveryPoint>Florida International University</deliveryPoint>
          <deliveryPoint>University Park</deliveryPoint>
          <deliveryPoint>OE 167</deliveryPoint>
          <city>Miami</city>
          <administrativeArea>FL</administrativeArea>
          <postalCode>33199</postalCode>
          <country>USA</country>
        </address>
        <phone phonetype="voice">305-348-1966</phone>
        <phone phonetype="fax">305-348-1986</phone>
        <role>Principal Investigator</role>
      </personnel>
      <abstract>
        <para>We are investigating how variability in regional climate, freshwater inputs, disturbance, and perturbations affect the coastal Everglades ecosystem. Our long term research program focuses on testing the following central idea and hypotheses:  Regional processes mediated by water flow control population and ecosystem level dynamics at any location within the coastal Everglades landscape. This phenomenon is best exemplified in the dynamics of an estuarine oligohaline zone where fresh water draining phosphorus-limited Everglades marshes mixes with water from the more nitrogen-limited coastal ocean. Hypothesis 1: In nutrient-poor coastal systems, long-term changes in the quantity or quality of organic matter inputs will exert strong and direct controls on estuarine productivity, because inorganic nutrients are at such low levels. Hypothesis 2: Interannual and long-term changes in freshwater flow controls the magnitude of nutrients and organic matter inputs to the estuarine zone, while ecological processes in the freshwater marsh and coastal ocean control the quality and characteristics of those inputs. Hypothesis 3: Long-term changes in freshwater flow (primarily manifest through management and Everglades restoration) will interact with long-term changes in the climatic and disturbance (sea level rise, hurricanes, fires) regimes to modify ecological pattern and process across coastal landscapes.</para>
      </abstract>
      <funding>
        <para>National Science Foundation under Grant # 9910514</para>
      </funding>
      <studyAreaDescription>
        <coverage>
          <geographicCoverage>
            <geographicDescription>The FCE LTER Project Study area is located in South Florida, mostly in Everglades National Park. There are a total of 21 sampling sites located in two major regions: 1) Shark River Slough and 2) Taylor Slough/Panhandle.</geographicDescription>
            <boundingCoordinates>
              <westBoundingCoordinate>-81.078</westBoundingCoordinate>
              <eastBoundingCoordinate>-80.490</eastBoundingCoordinate>
              <northBoundingCoordinate>25.761</northBoundingCoordinate>
              <southBoundingCoordinate>24.913</southBoundingCoordinate>
            </boundingCoordinates>
          </geographicCoverage>
          <temporalCoverage>
            <rangeOfDates>
              <beginDate>
                <calendarDate>2000-05-01</calendarDate>
              </beginDate>
              <endDate>
                <calendarDate> 2006-04-30</calendarDate>
              </endDate>
            </rangeOfDates>
          </temporalCoverage>
        </coverage>
      </studyAreaDescription>
      <relatedProject id="26">
        <title>FCE LTER II:  Coastal Oligotrophic Ecosystems Research</title>
        <personnel>
          <individualName>
            <givenName>Evelyn </givenName>
            <surName>Gaiser</surName>
          </individualName>
          <organizationName>Florida Coastal Everglades LTER Program</organizationName>
          <address>
            <deliveryPoint>Florida International University</deliveryPoint>
            <deliveryPoint> University Park</deliveryPoint>
            <deliveryPoint> OE 148</deliveryPoint>
            <city>Miami</city>
            <administrativeArea>FL</administrativeArea>
            <postalCode>33199</postalCode>
            <country>USA</country>
          </address>
          <phone phonetype="voice">305-348-6145</phone>
          <phone phonetype="fax">305-348-4096</phone>
          <electronicMailAddress>gaisere@fiu.edu</electronicMailAddress>
          <role>Lead Principal Investigator</role>
        </personnel>
        <personnel>
          <individualName>
            <givenName>Mike</givenName>
            <surName>Heithaus</surName>
          </individualName>
          <organizationName>Florida Coastal Everglades LTER Program</organizationName>
          <address>
            <deliveryPoint>Department of Biological Sciences</deliveryPoint>
            <deliveryPoint>Marine Biology Program</deliveryPoint>
            <deliveryPoint>Florida International University</deliveryPoint>
            <deliveryPoint>Biscayne Bay Campus</deliveryPoint>
            <city>Miami</city>
            <administrativeArea>FL </administrativeArea>
            <postalCode>33181</postalCode>
            <country>USA</country>
          </address>
          <phone phonetype="voice">(305) 919-5234</phone>
          <phone phonetype="fax">(305) 919-4030</phone>
          <electronicMailAddress>heithaus@fiu.edu</electronicMailAddress>
          <role>Principal Investigator</role>
        </personnel>
        <personnel>
          <individualName>
            <givenName>Rudolf</givenName>
            <surName>Jaffe</surName>
          </individualName>
          <organizationName>Florida Coastal Everglades LTER Program</organizationName>
          <address>
            <deliveryPoint>Department of Chemistry</deliveryPoint>
            <deliveryPoint>Florida International University</deliveryPoint>
            <deliveryPoint>University Park</deliveryPoint>
            <deliveryPoint>CP 304</deliveryPoint>
            <city>Miami</city>
            <administrativeArea>FL</administrativeArea>
            <postalCode>33199</postalCode>
            <country>USA</country>
          </address>
          <phone phonetype="voice">305-348-2456</phone>
          <phone phonetype="fax">305-348-4096</phone>
          <electronicMailAddress>jaffer@fiu.edu </electronicMailAddress>
          <role>Principal Investigator</role>
        </personnel>
        <personnel>
          <individualName>
            <givenName>Rene</givenName>
            <surName>Price </surName>
          </individualName>
          <organizationName>Florida Coastal Everglades LTER Program</organizationName>
          <address>
            <deliveryPoint>Department of Earth Sciences</deliveryPoint>
            <deliveryPoint> Florida International University</deliveryPoint>
            <deliveryPoint> University Park</deliveryPoint>
            <deliveryPoint> PC 344</deliveryPoint>
            <deliveryPoint> 11200 SW 8th Street</deliveryPoint>
            <city>Miami</city>
            <administrativeArea>FL</administrativeArea>
            <postalCode>33199</postalCode>
            <country>USA</country>
          </address>
          <phone phonetype="voice">305-348-3119</phone>
          <phone phonetype="fax">305-348-3877</phone>
          <electronicMailAddress>pricer@fiu.edu</electronicMailAddress>
          <role>Principal Investigator</role>
        </personnel>
        <abstract>
          <para>Our FCE I research focused on understanding how dissolved organic matter from upstream oligotrophic marshes interacts with a marine source of phosphorus (P), the limiting nutrient, to control estuarine productivity where these two influences meet-in the oligohaline ecotone. This dynamic is affected by the interaction of local ecological processes and landscape-scale drivers (hydrologic, climatological, and human). During FCE I, our ideas about how these "upside-down" estuaries (Childers et al. 2006) function has evolved, and we have modified our central theme to reflect this new understanding. Our focus in FCE II will be even more strongly on the oligohaline ecotone region of our experimental transects. For FCE II, our overarching theme is:  In the coastal Everglades landscape, population and ecosystem-level dynamics are controlled by the relative importance of water source, water residence time, and local biotic processes. This phenomenon is best exemplified in the oligohaline ecotone, where these 3 factors interact most strongly and vary over many [temporal and spatial] scales.Hypothesis 1: Increasing inputs of fresh water will enhance oligotrophy in nutrient-poor coastal systems, as long as the inflowing water has low nutrient content; this dynamic will be most pronounced in the oligohaline ecotone.  Hypothesis 2: An increase in freshwater inflow will increase the physical transport of detrital organic matter to the oligohaline ecotone, which will enhance estuarine productivity. The quality of these allochthonous detrital inputs will be controlled by upstream ecological processes. Hypothesis 3: Water residence time, groundwater inputs, and tidal energy interact with climatic and disturbance regimes to modify ecological pattern and process in oligotrophic estuaries; this dynamic will be most pronounced in the oligohaline ecotone. Childers, D.L., J.N. Boyer, S.E. Davis, C.J. Madden, D.T. Rudnick, and F.H. Sklar, 2006. Relating precipitation and water management to nutrient concentration patterns in the oligotrophic "upside down" estuaries of the Florida Everglades. Limnology and Oceanography, 51(1): 602-616. </para>
        </abstract>
        <funding>
          <para>National Science Foundation under Grant # 9910514 and #0620409</para>
        </funding>
        <studyAreaDescription>
          <coverage>
            <geographicCoverage>
              <geographicDescription>The FCE LTER Project Study area is located in South Florida, mostly in Everglades National Park. There are a total of 20 sampling sites located in two major regions: 1) Shark River Slough and 2) Taylor Slough/Panhandle.</geographicDescription>
              <boundingCoordinates>
                <westBoundingCoordinate>-81.078</westBoundingCoordinate>
                <eastBoundingCoordinate>-80.490</eastBoundingCoordinate>
                <northBoundingCoordinate>25.761</northBoundingCoordinate>
                <southBoundingCoordinate>24.913</southBoundingCoordinate>
              </boundingCoordinates>
            </geographicCoverage>
            <temporalCoverage>
              <rangeOfDates>
                <beginDate>
                  <calendarDate>2006-12-01</calendarDate>
                </beginDate>
                <endDate>
                  <calendarDate>2012-12-01</calendarDate>
                </endDate>
              </rangeOfDates>
            </temporalCoverage>
          </coverage>
        </studyAreaDescription>
      </relatedProject>
      <relatedProject id="64">
        <title>FCE LTER III:  Coastal Oligotrophic Ecosystems Research</title>
        <personnel>
          <individualName>
            <givenName>Evelyn </givenName>
            <surName>Gaiser</surName>
          </individualName>
          <organizationName>Florida Coastal Everglades LTER Program</organizationName>
          <address>
            <deliveryPoint>Florida International University</deliveryPoint>
            <deliveryPoint> University Park</deliveryPoint>
            <deliveryPoint> OE 148</deliveryPoint>
            <city>Miami</city>
            <administrativeArea>FL</administrativeArea>
            <postalCode>33199</postalCode>
            <country>USA</country>
          </address>
          <phone phonetype="voice">305-348-6145</phone>
          <phone phonetype="fax">305-348-4096</phone>
          <electronicMailAddress>gaisere@fiu.edu</electronicMailAddress>
          <role>Lead Principal Investigator</role>
        </personnel>
        <personnel>
          <individualName>
            <givenName>Mike</givenName>
            <surName>Heithaus</surName>
          </individualName>
          <organizationName>Florida Coastal Everglades LTER Program</organizationName>
          <address>
            <deliveryPoint>Department of Biological Sciences</deliveryPoint>
            <deliveryPoint>Marine Biology Program</deliveryPoint>
            <deliveryPoint>Florida International University</deliveryPoint>
            <deliveryPoint>Biscayne Bay Campus</deliveryPoint>
            <city>Miami</city>
            <administrativeArea>FL </administrativeArea>
            <postalCode>33181</postalCode>
            <country>USA</country>
          </address>
          <phone phonetype="voice">(305) 919-5234</phone>
          <phone phonetype="fax">(305) 919-4030</phone>
          <electronicMailAddress>heithaus@fiu.edu</electronicMailAddress>
          <role>Principal Investigator</role>
        </personnel>
        <personnel>
          <individualName>
            <givenName>Rudolf</givenName>
            <surName>Jaffe</surName>
          </individualName>
          <organizationName>Florida Coastal Everglades LTER Program</organizationName>
          <address>
            <deliveryPoint>Department of Chemistry</deliveryPoint>
            <deliveryPoint>Florida International University</deliveryPoint>
            <deliveryPoint>University Park</deliveryPoint>
            <deliveryPoint>CP 304</deliveryPoint>
            <city>Miami</city>
            <administrativeArea>FL</administrativeArea>
            <postalCode>33199</postalCode>
            <country>USA</country>
          </address>
          <phone phonetype="voice">305-348-2456</phone>
          <phone phonetype="fax">305-348-4096</phone>
          <electronicMailAddress>jaffer@fiu.edu </electronicMailAddress>
          <role>Principal Investigator</role>
        </personnel>
        <personnel>
          <individualName>
            <givenName>Rene</givenName>
            <surName>Price </surName>
          </individualName>
          <organizationName>Florida Coastal Everglades LTER Program</organizationName>
          <address>
            <deliveryPoint>Department of Earth Sciences</deliveryPoint>
            <deliveryPoint> Florida International University</deliveryPoint>
            <deliveryPoint> University Park</deliveryPoint>
            <deliveryPoint> PC 344</deliveryPoint>
            <deliveryPoint> 11200 SW 8th Street</deliveryPoint>
            <city>Miami</city>
            <administrativeArea>FL</administrativeArea>
            <postalCode>33199</postalCode>
            <country>USA</country>
          </address>
          <phone phonetype="voice">305-348-3119</phone>
          <phone phonetype="fax">305-348-3877</phone>
          <electronicMailAddress>pricer@fiu.edu</electronicMailAddress>
          <role>Principal Investigator</role>
        </personnel>
        <personnel>
          <individualName>
            <givenName>Laura</givenName>
            <surName>Ogden</surName>
          </individualName>
          <organizationName>Florida Coastal Everglades LTER Program</organizationName>
          <address>
            <deliveryPoint>Department of Global &amp; Sociocultural Studies</deliveryPoint>
            <deliveryPoint> Florida International University</deliveryPoint>
            <deliveryPoint> University Park</deliveryPoint>
            <deliveryPoint> DM341C</deliveryPoint>
            <deliveryPoint> 11200 SW 8th Street</deliveryPoint>
            <city>Miami</city>
            <administrativeArea>FL</administrativeArea>
            <postalCode>33199</postalCode>
            <country>USA</country>
          </address>
          <phone phonetype="voice">305-348-6663</phone>
          <phone phonetype="fax">305-348-3605</phone>
          <electronicMailAddress>Laura.Ogden@fiu.edu</electronicMailAddress>
          <role>Principal Investigator</role>
        </personnel>
        <abstract>
          <para>Coastal ecosystems are being modified at unprecedented rates through interacting
pressures of global climate change and rapid human population growth, impacting natural coastal
resources and the services they provide. Located at the base of the shallow-sloping Florida peninsula, the Everglades wilderness and 6 million human residents are exceptionally exposed to both pressures. Further, freshwater drainage has accelerated saltwater intrusion over land and into the porous limestone aquifer, resulting in coastal ecosystem transgression and seasonal residential freshwater shortages. The unprecedented landscape-scale Everglades restoration process is expected to reverse some of these trends. However, it is not clear how uncertainties about climate change prognoses and their impacts (e.g., sea level rise (SLR), changes in storm activity or severity, and climate drivers of freshwater availability) may influence human activities (e.g., population growth, resource use, land-use change), and how their interaction will affect the restoration process that is already steeped in conflict. The Florida Coastal Everglades Long-Term Ecological Research (FCE LTER) program is dedicated to long-term coupled biophysical and cultural studies that expose and unravel complex feedbacks that generate distinctive patterns and processes in vulnerable coastal ecosystems. The overarching theme of FCE research is: In the coastal Everglades, climate change and resource management decisions interact to influence
freshwater availability, ecosystem dynamics, and the value and utilization of ecosystem services by people. Because they are highly sensitive to the balance of freshwater and marine influences,
coastal wetlands of the Florida Everglades provide an ideal system to examine how socio-ecological systems respond to and mitigate the effects of climate change and freshwater allocation decisions. The trans-disciplinary science conducted by the large FCE research team is revealing how estuary hydrodynamics and biogeochemistry may tilt on a fulcrum defined by the magnitude by which coastal pressures (SRL, storms) are mitigated by freshwater flows. We employ a socio-ecological framework to address how climate change interacts with political decisions to determine the sustainability of interconnected human-natural systems. In FCE I, we discovered how coastal nutrient supplies create an unusual &#8220;upside-down&#8221; productivity gradient in karstic estuaries. FCE II research used growing long-term datasets to reveal the sensitivity of this gradient to changes in hydrodynamics, nutrient availability, and salinity. In FCE III, we will use South Florida as an exemplary system for understanding how and why socio-ecological systems resist, adapt to, or mitigate the effects of climate change on ecosystem sustainability. We will examine how decisions about freshwater delivery to the Everglades influence -and are influenced by - the impact of SLR in this especially vulnerable landscape. Biophysical studies will focus on how this balance of fresh and marine sources influences biogeochemical cycling, primary production, organic matter dynamics, and trophic dynamics, to drive carbon gains and losses. We expand our spatio-temporal domain by employing powerful long-term datasets and experiments to determine legacies of past interactions, and to constrain models that will help guide a sustainable future for the FCE.
</para>
        </abstract>
        <funding>
          <para>National Science Foundation under Grant # 9910514, #0620409 and DEB-1237517</para>
        </funding>
        <studyAreaDescription>
          <coverage>
            <geographicCoverage>
              <geographicDescription>The FCE LTER Project Study area is located in South Florida, mostly in Everglades National Park. There are a total of 20 sampling sites located in two major regions: 1) Shark River Slough and 2) Taylor Slough/Panhandle.</geographicDescription>
              <boundingCoordinates>
                <westBoundingCoordinate>-81.078</westBoundingCoordinate>
                <eastBoundingCoordinate>-80.490</eastBoundingCoordinate>
                <northBoundingCoordinate>25.761</northBoundingCoordinate>
                <southBoundingCoordinate>24.913</southBoundingCoordinate>
              </boundingCoordinates>
            </geographicCoverage>
            <temporalCoverage>
              <rangeOfDates>
                <beginDate>
                  <calendarDate>2012-12-01</calendarDate>
                </beginDate>
                <endDate>
                  <calendarDate>2018-12-01</calendarDate>
                </endDate>
              </rangeOfDates>
            </temporalCoverage>
          </coverage>
        </studyAreaDescription>
      </relatedProject>
    </project>
    <dataTable>
      <entityName>ST_TDCS_Harrison_001</entityName>
      <entityDescription>Cichlasoma urophthalmus microsatellite fragment size collected from the Florida Everglades (FCE) and Central America</entityDescription>
      <physical>
        <objectName>ST_TDCS_Harrison_001</objectName>
        <size unit="KB">62</size>
        <characterEncoding>ASCII</characterEncoding>
        <dataFormat>
          <textFormat>
            <numHeaderLines>1</numHeaderLines>
            <recordDelimiter>\r\n</recordDelimiter>
            <attributeOrientation>column</attributeOrientation>
            <simpleDelimited>
              <fieldDelimiter>,</fieldDelimiter>
            </simpleDelimited>
          </textFormat>
        </dataFormat>
        <distribution>
          <online>
            <url function="download">https://pasta.lternet.edu/package/data/eml/knb-lter-fce/1200/2/976137c7d8b5704daaf611acb63382dd</url>
          </online>
          <access authSystem="https://pasta.lternet.edu/authentication" order="allowFirst" scope="document" system="https://pasta.lternet.edu">
            <allow>
              <principal>uid=FCE,o=lter,dc=ecoinformatics,dc=org</principal>
              <permission>read</permission>
            </allow>
            <allow>
              <principal>public</principal>
              <permission>read</permission>
            </allow>
          </access>
        </distribution>
      </physical>
      <attributeList>
        <attribute id="att.1">
          <attributeName>SampleID</attributeName>
          <attributeLabel>Sample ID</attributeLabel>
          <attributeDefinition>Sample ID</attributeDefinition>
          <storageType>text</storageType>
          <measurementScale>
            <ordinal>
              <nonNumericDomain>
                <textDomain>
                  <definition>Sample ID</definition>
                </textDomain>
              </nonNumericDomain>
            </ordinal>
          </measurementScale>
        </attribute>
        <attribute id="att.2">
          <attributeName>Date</attributeName>
          <attributeLabel>Date</attributeLabel>
          <attributeDefinition>Collection Date</attributeDefinition>
          <storageType>datetime</storageType>
          <measurementScale>
            <dateTime>
              <formatString>YYYY-MM-DD</formatString>
              <dateTimeDomain>
                <bounds>
                  <minimum exclusive="false">2010-06-17</minimum>
                  <maximum exclusive="false">2013-03-09</maximum>
                </bounds>
              </dateTimeDomain>
            </dateTime>
          </measurementScale>
        </attribute>
        <attribute id="att.3">
          <attributeName>SITENAME</attributeName>
          <attributeLabel>sitename</attributeLabel>
          <attributeDefinition>Name of Collection site</attributeDefinition>
          <storageType>text</storageType>
          <measurementScale>
            <ordinal>
              <nonNumericDomain>
                <textDomain>
                  <definition>Name of Collection site</definition>
                </textDomain>
              </nonNumericDomain>
            </ordinal>
          </measurementScale>
        </attribute>
        <attribute id="att.4">
          <attributeName>Latitude_DD</attributeName>
          <attributeLabel>Latitude_DD</attributeLabel>
          <attributeDefinition>latitude of shark capture in decimal degrees</attributeDefinition>
          <storageType>ordinal</storageType>
          <measurementScale>
            <ordinal>
              <nonNumericDomain>
                <textDomain>
                  <definition>latitude of shark capture in decimal degrees</definition>
                </textDomain>
              </nonNumericDomain>
            </ordinal>
          </measurementScale>
          <missingValueCode>
            <code>-9999.000</code>
            <codeExplanation>Value will never be recorded </codeExplanation>
          </missingValueCode>
        </attribute>
        <attribute id="att.5">
          <attributeName>Longitude_DD</attributeName>
          <attributeLabel>Longitude_DD</attributeLabel>
          <attributeDefinition>longitude of shark capture in decimal degrees</attributeDefinition>
          <storageType>ordinal</storageType>
          <measurementScale>
            <ordinal>
              <nonNumericDomain>
                <textDomain>
                  <definition>longitude of shark capture in decimal degrees</definition>
                </textDomain>
              </nonNumericDomain>
            </ordinal>
          </measurementScale>
          <missingValueCode>
            <code>-9999.000</code>
            <codeExplanation>Value will never be recorded </codeExplanation>
          </missingValueCode>
        </attribute>
        <attribute id="att.6">
          <attributeName>Ciur2a</attributeName>
          <attributeLabel>Microsatellite marker</attributeLabel>
          <attributeDefinition>Microsatellite marker on one chromosome of homologue. Number of bases (DNA length) of allele.</attributeDefinition>
          <storageType>data</storageType>
          <measurementScale>
            <interval>
              <unit>
                <standardUnit>number</standardUnit>
              </unit>
              <precision>1</precision>
              <numericDomain>
                <numberType>whole</numberType>
              </numericDomain>
            </interval>
          </measurementScale>
          <missingValueCode>
            <code>-9999</code>
            <codeExplanation>Fragment size could not be determined</codeExplanation>
          </missingValueCode>
        </attribute>
        <attribute id="att.7">
          <attributeName>Ciur2b</attributeName>
          <attributeLabel>Microsatellite marker</attributeLabel>
          <attributeDefinition>Microsatellite marker on one chromosome of homologue. Number of bases (DNA length) of allele.</attributeDefinition>
          <storageType>data</storageType>
          <measurementScale>
            <interval>
              <unit>
                <standardUnit>number</standardUnit>
              </unit>
              <precision>1</precision>
              <numericDomain>
                <numberType>whole</numberType>
              </numericDomain>
            </interval>
          </measurementScale>
          <missingValueCode>
            <code>-9999</code>
            <codeExplanation>Fragment size could not be determined</codeExplanation>
          </missingValueCode>
        </attribute>
        <attribute id="att.8">
          <attributeName>Ciur4a</attributeName>
          <attributeLabel>Microsatellite marker</attributeLabel>
          <attributeDefinition>Microsatellite marker on one chromosome of homologue. Number of bases (DNA length) of allele.</attributeDefinition>
          <storageType>data</storageType>
          <measurementScale>
            <interval>
              <unit>
                <standardUnit>number</standardUnit>
              </unit>
              <precision>1</precision>
              <numericDomain>
                <numberType>whole</numberType>
              </numericDomain>
            </interval>
          </measurementScale>
          <missingValueCode>
            <code>-9999</code>
            <codeExplanation>Fragment size could not be determined</codeExplanation>
          </missingValueCode>
        </attribute>
        <attribute id="att.9">
          <attributeName>Ciur4b</attributeName>
          <attributeLabel>Microsatellite marker</attributeLabel>
          <attributeDefinition>Microsatellite marker on one chromosome of homologue. Number of bases (DNA length) of allele.</attributeDefinition>
          <storageType>data</storageType>
          <measurementScale>
            <interval>
              <unit>
                <standardUnit>number</standardUnit>
              </unit>
              <precision>1</precision>
              <numericDomain>
                <numberType>whole</numberType>
              </numericDomain>
            </interval>
          </measurementScale>
          <missingValueCode>
            <code>-9999</code>
            <codeExplanation>Fragment size could not be determined</codeExplanation>
          </missingValueCode>
        </attribute>
        <attribute id="att.10">
          <attributeName>Ciur7a</attributeName>
          <attributeLabel>Microsatellite marker</attributeLabel>
          <attributeDefinition>Microsatellite marker on one chromosome of homologue. Number of bases (DNA length) of allele.</attributeDefinition>
          <storageType>data</storageType>
          <measurementScale>
            <interval>
              <unit>
                <standardUnit>number</standardUnit>
              </unit>
              <precision>1</precision>
              <numericDomain>
                <numberType>whole</numberType>
              </numericDomain>
            </interval>
          </measurementScale>
          <missingValueCode>
            <code>-9999</code>
            <codeExplanation>Fragment size could not be determined</codeExplanation>
          </missingValueCode>
        </attribute>
        <attribute id="att.11">
          <attributeName>Ciur7b</attributeName>
          <attributeLabel>Microsatellite marker</attributeLabel>
          <attributeDefinition>Microsatellite marker on one chromosome of homologue. Number of bases (DNA length) of allele.</attributeDefinition>
          <storageType>data</storageType>
          <measurementScale>
            <interval>
              <unit>
                <standardUnit>number</standardUnit>
              </unit>
              <precision>1</precision>
              <numericDomain>
                <numberType>whole</numberType>
              </numericDomain>
            </interval>
          </measurementScale>
          <missingValueCode>
            <code>-9999</code>
            <codeExplanation>Fragment size could not be determined</codeExplanation>
          </missingValueCode>
        </attribute>
        <attribute id="att.12">
          <attributeName>Ciur9a</attributeName>
          <attributeLabel>Microsatellite marker</attributeLabel>
          <attributeDefinition>Microsatellite marker on one chromosome of homologue. Number of bases (DNA length) of allele.</attributeDefinition>
          <storageType>data</storageType>
          <measurementScale>
            <interval>
              <unit>
                <standardUnit>number</standardUnit>
              </unit>
              <precision>1</precision>
              <numericDomain>
                <numberType>whole</numberType>
              </numericDomain>
            </interval>
          </measurementScale>
          <missingValueCode>
            <code>-9999</code>
            <codeExplanation>Fragment size could not be determined</codeExplanation>
          </missingValueCode>
        </attribute>
        <attribute id="att.13">
          <attributeName>Ciur9b</attributeName>
          <attributeLabel>Microsatellite marker</attributeLabel>
          <attributeDefinition>Microsatellite marker on one chromosome of homologue. Number of bases (DNA length) of allele.</attributeDefinition>
          <storageType>data</storageType>
          <measurementScale>
            <interval>
              <unit>
                <standardUnit>number</standardUnit>
              </unit>
              <precision>1</precision>
              <numericDomain>
                <numberType>whole</numberType>
              </numericDomain>
            </interval>
          </measurementScale>
          <missingValueCode>
            <code>-9999</code>
            <codeExplanation>Fragment size could not be determined</codeExplanation>
          </missingValueCode>
        </attribute>
        <attribute id="att.14">
          <attributeName>Ciur10a</attributeName>
          <attributeLabel>Microsatellite marker</attributeLabel>
          <attributeDefinition>Microsatellite marker on one chromosome of homologue. Number of bases (DNA length) of allele.</attributeDefinition>
          <storageType>data</storageType>
          <measurementScale>
            <interval>
              <unit>
                <standardUnit>number</standardUnit>
              </unit>
              <precision>1</precision>
              <numericDomain>
                <numberType>whole</numberType>
              </numericDomain>
            </interval>
          </measurementScale>
          <missingValueCode>
            <code>-9999</code>
            <codeExplanation>Fragment size could not be determined</codeExplanation>
          </missingValueCode>
        </attribute>
        <attribute id="att.15">
          <attributeName>Ciur10b</attributeName>
          <attributeLabel>Microsatellite marker</attributeLabel>
          <attributeDefinition>Microsatellite marker on one chromosome of homologue. Number of bases (DNA length) of allele.</attributeDefinition>
          <storageType>data</storageType>
          <measurementScale>
            <interval>
              <unit>
                <standardUnit>number</standardUnit>
              </unit>
              <precision>1</precision>
              <numericDomain>
                <numberType>whole</numberType>
              </numericDomain>
            </interval>
          </measurementScale>
          <missingValueCode>
            <code>-9999</code>
            <codeExplanation>Fragment size could not be determined</codeExplanation>
          </missingValueCode>
        </attribute>
        <attribute id="att.16">
          <attributeName>Ciur15a</attributeName>
          <attributeLabel>Microsatellite marker</attributeLabel>
          <attributeDefinition>Microsatellite marker on one chromosome of homologue. Number of bases (DNA length) of allele.</attributeDefinition>
          <storageType>data</storageType>
          <measurementScale>
            <interval>
              <unit>
                <standardUnit>number</standardUnit>
              </unit>
              <precision>1</precision>
              <numericDomain>
                <numberType>whole</numberType>
              </numericDomain>
            </interval>
          </measurementScale>
          <missingValueCode>
            <code>-9999</code>
            <codeExplanation>Fragment size could not be determined</codeExplanation>
          </missingValueCode>
        </attribute>
        <attribute id="att.17">
          <attributeName>Ciur15b</attributeName>
          <attributeLabel>Microsatellite marker</attributeLabel>
          <attributeDefinition>Microsatellite marker on one chromosome of homologue. Number of bases (DNA length) of allele.</attributeDefinition>
          <storageType>data</storageType>
          <measurementScale>
            <interval>
              <unit>
                <standardUnit>number</standardUnit>
              </unit>
              <precision>1</precision>
              <numericDomain>
                <numberType>whole</numberType>
              </numericDomain>
            </interval>
          </measurementScale>
          <missingValueCode>
            <code>-9999</code>
            <codeExplanation>Fragment size could not be determined</codeExplanation>
          </missingValueCode>
        </attribute>
        <attribute id="att.18">
          <attributeName>Ciur17a</attributeName>
          <attributeLabel>Microsatellite marker</attributeLabel>
          <attributeDefinition>Microsatellite marker on one chromosome of homologue. Number of bases (DNA length) of allele.</attributeDefinition>
          <storageType>data</storageType>
          <measurementScale>
            <interval>
              <unit>
                <standardUnit>number</standardUnit>
              </unit>
              <precision>1</precision>
              <numericDomain>
                <numberType>whole</numberType>
              </numericDomain>
            </interval>
          </measurementScale>
          <missingValueCode>
            <code>-9999</code>
            <codeExplanation>Fragment size could not be determined</codeExplanation>
          </missingValueCode>
        </attribute>
        <attribute id="att.19">
          <attributeName>Ciur17b</attributeName>
          <attributeLabel>Microsatellite marker</attributeLabel>
          <attributeDefinition>Microsatellite marker on one chromosome of homologue. Number of bases (DNA length) of allele.</attributeDefinition>
          <storageType>data</storageType>
          <measurementScale>
            <interval>
              <unit>
                <standardUnit>number</standardUnit>
              </unit>
              <precision>1</precision>
              <numericDomain>
                <numberType>whole</numberType>
              </numericDomain>
            </interval>
          </measurementScale>
          <missingValueCode>
            <code>-9999</code>
            <codeExplanation>Fragment size could not be determined</codeExplanation>
          </missingValueCode>
        </attribute>
        <attribute id="att.20">
          <attributeName>Ciur21a</attributeName>
          <attributeLabel>Microsatellite marker</attributeLabel>
          <attributeDefinition>Microsatellite marker on one chromosome of homologue. Number of bases (DNA length) of allele.</attributeDefinition>
          <storageType>data</storageType>
          <measurementScale>
            <interval>
              <unit>
                <standardUnit>number</standardUnit>
              </unit>
              <precision>1</precision>
              <numericDomain>
                <numberType>whole</numberType>
              </numericDomain>
            </interval>
          </measurementScale>
          <missingValueCode>
            <code>-9999</code>
            <codeExplanation>Fragment size could not be determined</codeExplanation>
          </missingValueCode>
        </attribute>
        <attribute id="att.21">
          <attributeName>Ciur21b</attributeName>
          <attributeLabel>Microsatellite marker</attributeLabel>
          <attributeDefinition>Microsatellite marker on one chromosome of homologue. Number of bases (DNA length) of allele.</attributeDefinition>
          <storageType>data</storageType>
          <measurementScale>
            <interval>
              <unit>
                <standardUnit>number</standardUnit>
              </unit>
              <precision>1</precision>
              <numericDomain>
                <numberType>whole</numberType>
              </numericDomain>
            </interval>
          </measurementScale>
          <missingValueCode>
            <code>-9999</code>
            <codeExplanation>Fragment size could not be determined</codeExplanation>
          </missingValueCode>
        </attribute>
        <attribute id="att.22">
          <attributeName>Ciur22a</attributeName>
          <attributeLabel>Microsatellite marker</attributeLabel>
          <attributeDefinition>Microsatellite marker on one chromosome of homologue. Number of bases (DNA length) of allele.</attributeDefinition>
          <storageType>data</storageType>
          <measurementScale>
            <interval>
              <unit>
                <standardUnit>number</standardUnit>
              </unit>
              <precision>1</precision>
              <numericDomain>
                <numberType>whole</numberType>
              </numericDomain>
            </interval>
          </measurementScale>
          <missingValueCode>
            <code>-9999</code>
            <codeExplanation>Fragment size could not be determined</codeExplanation>
          </missingValueCode>
        </attribute>
        <attribute id="att.23">
          <attributeName>Ciur22b</attributeName>
          <attributeLabel>Microsatellite marker</attributeLabel>
          <attributeDefinition>Microsatellite marker on one chromosome of homologue. Number of bases (DNA length) of allele.</attributeDefinition>
          <storageType>data</storageType>
          <measurementScale>
            <interval>
              <unit>
                <standardUnit>number</standardUnit>
              </unit>
              <precision>1</precision>
              <numericDomain>
                <numberType>whole</numberType>
              </numericDomain>
            </interval>
          </measurementScale>
          <missingValueCode>
            <code>-9999</code>
            <codeExplanation>Fragment size could not be determined</codeExplanation>
          </missingValueCode>
        </attribute>
        <attribute id="att.24">
          <attributeName>Ciur23a</attributeName>
          <attributeLabel>Microsatellite marker</attributeLabel>
          <attributeDefinition>Microsatellite marker on one chromosome of homologue. Number of bases (DNA length) of allele.</attributeDefinition>
          <storageType>data</storageType>
          <measurementScale>
            <interval>
              <unit>
                <standardUnit>number</standardUnit>
              </unit>
              <precision>1</precision>
              <numericDomain>
                <numberType>whole</numberType>
              </numericDomain>
            </interval>
          </measurementScale>
          <missingValueCode>
            <code>-9999</code>
            <codeExplanation>Fragment size could not be determined</codeExplanation>
          </missingValueCode>
        </attribute>
        <attribute id="att.25">
          <attributeName>Ciur23b</attributeName>
          <attributeLabel>Microsatellite marker</attributeLabel>
          <attributeDefinition>Microsatellite marker on one chromosome of homologue. Number of bases (DNA length) of allele.</attributeDefinition>
          <storageType>data</storageType>
          <measurementScale>
            <interval>
              <unit>
                <standardUnit>number</standardUnit>
              </unit>
              <precision>1</precision>
              <numericDomain>
                <numberType>whole</numberType>
              </numericDomain>
            </interval>
          </measurementScale>
          <missingValueCode>
            <code>-9999</code>
            <codeExplanation>Fragment size could not be determined</codeExplanation>
          </missingValueCode>
        </attribute>
        <attribute id="att.26">
          <attributeName>Ciur31a</attributeName>
          <attributeLabel>Microsatellite marker</attributeLabel>
          <attributeDefinition>Microsatellite marker on one chromosome of homologue. Number of bases (DNA length) of allele.</attributeDefinition>
          <storageType>data</storageType>
          <measurementScale>
            <interval>
              <unit>
                <standardUnit>number</standardUnit>
              </unit>
              <precision>1</precision>
              <numericDomain>
                <numberType>whole</numberType>
              </numericDomain>
            </interval>
          </measurementScale>
          <missingValueCode>
            <code>-9999</code>
            <codeExplanation>Fragment size could not be determined</codeExplanation>
          </missingValueCode>
        </attribute>
        <attribute id="att.27">
          <attributeName>Ciur31b</attributeName>
          <attributeLabel>Microsatellite marker</attributeLabel>
          <attributeDefinition>Microsatellite marker on one chromosome of homologue. Number of bases (DNA length) of allele.</attributeDefinition>
          <storageType>data</storageType>
          <measurementScale>
            <interval>
              <unit>
                <standardUnit>number</standardUnit>
              </unit>
              <precision>1</precision>
              <numericDomain>
                <numberType>whole</numberType>
              </numericDomain>
            </interval>
          </measurementScale>
          <missingValueCode>
            <code>-9999</code>
            <codeExplanation>Fragment size could not be determined</codeExplanation>
          </missingValueCode>
        </attribute>
        <attribute id="att.28">
          <attributeName>Ciur38a</attributeName>
          <attributeLabel>Microsatellite marker</attributeLabel>
          <attributeDefinition>Microsatellite marker on one chromosome of homologue. Number of bases (DNA length) of allele.</attributeDefinition>
          <storageType>data</storageType>
          <measurementScale>
            <interval>
              <unit>
                <standardUnit>number</standardUnit>
              </unit>
              <precision>1</precision>
              <numericDomain>
                <numberType>whole</numberType>
              </numericDomain>
            </interval>
          </measurementScale>
          <missingValueCode>
            <code>-9999</code>
            <codeExplanation>Fragment size could not be determined</codeExplanation>
          </missingValueCode>
        </attribute>
        <attribute id="att.29">
          <attributeName>Ciur38b</attributeName>
          <attributeLabel>Microsatellite marker</attributeLabel>
          <attributeDefinition>Microsatellite marker on one chromosome of homologue. Number of bases (DNA length) of allele.</attributeDefinition>
          <storageType>data</storageType>
          <measurementScale>
            <interval>
              <unit>
                <standardUnit>number</standardUnit>
              </unit>
              <precision>1</precision>
              <numericDomain>
                <numberType>whole</numberType>
              </numericDomain>
            </interval>
          </measurementScale>
          <missingValueCode>
            <code>-9999</code>
            <codeExplanation>Fragment size could not be determined</codeExplanation>
          </missingValueCode>
        </attribute>
        <attribute id="att.30">
          <attributeName>Ciur39a</attributeName>
          <attributeLabel>Microsatellite marker</attributeLabel>
          <attributeDefinition>Microsatellite marker on one chromosome of homologue. Number of bases (DNA length) of allele.</attributeDefinition>
          <storageType>data</storageType>
          <measurementScale>
            <interval>
              <unit>
                <standardUnit>number</standardUnit>
              </unit>
              <precision>1</precision>
              <numericDomain>
                <numberType>whole</numberType>
              </numericDomain>
            </interval>
          </measurementScale>
          <missingValueCode>
            <code>-9999</code>
            <codeExplanation>Fragment size could not be determined</codeExplanation>
          </missingValueCode>
        </attribute>
        <attribute id="att.31">
          <attributeName>Ciur39b</attributeName>
          <attributeLabel>Microsatellite marker</attributeLabel>
          <attributeDefinition>Microsatellite marker on one chromosome of homologue. Number of bases (DNA length) of allele.</attributeDefinition>
          <storageType>data</storageType>
          <measurementScale>
            <interval>
              <unit>
                <standardUnit>number</standardUnit>
              </unit>
              <precision>1</precision>
              <numericDomain>
                <numberType>whole</numberType>
              </numericDomain>
            </interval>
          </measurementScale>
          <missingValueCode>
            <code>-9999</code>
            <codeExplanation>Fragment size could not be determined</codeExplanation>
          </missingValueCode>
        </attribute>
        <attribute id="att.32">
          <attributeName>Ciur41a</attributeName>
          <attributeLabel>Microsatellite marker</attributeLabel>
          <attributeDefinition>Microsatellite marker on one chromosome of homologue. Number of bases (DNA length) of allele.</attributeDefinition>
          <storageType>data</storageType>
          <measurementScale>
            <interval>
              <unit>
                <standardUnit>number</standardUnit>
              </unit>
              <precision>1</precision>
              <numericDomain>
                <numberType>whole</numberType>
              </numericDomain>
            </interval>
          </measurementScale>
          <missingValueCode>
            <code>-9999</code>
            <codeExplanation>Fragment size could not be determined</codeExplanation>
          </missingValueCode>
        </attribute>
        <attribute id="att.33">
          <attributeName>Ciur41b</attributeName>
          <attributeLabel>Microsatellite marker</attributeLabel>
          <attributeDefinition>Microsatellite marker on one chromosome of homologue. Number of bases (DNA length) of allele.</attributeDefinition>
          <storageType>data</storageType>
          <measurementScale>
            <interval>
              <unit>
                <standardUnit>number</standardUnit>
              </unit>
              <precision>1</precision>
              <numericDomain>
                <numberType>whole</numberType>
              </numericDomain>
            </interval>
          </measurementScale>
          <missingValueCode>
            <code>-9999</code>
            <codeExplanation>Fragment size could not be determined</codeExplanation>
          </missingValueCode>
        </attribute>
        <attribute id="att.34">
          <attributeName>Ciur42a</attributeName>
          <attributeLabel>Microsatellite marker</attributeLabel>
          <attributeDefinition>Microsatellite marker on one chromosome of homologue. Number of bases (DNA length) of allele.</attributeDefinition>
          <storageType>data</storageType>
          <measurementScale>
            <interval>
              <unit>
                <standardUnit>number</standardUnit>
              </unit>
              <precision>1</precision>
              <numericDomain>
                <numberType>whole</numberType>
              </numericDomain>
            </interval>
          </measurementScale>
          <missingValueCode>
            <code>-9999</code>
            <codeExplanation>Fragment size could not be determined</codeExplanation>
          </missingValueCode>
        </attribute>
        <attribute id="att.35">
          <attributeName>Ciur42b</attributeName>
          <attributeLabel>Microsatellite marker</attributeLabel>
          <attributeDefinition>Microsatellite marker on one chromosome of homologue. Number of bases (DNA length) of allele.</attributeDefinition>
          <storageType>data</storageType>
          <measurementScale>
            <interval>
              <unit>
                <standardUnit>number</standardUnit>
              </unit>
              <precision>1</precision>
              <numericDomain>
                <numberType>whole</numberType>
              </numericDomain>
            </interval>
          </measurementScale>
          <missingValueCode>
            <code>-9999</code>
            <codeExplanation>Fragment size could not be determined</codeExplanation>
          </missingValueCode>
        </attribute>
        <attribute id="att.36">
          <attributeName>Ciur43a</attributeName>
          <attributeLabel>Microsatellite marker</attributeLabel>
          <attributeDefinition>Microsatellite marker on one chromosome of homologue. Number of bases (DNA length) of allele.</attributeDefinition>
          <storageType>data</storageType>
          <measurementScale>
            <interval>
              <unit>
                <standardUnit>number</standardUnit>
              </unit>
              <precision>1</precision>
              <numericDomain>
                <numberType>whole</numberType>
              </numericDomain>
            </interval>
          </measurementScale>
          <missingValueCode>
            <code>-9999</code>
            <codeExplanation>Fragment size could not be determined</codeExplanation>
          </missingValueCode>
        </attribute>
        <attribute id="att.37">
          <attributeName>Ciur43b</attributeName>
          <attributeLabel>Microsatellite marker</attributeLabel>
          <attributeDefinition>Microsatellite marker on one chromosome of homologue. Number of bases (DNA length) of allele.</attributeDefinition>
          <storageType>data</storageType>
          <measurementScale>
            <interval>
              <unit>
                <standardUnit>number</standardUnit>
              </unit>
              <precision>1</precision>
              <numericDomain>
                <numberType>whole</numberType>
              </numericDomain>
            </interval>
          </measurementScale>
          <missingValueCode>
            <code>-9999</code>
            <codeExplanation>Fragment size could not be determined</codeExplanation>
          </missingValueCode>
        </attribute>
        <attribute id="att.38">
          <attributeName>Ciur46a</attributeName>
          <attributeLabel>Microsatellite marker</attributeLabel>
          <attributeDefinition>Microsatellite marker on one chromosome of homologue. Number of bases (DNA length) of allele.</attributeDefinition>
          <storageType>data</storageType>
          <measurementScale>
            <interval>
              <unit>
                <standardUnit>number</standardUnit>
              </unit>
              <precision>1</precision>
              <numericDomain>
                <numberType>whole</numberType>
              </numericDomain>
            </interval>
          </measurementScale>
          <missingValueCode>
            <code>-9999</code>
            <codeExplanation>Fragment size could not be determined</codeExplanation>
          </missingValueCode>
        </attribute>
        <attribute id="att.39">
          <attributeName>Ciur46b</attributeName>
          <attributeLabel>Microsatellite marker</attributeLabel>
          <attributeDefinition>Microsatellite marker on one chromosome of homologue. Number of bases (DNA length) of allele.</attributeDefinition>
          <storageType>data</storageType>
          <measurementScale>
            <interval>
              <unit>
                <standardUnit>number</standardUnit>
              </unit>
              <precision>1</precision>
              <numericDomain>
                <numberType>whole</numberType>
              </numericDomain>
            </interval>
          </measurementScale>
          <missingValueCode>
            <code>-9999</code>
            <codeExplanation>Fragment size could not be determined</codeExplanation>
          </missingValueCode>
        </attribute>
      </attributeList>
      <numberOfRecords>356</numberOfRecords>
    </dataTable>
  </dataset>
  <additionalMetadata>
    <metadata>
      <additionalDataset>
        <researchType>Short-term</researchType>
        <DatasetDistributionTypeandRestrictions>Type I- Funded by NSF LTER program</DatasetDistributionTypeandRestrictions>
        <addDistribution>
          <submissionDate>2014-11-04</submissionDate>
        </addDistribution>
      </additionalDataset>
    </metadata>
  </additionalMetadata>
</eml:eml>