Collection,Record,Abstract,Attribute Definition,Attribute List,Author,Author / Originator,Author / Originator Email Address,Author / Originator Identifier,Author / Originator World Wide Web Address,Bounding Box,Distribution Format,Easternmost Longitude,End Time,Entity Type Definition,Entity and Attribute Information,Keyword,Keyword Type,Metadata Access Constraints,Metadata Use Constraints,Northernmost Latitude,Organization Name,Originating Organization,Process Step,Project Name,Publication Date,Resource Access Constraints,Resource Contact,Resource Creation/Revision Date,Resource Distribution,Resource Format,Resource Identifier,Resource Identifier Type,Resource Lineage,Resource Long Name,Resource Status,Resource Title,Resource Use Constraints,Resource on-line Link,Rights,Security Constraints,Southernmost Latitude,Spatial Extent,Start Time,Temporal Extent,Unknown,Westernmost Longitude
2017,104.590.xml,1.0,0.0,0.0,2.0,2.0,1.0,2.0,1.0,1.0,0.0,1.0,1.0,0.0,0.0,1.0,1.0,1.0,1.0,1.0,1.0,1.0,0.0,1.0,1.0,1.0,1.0,1.0,1.0,0.0,1.0,1.0,0.0,1.0,1.0,1.0,1.0,1.0,1.0,1.0,1.0,1.0,1.0,1.0,54.0,1.0
2017,105.590.xml,1.0,0.0,0.0,2.0,2.0,1.0,2.0,1.0,1.0,0.0,1.0,1.0,0.0,0.0,1.0,1.0,1.0,1.0,1.0,1.0,1.0,0.0,1.0,1.0,1.0,1.0,1.0,1.0,0.0,1.0,1.0,0.0,1.0,1.0,1.0,1.0,1.0,1.0,1.0,1.0,1.0,1.0,1.0,54.0,1.0
2017,106.590.xml,1.0,0.0,0.0,2.0,2.0,1.0,2.0,1.0,1.0,0.0,1.0,1.0,0.0,0.0,1.0,1.0,1.0,1.0,1.0,1.0,1.0,0.0,1.0,1.0,1.0,1.0,1.0,1.0,0.0,1.0,1.0,0.0,1.0,1.0,1.0,1.0,1.0,1.0,1.0,1.0,1.0,1.0,1.0,54.0,1.0
2017,110.580.xml,1.0,0.0,0.0,2.0,2.0,1.0,2.0,1.0,1.0,0.0,1.0,1.0,0.0,0.0,1.0,1.0,1.0,1.0,1.0,1.0,1.0,0.0,1.0,1.0,1.0,1.0,1.0,1.0,0.0,1.0,1.0,0.0,1.0,1.0,1.0,1.0,1.0,1.0,1.0,1.0,1.0,1.0,1.0,54.0,1.0
2017,111.580.xml,1.0,0.0,0.0,2.0,2.0,1.0,2.0,1.0,1.0,0.0,1.0,1.0,0.0,0.0,1.0,1.0,1.0,1.0,1.0,1.0,1.0,0.0,1.0,1.0,1.0,1.0,1.0,1.0,0.0,1.0,1.0,0.0,1.0,1.0,1.0,1.0,1.0,1.0,1.0,1.0,1.0,1.0,1.0,54.0,1.0
2017,113.580.xml,1.0,0.0,0.0,2.0,2.0,1.0,2.0,1.0,1.0,0.0,1.0,1.0,0.0,0.0,1.0,1.0,1.0,1.0,1.0,1.0,1.0,0.0,1.0,1.0,1.0,1.0,1.0,1.0,0.0,1.0,1.0,0.0,1.0,1.0,1.0,1.0,1.0,1.0,1.0,1.0,1.0,1.0,1.0,63.0,1.0
2017,114.580.xml,1.0,0.0,0.0,2.0,2.0,1.0,2.0,1.0,1.0,0.0,1.0,1.0,0.0,0.0,1.0,1.0,1.0,1.0,1.0,1.0,1.0,0.0,1.0,1.0,1.0,1.0,1.0,1.0,0.0,1.0,1.0,0.0,1.0,1.0,1.0,1.0,1.0,1.0,1.0,1.0,1.0,1.0,1.0,62.0,1.0
2017,116.580.xml,1.0,0.0,0.0,2.0,2.0,1.0,2.0,1.0,1.0,0.0,1.0,1.0,0.0,0.0,1.0,1.0,1.0,1.0,1.0,1.0,1.0,0.0,1.0,1.0,1.0,1.0,1.0,1.0,0.0,1.0,1.0,0.0,1.0,1.0,1.0,1.0,1.0,1.0,1.0,1.0,1.0,1.0,1.0,62.0,1.0
2017,117.580.xml,1.0,0.0,0.0,2.0,2.0,1.0,2.0,1.0,1.0,0.0,1.0,1.0,0.0,0.0,1.0,1.0,1.0,1.0,1.0,1.0,1.0,0.0,1.0,1.0,1.0,1.0,1.0,1.0,0.0,1.0,1.0,0.0,1.0,1.0,1.0,1.0,1.0,1.0,1.0,1.0,1.0,1.0,1.0,62.0,1.0
2017,118.580.xml,1.0,0.0,0.0,2.0,2.0,1.0,2.0,1.0,1.0,0.0,1.0,1.0,0.0,0.0,1.0,1.0,1.0,1.0,1.0,1.0,1.0,0.0,1.0,1.0,1.0,1.0,1.0,1.0,0.0,1.0,1.0,0.0,1.0,1.0,1.0,1.0,1.0,1.0,1.0,1.0,1.0,1.0,1.0,54.0,1.0
2017,120.580.xml,1.0,0.0,0.0,2.0,2.0,1.0,2.0,1.0,1.0,0.0,1.0,1.0,0.0,0.0,1.0,1.0,1.0,1.0,1.0,1.0,1.0,0.0,1.0,1.0,1.0,1.0,1.0,1.0,0.0,1.0,1.0,0.0,1.0,1.0,1.0,1.0,1.0,1.0,1.0,1.0,1.0,1.0,1.0,65.0,1.0
2017,121.580.xml,1.0,0.0,0.0,2.0,2.0,1.0,2.0,1.0,1.0,0.0,1.0,1.0,0.0,0.0,1.0,1.0,1.0,1.0,1.0,1.0,1.0,0.0,1.0,1.0,1.0,1.0,1.0,1.0,0.0,1.0,1.0,0.0,1.0,1.0,1.0,1.0,1.0,1.0,1.0,1.0,1.0,1.0,1.0,63.0,1.0
2017,123.580.xml,1.0,0.0,0.0,2.0,2.0,1.0,2.0,1.0,1.0,0.0,1.0,1.0,0.0,0.0,1.0,1.0,1.0,1.0,1.0,1.0,1.0,0.0,1.0,1.0,1.0,1.0,1.0,1.0,0.0,1.0,1.0,0.0,1.0,1.0,1.0,1.0,1.0,1.0,1.0,1.0,1.0,1.0,1.0,62.0,1.0
2017,124.580.xml,1.0,0.0,0.0,2.0,2.0,1.0,2.0,1.0,1.0,0.0,1.0,1.0,0.0,0.0,1.0,1.0,1.0,1.0,1.0,1.0,1.0,0.0,1.0,1.0,1.0,1.0,1.0,1.0,0.0,1.0,1.0,0.0,1.0,1.0,1.0,1.0,1.0,1.0,1.0,1.0,1.0,1.0,1.0,58.0,1.0
2017,126.580.xml,1.0,0.0,0.0,2.0,2.0,1.0,2.0,1.0,1.0,0.0,1.0,1.0,0.0,0.0,1.0,1.0,1.0,1.0,1.0,1.0,1.0,0.0,1.0,1.0,1.0,1.0,1.0,1.0,0.0,1.0,1.0,0.0,1.0,1.0,1.0,1.0,1.0,1.0,1.0,1.0,1.0,1.0,1.0,59.0,1.0
2017,127.580.xml,1.0,0.0,0.0,2.0,2.0,1.0,2.0,1.0,1.0,0.0,1.0,1.0,0.0,0.0,1.0,1.0,1.0,1.0,1.0,1.0,1.0,0.0,1.0,1.0,1.0,1.0,1.0,1.0,0.0,1.0,1.0,0.0,1.0,1.0,1.0,1.0,1.0,1.0,1.0,1.0,1.0,1.0,1.0,59.0,1.0
2017,130.580.xml,1.0,0.0,0.0,2.0,2.0,1.0,2.0,1.0,1.0,0.0,1.0,1.0,0.0,0.0,1.0,1.0,1.0,1.0,1.0,1.0,1.0,0.0,1.0,1.0,1.0,1.0,1.0,1.0,0.0,1.0,1.0,0.0,1.0,1.0,1.0,1.0,1.0,1.0,1.0,1.0,1.0,1.0,1.0,59.0,1.0
2017,131.580.xml,1.0,0.0,0.0,2.0,2.0,1.0,2.0,1.0,1.0,0.0,1.0,1.0,0.0,0.0,1.0,1.0,1.0,1.0,1.0,1.0,1.0,0.0,1.0,1.0,1.0,1.0,1.0,1.0,0.0,1.0,1.0,0.0,1.0,1.0,1.0,1.0,1.0,1.0,1.0,1.0,1.0,1.0,1.0,58.0,1.0
2017,133.580.xml,1.0,0.0,0.0,2.0,2.0,1.0,2.0,1.0,1.0,0.0,1.0,1.0,0.0,0.0,1.0,1.0,1.0,1.0,1.0,1.0,1.0,0.0,1.0,1.0,1.0,1.0,1.0,1.0,0.0,1.0,1.0,0.0,1.0,1.0,1.0,1.0,1.0,1.0,1.0,1.0,1.0,1.0,1.0,65.0,1.0
2017,151.610.xml,1.0,0.0,0.0,2.0,2.0,1.0,2.0,1.0,1.0,0.0,1.0,1.0,0.0,0.0,1.0,1.0,1.0,1.0,1.0,1.0,1.0,0.0,1.0,1.0,1.0,1.0,1.0,1.0,0.0,1.0,1.0,0.0,1.0,1.0,1.0,1.0,1.0,1.0,1.0,1.0,1.0,1.0,1.0,54.0,1.0
2017,151.620.xml,1.0,0.0,0.0,2.0,2.0,1.0,2.0,1.0,1.0,0.0,1.0,1.0,0.0,0.0,1.0,1.0,1.0,1.0,1.0,1.0,1.0,0.0,1.0,1.0,1.0,1.0,1.0,1.0,0.0,1.0,1.0,0.0,1.0,1.0,1.0,1.0,1.0,1.0,1.0,1.0,1.0,1.0,1.0,54.0,1.0
2017,152.610.xml,1.0,0.0,0.0,2.0,2.0,1.0,2.0,1.0,1.0,0.0,1.0,1.0,0.0,0.0,1.0,1.0,1.0,1.0,1.0,1.0,1.0,0.0,1.0,1.0,1.0,1.0,1.0,1.0,0.0,1.0,1.0,0.0,1.0,1.0,1.0,1.0,1.0,1.0,1.0,1.0,1.0,1.0,1.0,54.0,1.0
2017,152.620.xml,1.0,0.0,0.0,2.0,2.0,1.0,2.0,1.0,1.0,0.0,1.0,1.0,0.0,0.0,1.0,1.0,1.0,1.0,1.0,1.0,1.0,0.0,1.0,1.0,1.0,1.0,1.0,1.0,0.0,1.0,1.0,0.0,1.0,1.0,1.0,1.0,1.0,1.0,1.0,1.0,1.0,1.0,1.0,54.0,1.0
2017,153.620.xml,1.0,0.0,0.0,2.0,2.0,1.0,2.0,1.0,1.0,0.0,1.0,1.0,0.0,0.0,1.0,1.0,1.0,1.0,1.0,1.0,1.0,0.0,1.0,1.0,1.0,1.0,1.0,1.0,0.0,1.0,1.0,0.0,1.0,1.0,1.0,1.0,1.0,1.0,1.0,1.0,1.0,1.0,1.0,54.0,1.0
2017,153.630.xml,1.0,0.0,0.0,2.0,2.0,1.0,2.0,1.0,1.0,0.0,1.0,1.0,0.0,0.0,1.0,1.0,1.0,1.0,1.0,1.0,1.0,0.0,1.0,1.0,1.0,1.0,1.0,1.0,0.0,1.0,1.0,0.0,1.0,1.0,1.0,1.0,1.0,1.0,1.0,1.0,1.0,1.0,1.0,54.0,1.0
2017,154.620.xml,1.0,0.0,0.0,2.0,2.0,1.0,2.0,1.0,1.0,0.0,1.0,1.0,0.0,0.0,1.0,1.0,1.0,1.0,1.0,1.0,1.0,0.0,1.0,1.0,1.0,1.0,1.0,1.0,0.0,1.0,1.0,0.0,1.0,1.0,1.0,1.0,1.0,1.0,1.0,1.0,1.0,1.0,1.0,54.0,1.0
2017,154.630.xml,1.0,0.0,0.0,2.0,2.0,1.0,2.0,1.0,1.0,0.0,1.0,1.0,0.0,0.0,1.0,1.0,1.0,1.0,1.0,1.0,1.0,0.0,1.0,1.0,1.0,1.0,1.0,1.0,0.0,1.0,1.0,0.0,1.0,1.0,1.0,1.0,1.0,1.0,1.0,1.0,1.0,1.0,1.0,54.0,1.0
2017,155.620.xml,1.0,0.0,0.0,2.0,2.0,1.0,2.0,1.0,1.0,0.0,1.0,1.0,0.0,0.0,1.0,1.0,1.0,1.0,1.0,1.0,1.0,0.0,1.0,1.0,1.0,1.0,1.0,1.0,0.0,1.0,1.0,0.0,1.0,1.0,1.0,1.0,1.0,1.0,1.0,1.0,1.0,1.0,1.0,54.0,1.0
2017,155.630.xml,1.0,0.0,0.0,2.0,2.0,1.0,2.0,1.0,1.0,0.0,1.0,1.0,0.0,0.0,1.0,1.0,1.0,1.0,1.0,1.0,1.0,0.0,1.0,1.0,1.0,1.0,1.0,1.0,0.0,1.0,1.0,0.0,1.0,1.0,1.0,1.0,1.0,1.0,1.0,1.0,1.0,1.0,1.0,54.0,1.0
2017,156.580.xml,1.0,0.0,0.0,2.0,2.0,1.0,2.0,1.0,1.0,0.0,1.0,1.0,0.0,0.0,1.0,1.0,1.0,1.0,1.0,1.0,1.0,0.0,1.0,1.0,1.0,1.0,1.0,1.0,0.0,1.0,1.0,0.0,1.0,1.0,1.0,1.0,1.0,1.0,1.0,1.0,1.0,1.0,1.0,66.0,1.0
2017,3130.100.xml,1.0,13.0,1.0,3.0,3.0,0.0,3.0,2.0,1.0,1.0,1.0,1.0,1.0,1.0,9.0,1.0,1.0,1.0,1.0,2.0,2.0,1.0,2.0,1.0,1.0,1.0,1.0,1.0,1.0,1.0,1.0,1.0,1.0,1.0,1.0,1.0,1.0,1.0,1.0,1.0,1.0,1.0,1.0,126.0,1.0
2017,3140.590.xml,1.0,0.0,0.0,3.0,3.0,1.0,3.0,2.0,1.0,0.0,1.0,1.0,0.0,0.0,1.0,1.0,1.0,1.0,1.0,2.0,2.0,0.0,2.0,1.0,1.0,1.0,1.0,1.0,0.0,1.0,1.0,0.0,1.0,1.0,1.0,1.0,1.0,1.0,1.0,1.0,1.0,1.0,1.0,55.0,1.0
2017,3141.590.xml,1.0,0.0,0.0,3.0,3.0,1.0,3.0,2.0,1.0,0.0,1.0,1.0,0.0,0.0,1.0,1.0,1.0,1.0,1.0,2.0,2.0,0.0,2.0,1.0,1.0,1.0,1.0,1.0,0.0,1.0,1.0,0.0,1.0,1.0,1.0,1.0,1.0,1.0,1.0,1.0,1.0,1.0,1.0,58.0,1.0
2017,3142.590.xml,1.0,0.0,0.0,3.0,3.0,1.0,3.0,2.0,1.0,0.0,1.0,1.0,0.0,0.0,1.0,1.0,1.0,1.0,1.0,2.0,2.0,0.0,2.0,1.0,1.0,1.0,1.0,1.0,0.0,1.0,1.0,0.0,1.0,1.0,1.0,1.0,1.0,1.0,1.0,1.0,1.0,1.0,1.0,56.0,1.0
2017,3143.590.xml,1.0,0.0,0.0,3.0,3.0,1.0,3.0,2.0,1.0,0.0,1.0,1.0,0.0,0.0,1.0,1.0,1.0,1.0,1.0,2.0,2.0,0.0,2.0,1.0,1.0,1.0,1.0,1.0,0.0,1.0,1.0,0.0,1.0,1.0,1.0,1.0,1.0,1.0,1.0,1.0,1.0,1.0,1.0,59.0,1.0
2017,3144.590.xml,1.0,0.0,0.0,3.0,3.0,1.0,3.0,2.0,1.0,0.0,1.0,1.0,0.0,0.0,1.0,1.0,1.0,1.0,1.0,2.0,2.0,0.0,2.0,1.0,1.0,1.0,1.0,1.0,0.0,1.0,1.0,0.0,1.0,1.0,1.0,1.0,1.0,1.0,1.0,1.0,1.0,1.0,1.0,58.0,1.0
2017,3145.590.xml,1.0,0.0,0.0,3.0,3.0,1.0,3.0,2.0,1.0,0.0,1.0,1.0,0.0,0.0,1.0,1.0,1.0,1.0,1.0,2.0,2.0,0.0,2.0,1.0,1.0,1.0,1.0,1.0,0.0,1.0,1.0,0.0,1.0,1.0,1.0,1.0,1.0,1.0,1.0,1.0,1.0,1.0,1.0,61.0,1.0
2017,3146.590.xml,1.0,0.0,0.0,3.0,3.0,1.0,3.0,2.0,1.0,0.0,1.0,1.0,0.0,0.0,1.0,1.0,1.0,1.0,1.0,2.0,2.0,0.0,2.0,1.0,1.0,1.0,1.0,1.0,0.0,1.0,1.0,0.0,1.0,1.0,1.0,1.0,1.0,1.0,1.0,1.0,1.0,1.0,1.0,54.0,1.0
2017,3147.590.xml,1.0,0.0,0.0,3.0,3.0,1.0,3.0,2.0,1.0,0.0,1.0,1.0,0.0,0.0,1.0,1.0,1.0,1.0,1.0,2.0,2.0,0.0,2.0,1.0,1.0,1.0,1.0,1.0,0.0,1.0,1.0,0.0,1.0,1.0,1.0,1.0,1.0,1.0,1.0,1.0,1.0,1.0,1.0,54.0,1.0
2017,3148.590.xml,1.0,0.0,0.0,3.0,3.0,1.0,3.0,2.0,1.0,0.0,1.0,1.0,0.0,0.0,1.0,1.0,1.0,1.0,1.0,2.0,2.0,0.0,2.0,1.0,1.0,1.0,1.0,1.0,0.0,1.0,1.0,0.0,1.0,1.0,1.0,1.0,1.0,1.0,1.0,1.0,1.0,1.0,1.0,63.0,1.0
2017,3149.590.xml,1.0,0.0,0.0,3.0,3.0,1.0,3.0,2.0,1.0,0.0,1.0,1.0,0.0,0.0,1.0,1.0,1.0,1.0,1.0,2.0,2.0,0.0,2.0,1.0,1.0,1.0,1.0,1.0,0.0,1.0,1.0,0.0,1.0,1.0,1.0,1.0,1.0,1.0,1.0,1.0,1.0,1.0,1.0,54.0,1.0
2017,3150.590.xml,1.0,0.0,0.0,3.0,3.0,1.0,3.0,2.0,1.0,0.0,1.0,1.0,0.0,0.0,1.0,1.0,1.0,1.0,1.0,2.0,2.0,0.0,2.0,1.0,1.0,1.0,1.0,1.0,0.0,1.0,1.0,0.0,1.0,1.0,1.0,1.0,1.0,1.0,1.0,1.0,1.0,1.0,1.0,54.0,1.0
2017,3151.590.xml,1.0,0.0,0.0,3.0,3.0,1.0,3.0,2.0,1.0,0.0,1.0,1.0,0.0,0.0,1.0,1.0,1.0,1.0,1.0,2.0,2.0,0.0,2.0,1.0,1.0,1.0,1.0,1.0,0.0,1.0,1.0,0.0,1.0,1.0,1.0,1.0,1.0,1.0,1.0,1.0,1.0,1.0,1.0,60.0,1.0
2017,3152.590.xml,1.0,0.0,0.0,3.0,3.0,1.0,3.0,2.0,1.0,0.0,1.0,1.0,0.0,0.0,1.0,1.0,1.0,1.0,1.0,2.0,2.0,0.0,2.0,1.0,1.0,1.0,1.0,1.0,0.0,1.0,1.0,0.0,1.0,1.0,1.0,1.0,1.0,1.0,1.0,1.0,1.0,1.0,1.0,54.0,1.0
2017,3153.590.xml,1.0,0.0,0.0,3.0,3.0,1.0,3.0,2.0,1.0,0.0,1.0,1.0,0.0,0.0,1.0,1.0,1.0,1.0,1.0,2.0,2.0,0.0,2.0,1.0,1.0,1.0,1.0,1.0,0.0,1.0,1.0,0.0,1.0,1.0,1.0,1.0,1.0,1.0,1.0,1.0,1.0,1.0,1.0,54.0,1.0
2017,3160.580.xml,1.0,0.0,0.0,2.0,2.0,1.0,2.0,1.0,1.0,0.0,1.0,1.0,0.0,0.0,1.0,1.0,1.0,1.0,1.0,1.0,1.0,0.0,1.0,1.0,1.0,1.0,1.0,1.0,0.0,1.0,1.0,0.0,1.0,1.0,1.0,1.0,1.0,1.0,1.0,1.0,1.0,1.0,1.0,66.0,1.0
2017,3170.110.xml,1.0,36.0,4.0,2.0,2.0,1.0,2.0,1.0,1.0,1.0,1.0,1.0,1.0,1.0,12.0,1.0,1.0,1.0,1.0,1.0,1.0,1.0,1.0,1.0,1.0,1.0,1.0,1.0,1.0,1.0,1.0,1.0,1.0,1.0,1.0,1.0,1.0,1.0,1.0,1.0,1.0,1.0,1.0,283.0,1.0
2017,3170.150.xml,1.0,36.0,4.0,2.0,2.0,1.0,2.0,1.0,1.0,1.0,1.0,1.0,1.0,1.0,12.0,1.0,1.0,1.0,1.0,1.0,1.0,1.0,1.0,1.0,1.0,1.0,1.0,1.0,1.0,1.0,1.0,1.0,1.0,1.0,1.0,1.0,1.0,1.0,1.0,1.0,1.0,1.0,1.0,272.0,1.0
2017,3180.100.xml,1.0,21.0,2.0,2.0,2.0,1.0,2.0,1.0,1.0,1.0,1.0,1.0,1.0,1.0,10.0,1.0,1.0,1.0,1.0,1.0,1.0,1.0,1.0,1.0,1.0,1.0,1.0,1.0,1.0,1.0,1.0,1.0,1.0,1.0,1.0,1.0,1.0,1.0,1.0,1.0,1.0,1.0,1.0,324.0,1.0
2017,3180.110.xml,1.0,21.0,2.0,2.0,2.0,1.0,2.0,1.0,1.0,1.0,1.0,1.0,1.0,1.0,10.0,1.0,1.0,1.0,1.0,1.0,1.0,1.0,1.0,1.0,1.0,1.0,1.0,1.0,1.0,1.0,1.0,1.0,1.0,1.0,1.0,1.0,1.0,1.0,1.0,1.0,1.0,1.0,1.0,324.0,1.0
2017,3200.100.xml,1.0,0.0,0.0,3.0,3.0,1.0,3.0,2.0,1.0,0.0,1.0,1.0,0.0,0.0,9.0,1.0,1.0,1.0,1.0,2.0,2.0,0.0,2.0,1.0,1.0,1.0,1.0,1.0,0.0,1.0,1.0,0.0,1.0,1.0,1.0,1.0,1.0,1.0,1.0,1.0,1.0,1.0,1.0,55.0,1.0
2017,3210.100.xml,1.0,0.0,0.0,2.0,2.0,0.0,2.0,1.0,1.0,0.0,1.0,1.0,0.0,0.0,9.0,1.0,1.0,1.0,1.0,1.0,1.0,0.0,1.0,1.0,1.0,1.0,1.0,1.0,0.0,1.0,1.0,0.0,1.0,1.0,1.0,1.0,1.0,1.0,1.0,1.0,1.0,1.0,1.0,51.0,1.0
2017,3210.110.xml,1.0,0.0,0.0,2.0,2.0,0.0,2.0,1.0,1.0,0.0,1.0,1.0,0.0,0.0,9.0,1.0,1.0,1.0,1.0,1.0,1.0,0.0,1.0,1.0,1.0,1.0,1.0,1.0,0.0,1.0,1.0,0.0,1.0,1.0,1.0,1.0,1.0,1.0,1.0,1.0,1.0,1.0,1.0,51.0,1.0
2017,331.20.xml,1.0,0.0,0.0,2.0,2.0,1.0,2.0,1.0,1.0,0.0,1.0,1.0,0.0,0.0,6.0,1.0,1.0,1.0,1.0,1.0,1.0,0.0,1.0,1.0,1.0,1.0,1.0,1.0,0.0,1.0,1.0,0.0,1.0,1.0,1.0,1.0,1.0,1.0,1.0,1.0,1.0,1.0,1.0,106.0,1.0
2017,332.580.xml,1.0,0.0,0.0,2.0,2.0,1.0,2.0,1.0,1.0,0.0,1.0,1.0,0.0,0.0,6.0,1.0,1.0,1.0,1.0,1.0,1.0,0.0,1.0,1.0,1.0,1.0,1.0,1.0,0.0,1.0,1.0,0.0,1.0,1.0,1.0,1.0,1.0,1.0,1.0,1.0,1.0,1.0,1.0,64.0,1.0
2017,333.580.xml,1.0,0.0,0.0,2.0,2.0,1.0,2.0,1.0,1.0,0.0,1.0,1.0,0.0,0.0,6.0,1.0,1.0,1.0,1.0,1.0,1.0,0.0,1.0,1.0,1.0,1.0,1.0,1.0,0.0,1.0,1.0,0.0,1.0,1.0,1.0,1.0,1.0,1.0,1.0,1.0,1.0,1.0,1.0,65.0,1.0
2017,333.590.xml,1.0,0.0,0.0,2.0,2.0,1.0,2.0,1.0,1.0,0.0,1.0,1.0,0.0,0.0,6.0,1.0,1.0,1.0,1.0,1.0,1.0,0.0,1.0,1.0,1.0,1.0,1.0,1.0,0.0,1.0,1.0,0.0,1.0,1.0,1.0,1.0,1.0,1.0,1.0,1.0,1.0,1.0,1.0,66.0,1.0
2017,337.590.xml,1.0,0.0,0.0,2.0,2.0,1.0,2.0,1.0,1.0,0.0,1.0,1.0,0.0,0.0,16.0,1.0,1.0,1.0,1.0,1.0,1.0,0.0,1.0,1.0,1.0,1.0,1.0,1.0,0.0,1.0,1.0,0.0,1.0,1.0,1.0,1.0,1.0,1.0,1.0,1.0,1.0,1.0,1.0,68.0,1.0
2017,349.580.xml,1.0,0.0,0.0,3.0,3.0,1.0,3.0,2.0,1.0,0.0,1.0,1.0,0.0,0.0,9.0,1.0,1.0,1.0,1.0,2.0,2.0,0.0,2.0,1.0,1.0,1.0,1.0,1.0,0.0,1.0,1.0,0.0,1.0,1.0,1.0,1.0,1.0,1.0,1.0,1.0,1.0,1.0,1.0,75.0,1.0
2017,349.590.xml,1.0,0.0,0.0,3.0,3.0,1.0,3.0,2.0,1.0,0.0,1.0,1.0,0.0,0.0,9.0,1.0,1.0,1.0,1.0,2.0,2.0,0.0,2.0,1.0,1.0,1.0,1.0,1.0,0.0,1.0,1.0,0.0,1.0,1.0,1.0,1.0,1.0,1.0,1.0,1.0,1.0,1.0,1.0,75.0,1.0
2017,350.580.xml,1.0,0.0,0.0,3.0,3.0,1.0,3.0,2.0,1.0,0.0,1.0,1.0,0.0,0.0,9.0,1.0,1.0,1.0,1.0,2.0,2.0,0.0,2.0,1.0,1.0,1.0,1.0,1.0,0.0,1.0,1.0,0.0,1.0,1.0,1.0,1.0,1.0,1.0,1.0,1.0,1.0,1.0,1.0,79.0,1.0
2017,350.590.xml,1.0,0.0,0.0,3.0,3.0,1.0,3.0,2.0,1.0,0.0,1.0,1.0,0.0,0.0,9.0,1.0,1.0,1.0,1.0,2.0,2.0,0.0,2.0,1.0,1.0,1.0,1.0,1.0,0.0,1.0,1.0,0.0,1.0,1.0,1.0,1.0,1.0,1.0,1.0,1.0,1.0,1.0,1.0,79.0,1.0
2017,351.580.xml,1.0,0.0,0.0,3.0,3.0,1.0,3.0,2.0,1.0,0.0,1.0,1.0,0.0,0.0,9.0,1.0,1.0,1.0,1.0,2.0,2.0,0.0,2.0,1.0,1.0,1.0,1.0,1.0,0.0,1.0,1.0,0.0,1.0,1.0,1.0,1.0,1.0,1.0,1.0,1.0,1.0,1.0,1.0,79.0,1.0
2017,352.580.xml,1.0,0.0,0.0,3.0,3.0,1.0,3.0,2.0,1.0,0.0,1.0,1.0,0.0,0.0,9.0,1.0,1.0,1.0,1.0,2.0,2.0,0.0,2.0,1.0,1.0,1.0,1.0,1.0,0.0,1.0,1.0,0.0,1.0,1.0,1.0,1.0,1.0,1.0,1.0,1.0,1.0,1.0,1.0,79.0,1.0
2017,352.590.xml,1.0,0.0,0.0,3.0,3.0,1.0,3.0,2.0,1.0,0.0,1.0,1.0,0.0,0.0,9.0,1.0,1.0,1.0,1.0,2.0,2.0,0.0,2.0,1.0,1.0,1.0,1.0,1.0,0.0,1.0,1.0,0.0,1.0,1.0,1.0,1.0,1.0,1.0,1.0,1.0,1.0,1.0,1.0,79.0,1.0
2017,353.580.xml,1.0,0.0,0.0,3.0,3.0,1.0,3.0,2.0,1.0,0.0,1.0,1.0,0.0,0.0,9.0,1.0,1.0,1.0,1.0,2.0,2.0,0.0,2.0,1.0,1.0,1.0,1.0,1.0,0.0,1.0,1.0,0.0,1.0,1.0,1.0,1.0,1.0,1.0,1.0,1.0,1.0,1.0,1.0,79.0,1.0
2017,353.590.xml,1.0,0.0,0.0,3.0,3.0,1.0,3.0,2.0,1.0,0.0,1.0,1.0,0.0,0.0,9.0,1.0,1.0,1.0,1.0,2.0,2.0,0.0,2.0,1.0,1.0,1.0,1.0,1.0,0.0,1.0,1.0,0.0,1.0,1.0,1.0,1.0,1.0,1.0,1.0,1.0,1.0,1.0,1.0,79.0,1.0
2017,354.580.xml,1.0,0.0,0.0,3.0,3.0,1.0,3.0,2.0,1.0,0.0,1.0,1.0,0.0,0.0,9.0,1.0,1.0,1.0,1.0,2.0,2.0,0.0,2.0,1.0,1.0,1.0,1.0,1.0,0.0,1.0,1.0,0.0,1.0,1.0,1.0,1.0,1.0,1.0,1.0,1.0,1.0,1.0,1.0,69.0,1.0
2017,354.590.xml,1.0,0.0,0.0,3.0,3.0,1.0,3.0,2.0,1.0,0.0,1.0,1.0,0.0,0.0,9.0,1.0,1.0,1.0,1.0,2.0,2.0,0.0,2.0,1.0,1.0,1.0,1.0,1.0,0.0,1.0,1.0,0.0,1.0,1.0,1.0,1.0,1.0,1.0,1.0,1.0,1.0,1.0,1.0,69.0,1.0
2017,360.580.xml,1.0,0.0,0.0,2.0,2.0,1.0,2.0,1.0,1.0,0.0,1.0,1.0,0.0,0.0,1.0,1.0,1.0,1.0,1.0,1.0,1.0,0.0,1.0,1.0,1.0,1.0,1.0,1.0,0.0,1.0,1.0,0.0,1.0,1.0,1.0,1.0,1.0,1.0,1.0,1.0,1.0,1.0,1.0,67.0,1.0
2017,361.580.xml,1.0,0.0,0.0,3.0,3.0,1.0,3.0,2.0,1.0,0.0,1.0,1.0,0.0,0.0,9.0,1.0,1.0,1.0,1.0,2.0,2.0,0.0,2.0,1.0,1.0,1.0,1.0,1.0,0.0,1.0,1.0,0.0,1.0,1.0,1.0,1.0,1.0,1.0,1.0,1.0,1.0,1.0,1.0,82.0,1.0
2017,362.580.xml,1.0,0.0,0.0,3.0,3.0,1.0,3.0,2.0,1.0,0.0,1.0,1.0,0.0,0.0,9.0,1.0,1.0,1.0,1.0,2.0,2.0,0.0,2.0,1.0,1.0,1.0,1.0,1.0,0.0,1.0,1.0,0.0,1.0,1.0,1.0,1.0,1.0,1.0,1.0,1.0,1.0,1.0,1.0,77.0,1.0
2017,363.580.xml,1.0,0.0,0.0,3.0,3.0,1.0,3.0,2.0,1.0,0.0,1.0,1.0,0.0,0.0,9.0,1.0,1.0,1.0,1.0,2.0,2.0,0.0,2.0,1.0,1.0,1.0,1.0,1.0,0.0,1.0,1.0,0.0,1.0,1.0,1.0,1.0,1.0,1.0,1.0,1.0,1.0,1.0,1.0,77.0,1.0
2017,364.580.xml,1.0,0.0,0.0,3.0,3.0,1.0,3.0,2.0,1.0,0.0,1.0,1.0,0.0,0.0,9.0,1.0,1.0,1.0,1.0,2.0,2.0,0.0,2.0,1.0,1.0,1.0,1.0,1.0,0.0,1.0,1.0,0.0,1.0,1.0,1.0,1.0,1.0,1.0,1.0,1.0,1.0,1.0,1.0,80.0,1.0
2017,365.580.xml,1.0,0.0,0.0,3.0,3.0,1.0,3.0,2.0,1.0,0.0,1.0,1.0,0.0,0.0,9.0,1.0,1.0,1.0,1.0,2.0,2.0,0.0,2.0,1.0,1.0,1.0,1.0,1.0,0.0,1.0,1.0,0.0,1.0,1.0,1.0,1.0,1.0,1.0,1.0,1.0,1.0,1.0,1.0,79.0,1.0
2017,366.580.xml,1.0,0.0,0.0,3.0,3.0,1.0,3.0,2.0,1.0,0.0,1.0,1.0,0.0,0.0,9.0,1.0,1.0,1.0,1.0,2.0,2.0,0.0,2.0,1.0,1.0,1.0,1.0,1.0,0.0,1.0,1.0,0.0,1.0,1.0,1.0,1.0,1.0,1.0,1.0,1.0,1.0,1.0,1.0,79.0,1.0
2017,366.590.xml,1.0,0.0,0.0,3.0,3.0,1.0,3.0,2.0,1.0,0.0,1.0,1.0,0.0,0.0,9.0,1.0,1.0,1.0,1.0,2.0,2.0,0.0,2.0,1.0,1.0,1.0,1.0,1.0,0.0,1.0,1.0,0.0,1.0,1.0,1.0,1.0,1.0,1.0,1.0,1.0,1.0,1.0,1.0,79.0,1.0
2017,367.580.xml,1.0,0.0,0.0,3.0,3.0,1.0,3.0,2.0,1.0,0.0,1.0,1.0,0.0,0.0,9.0,1.0,1.0,1.0,1.0,2.0,2.0,0.0,2.0,1.0,1.0,1.0,1.0,1.0,0.0,1.0,1.0,0.0,1.0,1.0,1.0,1.0,1.0,1.0,1.0,1.0,1.0,1.0,1.0,79.0,1.0
2017,367.590.xml,1.0,0.0,0.0,3.0,3.0,1.0,3.0,2.0,1.0,0.0,1.0,1.0,0.0,0.0,9.0,1.0,1.0,1.0,1.0,2.0,2.0,0.0,2.0,1.0,1.0,1.0,1.0,1.0,0.0,1.0,1.0,0.0,1.0,1.0,1.0,1.0,1.0,1.0,1.0,1.0,1.0,1.0,1.0,79.0,1.0
2017,368.580.xml,1.0,0.0,0.0,3.0,3.0,1.0,3.0,2.0,1.0,0.0,1.0,1.0,0.0,0.0,9.0,1.0,1.0,1.0,1.0,2.0,2.0,0.0,2.0,1.0,1.0,1.0,1.0,1.0,0.0,1.0,1.0,0.0,1.0,1.0,1.0,1.0,1.0,1.0,1.0,1.0,1.0,1.0,1.0,79.0,1.0
2017,368.590.xml,1.0,0.0,0.0,3.0,3.0,1.0,3.0,2.0,1.0,0.0,1.0,1.0,0.0,0.0,9.0,1.0,1.0,1.0,1.0,2.0,2.0,0.0,2.0,1.0,1.0,1.0,1.0,1.0,0.0,1.0,1.0,0.0,1.0,1.0,1.0,1.0,1.0,1.0,1.0,1.0,1.0,1.0,1.0,79.0,1.0
2017,368.600.xml,1.0,0.0,0.0,3.0,3.0,1.0,3.0,2.0,1.0,0.0,1.0,1.0,0.0,0.0,9.0,1.0,1.0,1.0,1.0,2.0,2.0,0.0,2.0,1.0,1.0,1.0,1.0,1.0,0.0,1.0,1.0,0.0,1.0,1.0,1.0,1.0,1.0,1.0,1.0,1.0,1.0,1.0,1.0,79.0,1.0
2017,369.580.xml,1.0,0.0,0.0,3.0,3.0,1.0,3.0,2.0,1.0,0.0,1.0,1.0,0.0,0.0,9.0,1.0,1.0,1.0,1.0,2.0,2.0,0.0,2.0,1.0,1.0,1.0,1.0,1.0,0.0,1.0,1.0,0.0,1.0,1.0,1.0,1.0,1.0,1.0,1.0,1.0,1.0,1.0,1.0,79.0,1.0
2017,369.590.xml,1.0,0.0,0.0,3.0,3.0,1.0,3.0,2.0,1.0,0.0,1.0,1.0,0.0,0.0,9.0,1.0,1.0,1.0,1.0,2.0,2.0,0.0,2.0,1.0,1.0,1.0,1.0,1.0,0.0,1.0,1.0,0.0,1.0,1.0,1.0,1.0,1.0,1.0,1.0,1.0,1.0,1.0,1.0,79.0,1.0
2017,369.600.xml,1.0,0.0,0.0,3.0,3.0,1.0,3.0,2.0,1.0,0.0,1.0,1.0,0.0,0.0,9.0,1.0,1.0,1.0,1.0,2.0,2.0,0.0,2.0,1.0,1.0,1.0,1.0,1.0,0.0,1.0,1.0,0.0,1.0,1.0,1.0,1.0,1.0,1.0,1.0,1.0,1.0,1.0,1.0,79.0,1.0
2017,372.580.xml,1.0,0.0,0.0,2.0,2.0,1.0,2.0,1.0,1.0,0.0,1.0,1.0,0.0,0.0,16.0,1.0,1.0,1.0,1.0,1.0,1.0,0.0,1.0,1.0,1.0,1.0,1.0,1.0,0.0,1.0,1.0,0.0,1.0,1.0,1.0,1.0,1.0,1.0,1.0,1.0,1.0,1.0,1.0,67.0,1.0
2017,373.580.xml,1.0,0.0,0.0,2.0,2.0,1.0,2.0,1.0,1.0,0.0,1.0,1.0,0.0,0.0,16.0,1.0,1.0,1.0,1.0,1.0,1.0,0.0,1.0,1.0,1.0,1.0,1.0,1.0,0.0,1.0,1.0,0.0,1.0,1.0,1.0,1.0,1.0,1.0,1.0,1.0,1.0,1.0,1.0,67.0,1.0
2017,374.580.xml,1.0,0.0,0.0,2.0,2.0,1.0,2.0,1.0,1.0,0.0,1.0,1.0,0.0,0.0,18.0,1.0,1.0,1.0,1.0,1.0,1.0,0.0,1.0,1.0,1.0,1.0,1.0,1.0,0.0,1.0,1.0,0.0,1.0,1.0,1.0,1.0,1.0,1.0,1.0,1.0,1.0,1.0,1.0,67.0,1.0
2017,375.580.xml,1.0,0.0,0.0,2.0,2.0,1.0,2.0,1.0,1.0,0.0,1.0,1.0,0.0,0.0,17.0,1.0,1.0,1.0,1.0,1.0,1.0,0.0,1.0,1.0,1.0,1.0,1.0,1.0,0.0,1.0,1.0,0.0,1.0,1.0,1.0,1.0,1.0,1.0,1.0,1.0,1.0,1.0,1.0,67.0,1.0
2017,376.580.xml,1.0,0.0,0.0,2.0,2.0,1.0,2.0,1.0,1.0,0.0,1.0,1.0,0.0,0.0,17.0,1.0,1.0,1.0,1.0,1.0,1.0,0.0,1.0,1.0,1.0,1.0,1.0,1.0,0.0,1.0,1.0,0.0,1.0,1.0,1.0,1.0,1.0,1.0,1.0,1.0,1.0,1.0,1.0,67.0,1.0
2017,377.580.xml,1.0,0.0,0.0,2.0,2.0,1.0,2.0,1.0,1.0,0.0,1.0,1.0,0.0,0.0,17.0,1.0,1.0,1.0,1.0,1.0,1.0,0.0,1.0,1.0,1.0,1.0,1.0,1.0,0.0,1.0,1.0,0.0,1.0,1.0,1.0,1.0,1.0,1.0,1.0,1.0,1.0,1.0,1.0,67.0,1.0
2017,378.580.xml,1.0,0.0,0.0,2.0,2.0,1.0,2.0,1.0,1.0,0.0,1.0,1.0,0.0,0.0,18.0,1.0,1.0,1.0,1.0,1.0,1.0,0.0,1.0,1.0,1.0,1.0,1.0,1.0,0.0,1.0,1.0,0.0,1.0,1.0,1.0,1.0,1.0,1.0,1.0,1.0,1.0,1.0,1.0,67.0,1.0
2017,380.580.xml,1.0,0.0,0.0,2.0,2.0,1.0,2.0,1.0,1.0,0.0,1.0,1.0,0.0,0.0,1.0,1.0,1.0,1.0,1.0,1.0,1.0,0.0,1.0,1.0,1.0,1.0,1.0,1.0,0.0,1.0,1.0,0.0,1.0,1.0,1.0,1.0,1.0,1.0,1.0,1.0,1.0,1.0,1.0,71.0,1.0
2017,381.580.xml,1.0,0.0,0.0,2.0,2.0,1.0,2.0,1.0,1.0,0.0,1.0,1.0,0.0,0.0,1.0,1.0,1.0,1.0,1.0,1.0,1.0,0.0,1.0,1.0,1.0,1.0,1.0,1.0,0.0,1.0,1.0,0.0,1.0,1.0,1.0,1.0,1.0,1.0,1.0,1.0,1.0,1.0,1.0,68.0,1.0
2017,382.580.xml,1.0,0.0,0.0,2.0,2.0,1.0,2.0,1.0,1.0,0.0,1.0,1.0,0.0,0.0,1.0,1.0,1.0,1.0,1.0,1.0,1.0,0.0,1.0,1.0,1.0,1.0,1.0,1.0,0.0,1.0,1.0,0.0,1.0,1.0,1.0,1.0,1.0,1.0,1.0,1.0,1.0,1.0,1.0,67.0,1.0
2017,383.580.xml,1.0,0.0,0.0,2.0,2.0,1.0,2.0,1.0,1.0,0.0,1.0,1.0,0.0,0.0,1.0,1.0,1.0,1.0,1.0,1.0,1.0,0.0,1.0,1.0,1.0,1.0,1.0,1.0,0.0,1.0,1.0,0.0,1.0,1.0,1.0,1.0,1.0,1.0,1.0,1.0,1.0,1.0,1.0,67.0,1.0
2017,384.580.xml,1.0,0.0,0.0,2.0,2.0,1.0,2.0,1.0,1.0,0.0,1.0,1.0,0.0,0.0,1.0,1.0,1.0,1.0,1.0,1.0,1.0,0.0,1.0,1.0,1.0,1.0,1.0,1.0,0.0,1.0,1.0,0.0,1.0,1.0,1.0,1.0,1.0,1.0,1.0,1.0,1.0,1.0,1.0,67.0,1.0
2017,384.590.xml,1.0,0.0,0.0,2.0,2.0,1.0,2.0,1.0,1.0,0.0,1.0,1.0,0.0,0.0,1.0,1.0,1.0,1.0,1.0,1.0,1.0,0.0,1.0,1.0,1.0,1.0,1.0,1.0,0.0,1.0,1.0,0.0,1.0,1.0,1.0,1.0,1.0,1.0,1.0,1.0,1.0,1.0,1.0,69.0,1.0
2017,385.580.xml,1.0,0.0,0.0,2.0,2.0,1.0,2.0,1.0,1.0,0.0,1.0,1.0,0.0,0.0,17.0,1.0,1.0,1.0,1.0,1.0,1.0,0.0,1.0,1.0,1.0,1.0,1.0,1.0,0.0,1.0,1.0,0.0,1.0,1.0,1.0,1.0,1.0,1.0,1.0,1.0,1.0,1.0,1.0,67.0,1.0
2017,386.580.xml,1.0,0.0,0.0,2.0,2.0,1.0,2.0,1.0,1.0,0.0,1.0,1.0,0.0,0.0,1.0,1.0,1.0,1.0,1.0,1.0,1.0,0.0,1.0,1.0,1.0,1.0,1.0,1.0,0.0,1.0,1.0,0.0,1.0,1.0,1.0,1.0,1.0,1.0,1.0,1.0,1.0,1.0,1.0,67.0,1.0
2017,387.580.xml,1.0,0.0,0.0,2.0,2.0,1.0,2.0,1.0,1.0,0.0,1.0,1.0,0.0,0.0,16.0,1.0,1.0,1.0,1.0,1.0,1.0,0.0,1.0,1.0,1.0,1.0,1.0,1.0,0.0,1.0,1.0,0.0,1.0,1.0,1.0,1.0,1.0,1.0,1.0,1.0,1.0,1.0,1.0,67.0,1.0
2017,388.580.xml,1.0,0.0,0.0,2.0,2.0,1.0,2.0,1.0,1.0,0.0,1.0,1.0,0.0,0.0,17.0,1.0,1.0,1.0,1.0,1.0,1.0,0.0,1.0,1.0,1.0,1.0,1.0,1.0,0.0,1.0,1.0,0.0,1.0,1.0,1.0,1.0,1.0,1.0,1.0,1.0,1.0,1.0,1.0,67.0,1.0
2017,389.580.xml,1.0,0.0,0.0,2.0,2.0,1.0,2.0,1.0,1.0,0.0,1.0,1.0,0.0,0.0,17.0,1.0,1.0,1.0,1.0,1.0,1.0,0.0,1.0,1.0,1.0,1.0,1.0,1.0,0.0,1.0,1.0,0.0,1.0,1.0,1.0,1.0,1.0,1.0,1.0,1.0,1.0,1.0,1.0,67.0,1.0
2017,390.580.xml,1.0,0.0,0.0,2.0,2.0,1.0,2.0,1.0,1.0,0.0,1.0,1.0,0.0,0.0,17.0,1.0,1.0,1.0,1.0,1.0,1.0,0.0,1.0,1.0,1.0,1.0,1.0,1.0,0.0,1.0,1.0,0.0,1.0,1.0,1.0,1.0,1.0,1.0,1.0,1.0,1.0,1.0,1.0,67.0,1.0
2017,428.250.xml,1.0,10.0,1.0,3.0,3.0,0.0,3.0,2.0,1.0,1.0,1.0,1.0,1.0,1.0,12.0,1.0,1.0,1.0,1.0,2.0,2.0,1.0,2.0,1.0,1.0,1.0,1.0,1.0,1.0,1.0,1.0,1.0,1.0,1.0,1.0,1.0,1.0,1.0,1.0,1.0,1.0,1.0,1.0,151.0,1.0
2017,455.330.xml,1.0,7.0,1.0,3.0,3.0,0.0,3.0,2.0,1.0,1.0,1.0,1.0,1.0,1.0,10.0,1.0,1.0,1.0,1.0,2.0,2.0,1.0,2.0,1.0,1.0,1.0,1.0,1.0,1.0,1.0,1.0,1.0,1.0,1.0,1.0,1.0,1.0,1.0,1.0,1.0,1.0,1.0,1.0,122.0,1.0
2017,52.580.xml,1.0,0.0,0.0,2.0,2.0,1.0,2.0,1.0,1.0,0.0,1.0,1.0,0.0,0.0,1.0,1.0,1.0,1.0,1.0,1.0,1.0,0.0,1.0,1.0,1.0,1.0,1.0,1.0,0.0,1.0,1.0,0.0,1.0,1.0,1.0,1.0,1.0,1.0,1.0,1.0,1.0,1.0,1.0,54.0,1.0
2017,53.580.xml,1.0,0.0,0.0,2.0,2.0,1.0,2.0,1.0,1.0,0.0,1.0,1.0,0.0,0.0,1.0,1.0,1.0,1.0,1.0,1.0,1.0,0.0,1.0,1.0,1.0,1.0,1.0,1.0,0.0,1.0,1.0,0.0,1.0,1.0,1.0,1.0,1.0,1.0,1.0,1.0,1.0,1.0,1.0,54.0,1.0
2017,543.140.xml,1.0,23.0,4.0,2.0,2.0,1.0,2.0,1.0,1.0,1.0,1.0,1.0,1.0,1.0,12.0,1.0,1.0,1.0,1.0,1.0,1.0,1.0,1.0,1.0,1.0,1.0,1.0,1.0,1.0,1.0,1.0,1.0,1.0,1.0,1.0,1.0,1.0,1.0,1.0,1.0,1.0,1.0,1.0,276.0,1.0
2017,543.150.xml,1.0,23.0,4.0,2.0,2.0,1.0,2.0,1.0,1.0,1.0,1.0,1.0,1.0,1.0,12.0,1.0,1.0,1.0,1.0,1.0,1.0,1.0,1.0,1.0,1.0,1.0,1.0,1.0,1.0,1.0,1.0,1.0,1.0,1.0,1.0,1.0,1.0,1.0,1.0,1.0,1.0,1.0,1.0,276.0,1.0
2017,543.160.xml,1.0,23.0,4.0,2.0,2.0,1.0,2.0,1.0,1.0,1.0,1.0,1.0,1.0,1.0,12.0,1.0,1.0,1.0,1.0,1.0,1.0,1.0,1.0,1.0,1.0,1.0,1.0,1.0,1.0,1.0,1.0,1.0,1.0,1.0,1.0,1.0,1.0,1.0,1.0,1.0,1.0,1.0,1.0,276.0,1.0
2017,543.170.xml,1.0,23.0,4.0,3.0,3.0,0.0,3.0,2.0,1.0,1.0,1.0,1.0,1.0,1.0,12.0,1.0,1.0,1.0,1.0,2.0,2.0,1.0,2.0,1.0,1.0,1.0,1.0,1.0,1.0,1.0,1.0,1.0,1.0,1.0,1.0,1.0,1.0,1.0,1.0,1.0,1.0,1.0,1.0,283.0,1.0
2017,55.590.xml,1.0,0.0,0.0,2.0,2.0,1.0,2.0,1.0,1.0,0.0,1.0,1.0,0.0,0.0,1.0,1.0,1.0,1.0,1.0,1.0,1.0,0.0,1.0,1.0,1.0,1.0,1.0,1.0,0.0,1.0,1.0,0.0,1.0,1.0,1.0,1.0,1.0,1.0,1.0,1.0,1.0,1.0,1.0,54.0,1.0
2017,56.590.xml,1.0,0.0,0.0,2.0,2.0,1.0,2.0,1.0,1.0,0.0,1.0,1.0,0.0,0.0,1.0,1.0,1.0,1.0,1.0,1.0,1.0,0.0,1.0,1.0,1.0,1.0,1.0,1.0,0.0,1.0,1.0,0.0,1.0,1.0,1.0,1.0,1.0,1.0,1.0,1.0,1.0,1.0,1.0,54.0,1.0
2017,57.590.xml,1.0,0.0,0.0,2.0,2.0,1.0,2.0,1.0,1.0,0.0,1.0,1.0,0.0,0.0,1.0,1.0,1.0,1.0,1.0,1.0,1.0,0.0,1.0,1.0,1.0,1.0,1.0,1.0,0.0,1.0,1.0,0.0,1.0,1.0,1.0,1.0,1.0,1.0,1.0,1.0,1.0,1.0,1.0,54.0,1.0
2017,585.400.xml,1.0,8.0,1.0,2.0,2.0,1.0,2.0,1.0,1.0,1.0,1.0,1.0,1.0,1.0,16.0,1.0,1.0,1.0,1.0,1.0,1.0,1.0,1.0,1.0,1.0,1.0,1.0,1.0,1.0,1.0,1.0,1.0,1.0,1.0,1.0,1.0,1.0,1.0,1.0,1.0,1.0,1.0,1.0,178.0,1.0
2017,585.410.xml,1.0,8.0,1.0,2.0,2.0,1.0,2.0,1.0,1.0,1.0,1.0,1.0,1.0,1.0,16.0,1.0,1.0,1.0,1.0,1.0,1.0,1.0,1.0,1.0,1.0,1.0,1.0,1.0,1.0,1.0,1.0,1.0,1.0,1.0,1.0,1.0,1.0,1.0,1.0,1.0,1.0,1.0,1.0,178.0,1.0
2017,62.590.xml,1.0,0.0,0.0,3.0,3.0,1.0,3.0,2.0,1.0,0.0,1.0,1.0,0.0,0.0,9.0,1.0,1.0,1.0,1.0,2.0,2.0,0.0,2.0,1.0,1.0,1.0,1.0,1.0,0.0,1.0,1.0,0.0,1.0,1.0,1.0,1.0,1.0,1.0,1.0,1.0,1.0,1.0,1.0,79.0,1.0
2017,62.600.xml,1.0,0.0,0.0,3.0,3.0,1.0,3.0,2.0,1.0,0.0,1.0,1.0,0.0,0.0,9.0,1.0,1.0,1.0,1.0,2.0,2.0,0.0,2.0,1.0,1.0,1.0,1.0,1.0,0.0,1.0,1.0,0.0,1.0,1.0,1.0,1.0,1.0,1.0,1.0,1.0,1.0,1.0,1.0,79.0,1.0
2017,63.580.xml,1.0,0.0,0.0,2.0,2.0,0.0,2.0,1.0,1.0,0.0,1.0,1.0,0.0,0.0,1.0,1.0,1.0,1.0,1.0,1.0,1.0,0.0,1.0,1.0,1.0,1.0,1.0,1.0,0.0,1.0,1.0,0.0,1.0,1.0,1.0,1.0,1.0,1.0,1.0,1.0,1.0,1.0,1.0,68.0,1.0
2017,63.590.xml,1.0,0.0,0.0,2.0,2.0,0.0,2.0,1.0,1.0,0.0,1.0,1.0,0.0,0.0,1.0,1.0,1.0,1.0,1.0,1.0,1.0,0.0,1.0,1.0,1.0,1.0,1.0,1.0,0.0,1.0,1.0,0.0,1.0,1.0,1.0,1.0,1.0,1.0,1.0,1.0,1.0,1.0,1.0,68.0,1.0
2017,73.590.xml,1.0,0.0,0.0,2.0,2.0,1.0,2.0,1.0,1.0,0.0,1.0,1.0,0.0,0.0,1.0,1.0,1.0,1.0,1.0,1.0,1.0,0.0,1.0,1.0,1.0,1.0,1.0,1.0,0.0,1.0,1.0,0.0,1.0,1.0,1.0,1.0,1.0,1.0,1.0,1.0,1.0,1.0,1.0,54.0,1.0
2017,74.590.xml,1.0,0.0,0.0,2.0,2.0,1.0,2.0,1.0,1.0,0.0,1.0,1.0,0.0,0.0,1.0,1.0,1.0,1.0,1.0,1.0,1.0,0.0,1.0,1.0,1.0,1.0,1.0,1.0,0.0,1.0,1.0,0.0,1.0,1.0,1.0,1.0,1.0,1.0,1.0,1.0,1.0,1.0,1.0,54.0,1.0
2017,75.600.xml,1.0,0.0,0.0,2.0,2.0,1.0,2.0,1.0,1.0,0.0,1.0,1.0,0.0,0.0,16.0,1.0,1.0,1.0,1.0,1.0,1.0,0.0,1.0,1.0,1.0,1.0,1.0,1.0,0.0,1.0,1.0,0.0,1.0,1.0,1.0,1.0,1.0,1.0,1.0,1.0,1.0,1.0,1.0,54.0,1.0
2017,76.600.xml,1.0,0.0,0.0,2.0,2.0,1.0,2.0,1.0,1.0,0.0,1.0,1.0,0.0,0.0,16.0,1.0,1.0,1.0,1.0,1.0,1.0,0.0,1.0,1.0,1.0,1.0,1.0,1.0,0.0,1.0,1.0,0.0,1.0,1.0,1.0,1.0,1.0,1.0,1.0,1.0,1.0,1.0,1.0,54.0,1.0
2017,77.580.xml,1.0,0.0,0.0,2.0,2.0,1.0,2.0,1.0,1.0,0.0,1.0,1.0,0.0,0.0,1.0,1.0,1.0,1.0,1.0,1.0,1.0,0.0,1.0,1.0,1.0,1.0,1.0,1.0,0.0,1.0,1.0,0.0,1.0,1.0,1.0,1.0,1.0,1.0,1.0,1.0,1.0,1.0,1.0,54.0,1.0
2017,78.620.xml,1.0,0.0,0.0,2.0,2.0,1.0,2.0,1.0,1.0,0.0,1.0,1.0,0.0,0.0,16.0,1.0,1.0,1.0,1.0,1.0,1.0,0.0,1.0,1.0,1.0,1.0,1.0,1.0,0.0,1.0,1.0,0.0,1.0,1.0,1.0,1.0,1.0,1.0,1.0,1.0,1.0,1.0,1.0,55.0,1.0
2017,79.610.xml,1.0,0.0,0.0,2.0,2.0,1.0,2.0,1.0,1.0,0.0,1.0,1.0,0.0,0.0,1.0,1.0,1.0,1.0,1.0,1.0,1.0,0.0,1.0,1.0,1.0,1.0,1.0,1.0,0.0,1.0,1.0,0.0,1.0,1.0,1.0,1.0,1.0,1.0,1.0,1.0,1.0,1.0,1.0,54.0,1.0
2017,79.620.xml,1.0,0.0,0.0,2.0,2.0,1.0,2.0,1.0,1.0,0.0,1.0,1.0,0.0,0.0,1.0,1.0,1.0,1.0,1.0,1.0,1.0,0.0,1.0,1.0,1.0,1.0,1.0,1.0,0.0,1.0,1.0,0.0,1.0,1.0,1.0,1.0,1.0,1.0,1.0,1.0,1.0,1.0,1.0,54.0,1.0
2017,80.610.xml,1.0,0.0,0.0,2.0,2.0,1.0,2.0,1.0,1.0,0.0,1.0,1.0,0.0,0.0,1.0,1.0,1.0,1.0,1.0,1.0,1.0,0.0,1.0,1.0,1.0,1.0,1.0,1.0,0.0,1.0,1.0,0.0,1.0,1.0,1.0,1.0,1.0,1.0,1.0,1.0,1.0,1.0,1.0,54.0,1.0
2017,80.620.xml,1.0,0.0,0.0,2.0,2.0,1.0,2.0,1.0,1.0,0.0,1.0,1.0,0.0,0.0,1.0,1.0,1.0,1.0,1.0,1.0,1.0,0.0,1.0,1.0,1.0,1.0,1.0,1.0,0.0,1.0,1.0,0.0,1.0,1.0,1.0,1.0,1.0,1.0,1.0,1.0,1.0,1.0,1.0,54.0,1.0
2017,81.610.xml,1.0,0.0,0.0,2.0,2.0,1.0,2.0,1.0,1.0,0.0,1.0,1.0,0.0,0.0,1.0,1.0,1.0,1.0,1.0,1.0,1.0,0.0,1.0,1.0,1.0,1.0,1.0,1.0,0.0,1.0,1.0,0.0,1.0,1.0,1.0,1.0,1.0,1.0,1.0,1.0,1.0,1.0,1.0,54.0,1.0
2017,81.620.xml,1.0,0.0,0.0,2.0,2.0,1.0,2.0,1.0,1.0,0.0,1.0,1.0,0.0,0.0,1.0,1.0,1.0,1.0,1.0,1.0,1.0,0.0,1.0,1.0,1.0,1.0,1.0,1.0,0.0,1.0,1.0,0.0,1.0,1.0,1.0,1.0,1.0,1.0,1.0,1.0,1.0,1.0,1.0,54.0,1.0
2017,82.610.xml,1.0,0.0,0.0,2.0,2.0,1.0,2.0,1.0,1.0,0.0,1.0,1.0,0.0,0.0,1.0,1.0,1.0,1.0,1.0,1.0,1.0,0.0,1.0,1.0,1.0,1.0,1.0,1.0,0.0,1.0,1.0,0.0,1.0,1.0,1.0,1.0,1.0,1.0,1.0,1.0,1.0,1.0,1.0,54.0,1.0
2017,82.620.xml,1.0,0.0,0.0,2.0,2.0,1.0,2.0,1.0,1.0,0.0,1.0,1.0,0.0,0.0,1.0,1.0,1.0,1.0,1.0,1.0,1.0,0.0,1.0,1.0,1.0,1.0,1.0,1.0,0.0,1.0,1.0,0.0,1.0,1.0,1.0,1.0,1.0,1.0,1.0,1.0,1.0,1.0,1.0,54.0,1.0
2017,83.610.xml,1.0,0.0,0.0,2.0,2.0,1.0,2.0,1.0,1.0,0.0,1.0,1.0,0.0,0.0,1.0,1.0,1.0,1.0,1.0,1.0,1.0,0.0,1.0,1.0,1.0,1.0,1.0,1.0,0.0,1.0,1.0,0.0,1.0,1.0,1.0,1.0,1.0,1.0,1.0,1.0,1.0,1.0,1.0,54.0,1.0
2017,83.620.xml,1.0,0.0,0.0,2.0,2.0,1.0,2.0,1.0,1.0,0.0,1.0,1.0,0.0,0.0,1.0,1.0,1.0,1.0,1.0,1.0,1.0,0.0,1.0,1.0,1.0,1.0,1.0,1.0,0.0,1.0,1.0,0.0,1.0,1.0,1.0,1.0,1.0,1.0,1.0,1.0,1.0,1.0,1.0,54.0,1.0
2017,84.610.xml,1.0,0.0,0.0,2.0,2.0,1.0,2.0,1.0,1.0,0.0,1.0,1.0,0.0,0.0,1.0,1.0,1.0,1.0,1.0,1.0,1.0,0.0,1.0,1.0,1.0,1.0,1.0,1.0,0.0,1.0,1.0,0.0,1.0,1.0,1.0,1.0,1.0,1.0,1.0,1.0,1.0,1.0,1.0,54.0,1.0
2017,84.620.xml,1.0,0.0,0.0,2.0,2.0,1.0,2.0,1.0,1.0,0.0,1.0,1.0,0.0,0.0,1.0,1.0,1.0,1.0,1.0,1.0,1.0,0.0,1.0,1.0,1.0,1.0,1.0,1.0,0.0,1.0,1.0,0.0,1.0,1.0,1.0,1.0,1.0,1.0,1.0,1.0,1.0,1.0,1.0,54.0,1.0
2017,87.610.xml,1.0,0.0,0.0,2.0,2.0,1.0,2.0,1.0,1.0,0.0,1.0,1.0,0.0,0.0,1.0,1.0,1.0,1.0,1.0,1.0,1.0,0.0,1.0,1.0,1.0,1.0,1.0,1.0,0.0,1.0,1.0,0.0,1.0,1.0,1.0,1.0,1.0,1.0,1.0,1.0,1.0,1.0,1.0,54.0,1.0
2017,87.620.xml,1.0,0.0,0.0,2.0,2.0,1.0,2.0,1.0,1.0,0.0,1.0,1.0,0.0,0.0,1.0,1.0,1.0,1.0,1.0,1.0,1.0,0.0,1.0,1.0,1.0,1.0,1.0,1.0,0.0,1.0,1.0,0.0,1.0,1.0,1.0,1.0,1.0,1.0,1.0,1.0,1.0,1.0,1.0,54.0,1.0
2017,88.610.xml,1.0,0.0,0.0,2.0,2.0,1.0,2.0,1.0,1.0,0.0,1.0,1.0,0.0,0.0,1.0,1.0,1.0,1.0,1.0,1.0,1.0,0.0,1.0,1.0,1.0,1.0,1.0,1.0,0.0,1.0,1.0,0.0,1.0,1.0,1.0,1.0,1.0,1.0,1.0,1.0,1.0,1.0,1.0,54.0,1.0
2017,88.620.xml,1.0,0.0,0.0,2.0,2.0,1.0,2.0,1.0,1.0,0.0,1.0,1.0,0.0,0.0,1.0,1.0,1.0,1.0,1.0,1.0,1.0,0.0,1.0,1.0,1.0,1.0,1.0,1.0,0.0,1.0,1.0,0.0,1.0,1.0,1.0,1.0,1.0,1.0,1.0,1.0,1.0,1.0,1.0,54.0,1.0
2017,89.610.xml,1.0,0.0,0.0,2.0,2.0,1.0,2.0,1.0,1.0,0.0,1.0,1.0,0.0,0.0,1.0,1.0,1.0,1.0,1.0,1.0,1.0,0.0,1.0,1.0,1.0,1.0,1.0,1.0,0.0,1.0,1.0,0.0,1.0,1.0,1.0,1.0,1.0,1.0,1.0,1.0,1.0,1.0,1.0,54.0,1.0
2017,89.620.xml,1.0,0.0,0.0,2.0,2.0,1.0,2.0,1.0,1.0,0.0,1.0,1.0,0.0,0.0,1.0,1.0,1.0,1.0,1.0,1.0,1.0,0.0,1.0,1.0,1.0,1.0,1.0,1.0,0.0,1.0,1.0,0.0,1.0,1.0,1.0,1.0,1.0,1.0,1.0,1.0,1.0,1.0,1.0,54.0,1.0
2017,90.610.xml,1.0,0.0,0.0,2.0,2.0,1.0,2.0,1.0,1.0,0.0,1.0,1.0,0.0,0.0,1.0,1.0,1.0,1.0,1.0,1.0,1.0,0.0,1.0,1.0,1.0,1.0,1.0,1.0,0.0,1.0,1.0,0.0,1.0,1.0,1.0,1.0,1.0,1.0,1.0,1.0,1.0,1.0,1.0,54.0,1.0
2017,90.620.xml,1.0,0.0,0.0,2.0,2.0,1.0,2.0,1.0,1.0,0.0,1.0,1.0,0.0,0.0,1.0,1.0,1.0,1.0,1.0,1.0,1.0,0.0,1.0,1.0,1.0,1.0,1.0,1.0,0.0,1.0,1.0,0.0,1.0,1.0,1.0,1.0,1.0,1.0,1.0,1.0,1.0,1.0,1.0,54.0,1.0
2017,91.610.xml,1.0,0.0,0.0,2.0,2.0,1.0,2.0,1.0,1.0,0.0,1.0,1.0,0.0,0.0,1.0,1.0,1.0,1.0,1.0,1.0,1.0,0.0,1.0,1.0,1.0,1.0,1.0,1.0,0.0,1.0,1.0,0.0,1.0,1.0,1.0,1.0,1.0,1.0,1.0,1.0,1.0,1.0,1.0,54.0,1.0
2017,91.620.xml,1.0,0.0,0.0,2.0,2.0,1.0,2.0,1.0,1.0,0.0,1.0,1.0,0.0,0.0,1.0,1.0,1.0,1.0,1.0,1.0,1.0,0.0,1.0,1.0,1.0,1.0,1.0,1.0,0.0,1.0,1.0,0.0,1.0,1.0,1.0,1.0,1.0,1.0,1.0,1.0,1.0,1.0,1.0,54.0,1.0
2017,92.610.xml,1.0,0.0,0.0,2.0,2.0,1.0,2.0,1.0,1.0,0.0,1.0,1.0,0.0,0.0,1.0,1.0,1.0,1.0,1.0,1.0,1.0,0.0,1.0,1.0,1.0,1.0,1.0,1.0,0.0,1.0,1.0,0.0,1.0,1.0,1.0,1.0,1.0,1.0,1.0,1.0,1.0,1.0,1.0,54.0,1.0
2017,92.620.xml,1.0,0.0,0.0,2.0,2.0,1.0,2.0,1.0,1.0,0.0,1.0,1.0,0.0,0.0,1.0,1.0,1.0,1.0,1.0,1.0,1.0,0.0,1.0,1.0,1.0,1.0,1.0,1.0,0.0,1.0,1.0,0.0,1.0,1.0,1.0,1.0,1.0,1.0,1.0,1.0,1.0,1.0,1.0,54.0,1.0
2017,93.610.xml,1.0,0.0,0.0,2.0,2.0,1.0,2.0,1.0,1.0,0.0,1.0,1.0,0.0,0.0,1.0,1.0,1.0,1.0,1.0,1.0,1.0,0.0,1.0,1.0,1.0,1.0,1.0,1.0,0.0,1.0,1.0,0.0,1.0,1.0,1.0,1.0,1.0,1.0,1.0,1.0,1.0,1.0,1.0,54.0,1.0
2017,93.620.xml,1.0,0.0,0.0,2.0,2.0,1.0,2.0,1.0,1.0,0.0,1.0,1.0,0.0,0.0,1.0,1.0,1.0,1.0,1.0,1.0,1.0,0.0,1.0,1.0,1.0,1.0,1.0,1.0,0.0,1.0,1.0,0.0,1.0,1.0,1.0,1.0,1.0,1.0,1.0,1.0,1.0,1.0,1.0,54.0,1.0
2017,94.610.xml,1.0,0.0,0.0,2.0,2.0,1.0,2.0,1.0,1.0,0.0,1.0,1.0,0.0,0.0,1.0,1.0,1.0,1.0,1.0,1.0,1.0,0.0,1.0,1.0,1.0,1.0,1.0,1.0,0.0,1.0,1.0,0.0,1.0,1.0,1.0,1.0,1.0,1.0,1.0,1.0,1.0,1.0,1.0,54.0,1.0
2017,94.620.xml,1.0,0.0,0.0,2.0,2.0,1.0,2.0,1.0,1.0,0.0,1.0,1.0,0.0,0.0,1.0,1.0,1.0,1.0,1.0,1.0,1.0,0.0,1.0,1.0,1.0,1.0,1.0,1.0,0.0,1.0,1.0,0.0,1.0,1.0,1.0,1.0,1.0,1.0,1.0,1.0,1.0,1.0,1.0,54.0,1.0
2017,95.610.xml,1.0,0.0,0.0,2.0,2.0,1.0,2.0,1.0,1.0,0.0,1.0,1.0,0.0,0.0,1.0,1.0,1.0,1.0,1.0,1.0,1.0,0.0,1.0,1.0,1.0,1.0,1.0,1.0,0.0,1.0,1.0,0.0,1.0,1.0,1.0,1.0,1.0,1.0,1.0,1.0,1.0,1.0,1.0,54.0,1.0
2017,95.620.xml,1.0,0.0,0.0,2.0,2.0,1.0,2.0,1.0,1.0,0.0,1.0,1.0,0.0,0.0,1.0,1.0,1.0,1.0,1.0,1.0,1.0,0.0,1.0,1.0,1.0,1.0,1.0,1.0,0.0,1.0,1.0,0.0,1.0,1.0,1.0,1.0,1.0,1.0,1.0,1.0,1.0,1.0,1.0,54.0,1.0
2017,96.610.xml,1.0,0.0,0.0,2.0,2.0,1.0,2.0,1.0,1.0,0.0,1.0,1.0,0.0,0.0,1.0,1.0,1.0,1.0,1.0,1.0,1.0,0.0,1.0,1.0,1.0,1.0,1.0,1.0,0.0,1.0,1.0,0.0,1.0,1.0,1.0,1.0,1.0,1.0,1.0,1.0,1.0,1.0,1.0,54.0,1.0
2017,96.620.xml,1.0,0.0,0.0,2.0,2.0,1.0,2.0,1.0,1.0,0.0,1.0,1.0,0.0,0.0,1.0,1.0,1.0,1.0,1.0,1.0,1.0,0.0,1.0,1.0,1.0,1.0,1.0,1.0,0.0,1.0,1.0,0.0,1.0,1.0,1.0,1.0,1.0,1.0,1.0,1.0,1.0,1.0,1.0,54.0,1.0
2017,97.610.xml,1.0,0.0,0.0,2.0,2.0,1.0,2.0,1.0,1.0,0.0,1.0,1.0,0.0,0.0,1.0,1.0,1.0,1.0,1.0,1.0,1.0,0.0,1.0,1.0,1.0,1.0,1.0,1.0,0.0,1.0,1.0,0.0,1.0,1.0,1.0,1.0,1.0,1.0,1.0,1.0,1.0,1.0,1.0,54.0,1.0
2017,97.620.xml,1.0,0.0,0.0,2.0,2.0,1.0,2.0,1.0,1.0,0.0,1.0,1.0,0.0,0.0,1.0,1.0,1.0,1.0,1.0,1.0,1.0,0.0,1.0,1.0,1.0,1.0,1.0,1.0,0.0,1.0,1.0,0.0,1.0,1.0,1.0,1.0,1.0,1.0,1.0,1.0,1.0,1.0,1.0,54.0,1.0
