<?xml version="1.0" encoding="utf-8"?>
<!--re3data.org Schema for the Description of Research Data Repositories. Version 2.2, December 2014. doi:10.2312/re3.006-->
<r3d:re3data xmlns:r3d="http://www.re3data.org/schema/2-2" xmlns:xsi="http://www.w3.org/2001/XMLSchema-instance" xsi:schemaLocation="http://www.re3data.org/schema/2-2 http://schema.re3data.org/2-2/re3dataV2-2.xsd">
  <r3d:repository>
    <r3d:re3data.orgIdentifier>r3d100010398</r3d:re3data.orgIdentifier>
    <r3d:repositoryName language="deu">ARS</r3d:repositoryName>
    <r3d:additionalName language="deu">Antibiotika-Resistenz-Surveillance am RKI</r3d:additionalName>
    <r3d:repositoryURL>https://ars.rki.de/</r3d:repositoryURL>
    <r3d:description language="eng">With ARS - Antimicrobial Resistance Surveillance in Germany - the infrastructure for a nationwide surveillance of antimicrobial resistance has been established, which covers both the inpatient medical care and the ambulatory care sector. This is intended to reliable data on the epidemiology of antimicrobial resistance in Germany and differential statements provided by structural features of the health care and by region are possible. ARS is designed as a laboratory-based surveillance system for continuous collection of resistance data from routine for the full range of clinically relevant bacterial pathogens. Project participants and thus data suppliers are laboratories that analyze samples of medical facilities and doctors&#039; offices microbiologically.</r3d:description>
    <r3d:type>disciplinary</r3d:type>
    <r3d:size updated=""></r3d:size>
    <r3d:startDate>2008</r3d:startDate>
    <r3d:endDate></r3d:endDate>
    <r3d:repositoryLanguage>deu</r3d:repositoryLanguage>
    <r3d:subject subjectScheme="DFG">20501 Epidemiology, Medical Biometry, Medical Informatics</r3d:subject>
    <r3d:subject subjectScheme="DFG">204 Microbiology, Virology and Immunology</r3d:subject>
    <r3d:subject subjectScheme="DFG">20502 Public Health, Health Services Research, Social Medicine</r3d:subject>
    <r3d:subject subjectScheme="DFG">22 Medicine</r3d:subject>
    <r3d:subject subjectScheme="DFG">21 Biology</r3d:subject>
    <r3d:subject subjectScheme="DFG">2 Life Sciences</r3d:subject>
    <r3d:subject subjectScheme="DFG">205 Medicine</r3d:subject>
    <r3d:missionStatementURL>https://ars.rki.de/NetzwerkZiele.aspx</r3d:missionStatementURL>
    <r3d:contentType contentTypeScheme="parse">Standard office documents</r3d:contentType>
    <r3d:contentType contentTypeScheme="parse">Networkbased data</r3d:contentType>
    <r3d:contentType contentTypeScheme="parse">Structured graphics</r3d:contentType>
    <r3d:contentType contentTypeScheme="parse">Scientific and statistical data formats</r3d:contentType>
    <r3d:providerType>dataProvider</r3d:providerType>
    <r3d:keyword>DART</r3d:keyword>
    <r3d:keyword>antimicrobial resistance</r3d:keyword>
    <r3d:keyword>multiresistance</r3d:keyword>
    <r3d:institution>
        <r3d:institutionName language="deu">Robert-Koch-Institut</r3d:institutionName>
        <r3d:institutionAdditionalName language="deu">rki</r3d:institutionAdditionalName>
        <r3d:institutionCountry>DEU</r3d:institutionCountry>
        <r3d:responsibilityType>general</r3d:responsibilityType>
        <r3d:responsibilityType>technical</r3d:responsibilityType>
        <r3d:institutionType>non-profit</r3d:institutionType>
        <r3d:institutionURL>https://www.rki.de/DE/Home/homepage_node.html</r3d:institutionURL>
        <r3d:responsibilityStartDate></r3d:responsibilityStartDate>
        <r3d:responsibilityEndDate></r3d:responsibilityEndDate>
        <r3d:institutionContact>ars@rki.de</r3d:institutionContact>
        <r3d:institutionContact>https://ars.rki.de/Kontakt.aspx</r3d:institutionContact>
    </r3d:institution>
    <r3d:institution>
        <r3d:institutionName language="deu">Bundesministerium für Gesundheit</r3d:institutionName>
        <r3d:institutionAdditionalName language="deu">bmg</r3d:institutionAdditionalName>
        <r3d:institutionCountry>DEU</r3d:institutionCountry>
        <r3d:responsibilityType>funding</r3d:responsibilityType>
        <r3d:institutionType>non-profit</r3d:institutionType>
        <r3d:institutionURL>http://www.bmg.bund.de/</r3d:institutionURL>
        <r3d:responsibilityStartDate>2008</r3d:responsibilityStartDate>
        <r3d:responsibilityEndDate>2010</r3d:responsibilityEndDate>
    </r3d:institution>
    <r3d:institution>
        <r3d:institutionName language="deu">ARS Netzwerk, Teilnehmende Labore</r3d:institutionName>
        <r3d:institutionCountry>DEU</r3d:institutionCountry>
        <r3d:responsibilityType>general</r3d:responsibilityType>
        <r3d:institutionType>non-profit</r3d:institutionType>
        <r3d:institutionURL>https://ars.rki.de/Teilnehmer.aspx</r3d:institutionURL>
        <r3d:responsibilityStartDate></r3d:responsibilityStartDate>
        <r3d:responsibilityEndDate></r3d:responsibilityEndDate>
    </r3d:institution>
    <r3d:policy>
        <r3d:policyName>Datenmanagement</r3d:policyName>
        <r3d:policyURL>https://ars.rki.de/MethodenManagement.aspx</r3d:policyURL>
    </r3d:policy>
    <r3d:databaseAccess>
        <r3d:databaseAccessType>open</r3d:databaseAccessType>
    </r3d:databaseAccess>
    <r3d:dataAccess>
    <r3d:dataAccessType>open</r3d:dataAccessType>
    </r3d:dataAccess>
    <r3d:dataLicense>
        <r3d:dataLicenseName>Copyrights</r3d:dataLicenseName>
        <r3d:dataLicenseURL>https://ars.rki.de/Impressum.aspx</r3d:dataLicenseURL>
    </r3d:dataLicense>
    <r3d:dataUpload>
        <r3d:dataUploadType>restricted</r3d:dataUploadType>
        <r3d:dataUploadRestriction>other</r3d:dataUploadRestriction>
    </r3d:dataUpload>
    <r3d:software>
        <r3d:softwareName>unknown</r3d:softwareName>
    </r3d:software>
    <r3d:versioning>yes</r3d:versioning>
    <r3d:pidSystem>none</r3d:pidSystem>
    <r3d:citationGuidelineURL>https://ars.rki.de/CommonReports/Erregeruebersicht.aspx</r3d:citationGuidelineURL>
    <r3d:enhancedPublication></r3d:enhancedPublication>
    <r3d:qualityManagement>yes</r3d:qualityManagement>
    <r3d:remarks>ARS as a national surveillance network is a cooperation partner of the European Antimicrobial Resistance Surveillance Network (EARS-Net) relevant to EARS-Net resistance data are forwarded by the Robert Koch Institute to the European Centre for Disease Prevention and Control (ECDC)</r3d:remarks>
    <r3d:entryDate>2013-11-05</r3d:entryDate>
    <r3d:lastUpdate>2014-08-05</r3d:lastUpdate>
  </r3d:repository>
</r3d:re3data>