<?xml version="1.0" encoding="utf-8"?>
<!--re3data.org Schema for the Description of Research Data Repositories. Version 2.2, December 2014. doi:10.2312/re3.006-->
<r3d:re3data xmlns:r3d="http://www.re3data.org/schema/2-2" xmlns:xsi="http://www.w3.org/2001/XMLSchema-instance" xsi:schemaLocation="http://www.re3data.org/schema/2-2 http://schema.re3data.org/2-2/re3dataV2-2.xsd">
  <r3d:repository>
    <r3d:re3data.orgIdentifier>r3d100010235</r3d:re3data.orgIdentifier>
    <r3d:repositoryName language="deu">FACHPORTALpädagogik.DE</r3d:repositoryName>
    <r3d:additionalName language="eng">the German Education Portal</r3d:additionalName>
    <r3d:repositoryURL>http://www.fachportal-paedagogik.de/start_e.html</r3d:repositoryURL>
    <r3d:description language="eng">Research Data Centre Education is a service offered by the German Institute for International Educational Research,  for the purpose of a comprehensive and permanent documentation of empirical educational research studies. This service offers a central access point to describing information on studies, assessment instruments used and assessed research data, as well as publications.</r3d:description>
    <r3d:repositoryContact>http://www.fachportal-paedagogik.de/kontakt_e.html</r3d:repositoryContact>
    <r3d:repositoryContact>fachportal@dipf.de</r3d:repositoryContact>
    <r3d:type>disciplinary</r3d:type>
    <r3d:type>institutional</r3d:type>
    <r3d:size updated=""></r3d:size>
    <r3d:startDate>2012-01-01</r3d:startDate>
    <r3d:endDate></r3d:endDate>
    <r3d:repositoryLanguage>deu</r3d:repositoryLanguage>
    <r3d:repositoryLanguage>eng</r3d:repositoryLanguage>
    <r3d:subject subjectScheme="DFG">109 Education Sciences</r3d:subject>
    <r3d:subject subjectScheme="DFG">12 Social and Behavioural Sciences</r3d:subject>
    <r3d:subject subjectScheme="DFG">1 Humanities and Social Sciences</r3d:subject>
    <r3d:missionStatementURL>http://www.fachportal-paedagogik.de/wir_ueber_uns_e.html</r3d:missionStatementURL>
    <r3d:contentType contentTypeScheme="parse">Standard office documents</r3d:contentType>
    <r3d:contentType contentTypeScheme="parse">Audiovisual data</r3d:contentType>
    <r3d:providerType>dataProvider</r3d:providerType>
    <r3d:providerType>serviceProvider</r3d:providerType>
    <r3d:keyword>school teaching</r3d:keyword>
    <r3d:keyword>school performance</r3d:keyword>
    <r3d:keyword>IGLU</r3d:keyword>
    <r3d:keyword>PISA</r3d:keyword>
    <r3d:keyword>school development</r3d:keyword>
    <r3d:keyword>teaching</r3d:keyword>
    <r3d:keyword>full-time school</r3d:keyword>
    <r3d:institution>
        <r3d:institutionName language="deu">GESIS</r3d:institutionName>
        <r3d:institutionAdditionalName language="deu">Leibniz-Institut für Sozialwissenschaften</r3d:institutionAdditionalName>
        <r3d:institutionCountry>DEU</r3d:institutionCountry>
        <r3d:responsibilityType>general</r3d:responsibilityType>
        <r3d:institutionType>non-profit</r3d:institutionType>
        <r3d:institutionURL>http://www.gesis.org/en/home/</r3d:institutionURL>
        <r3d:responsibilityStartDate>2012-01-01</r3d:responsibilityStartDate>
        <r3d:responsibilityEndDate></r3d:responsibilityEndDate>
    </r3d:institution>
    <r3d:institution>
        <r3d:institutionName language="deu">Deutsches Institut für Internationale Pädagogische Forschung</r3d:institutionName>
        <r3d:institutionAdditionalName language="deu">DIPF</r3d:institutionAdditionalName>
        <r3d:institutionCountry>DEU</r3d:institutionCountry>
        <r3d:responsibilityType>general</r3d:responsibilityType>
        <r3d:responsibilityType>funding</r3d:responsibilityType>
        <r3d:institutionType>non-profit</r3d:institutionType>
        <r3d:institutionURL>http://www.dipf.de/de/forschung/projekte/fachportal-paedagogik</r3d:institutionURL>
        <r3d:responsibilityStartDate>2012-01-01</r3d:responsibilityStartDate>
        <r3d:responsibilityEndDate></r3d:responsibilityEndDate>
        <r3d:institutionContact>http://www.dipf.de/en/about-us/contact</r3d:institutionContact>
    </r3d:institution>
    <r3d:institution>
        <r3d:institutionName language="deu">Humboldt Universität zu Berlin, Institut zur Qualitätsentwicklung im Bildungswesen</r3d:institutionName>
        <r3d:institutionAdditionalName language="deu">IQB</r3d:institutionAdditionalName>
        <r3d:institutionCountry>DEU</r3d:institutionCountry>
        <r3d:responsibilityType>general</r3d:responsibilityType>
        <r3d:institutionType>non-profit</r3d:institutionType>
        <r3d:institutionURL>https://www.iqb.hu-berlin.de/</r3d:institutionURL>
        <r3d:responsibilityStartDate>2012-01-01</r3d:responsibilityStartDate>
        <r3d:responsibilityEndDate></r3d:responsibilityEndDate>
    </r3d:institution>
    <r3d:policy>
        <r3d:policyName>Open Access Policy</r3d:policyName>
        <r3d:policyURL>http://www.dipf.de/de/publikationen/pdf-publikationen/Open_Access_Policy.pdf</r3d:policyURL>
    </r3d:policy>
    <r3d:databaseAccess>
        <r3d:databaseAccessType>open</r3d:databaseAccessType>
    </r3d:databaseAccess>
    <r3d:databaseLicense>
        <r3d:databaseLicenseName>other</r3d:databaseLicenseName>
        <r3d:databaseLicenseURL>https://openaccess.mpg.de/</r3d:databaseLicenseURL>
    </r3d:databaseLicense>
    <r3d:dataAccess>
    <r3d:dataAccessType>open</r3d:dataAccessType>
    </r3d:dataAccess>
    <r3d:dataAccess>
    <r3d:dataAccessType>restricted</r3d:dataAccessType>
    <r3d:dataAccessRestriction>other</r3d:dataAccessRestriction>
    </r3d:dataAccess>
    <r3d:dataLicense>
        <r3d:dataLicenseName>Copyrights</r3d:dataLicenseName>
        <r3d:dataLicenseURL>http://www.fachportal-paedagogik.de/forschungsdaten_bildung/index.php?la=de</r3d:dataLicenseURL>
    </r3d:dataLicense>
    <r3d:dataUpload>
        <r3d:dataUploadType>closed</r3d:dataUploadType>
    </r3d:dataUpload>
    <r3d:software>
        <r3d:softwareName>unknown</r3d:softwareName>
    </r3d:software>
    <r3d:versioning></r3d:versioning>
    <r3d:pidSystem>none</r3d:pidSystem>
    <r3d:citationGuidelineURL></r3d:citationGuidelineURL>
    <r3d:enhancedPublication>unknown</r3d:enhancedPublication>
    <r3d:qualityManagement>unknown</r3d:qualityManagement>
    <r3d:syndication syndicationType="RSS">http://www.dipf.de/de/dipf-aktuell/aktuelles/willkommen-im-dipf/RSS</r3d:syndication>
    <r3d:remarks>Four includet parts in FDZ are itemized: list of studies, archive of media, archive of questionnaires, database for quality of schools (DaQS). The parts German Education Index, pedocs and Subject Directory from Fachportal-Pädagogik.de include no raw data.</r3d:remarks>
    <r3d:entryDate>2013-04-10</r3d:entryDate>
    <r3d:lastUpdate>2017-02-01</r3d:lastUpdate>
  </r3d:repository>
</r3d:re3data>