<?xml version="1.0" encoding="utf-8"?>
<!--re3data.org Schema for the Description of Research Data Repositories. Version 2.2, December 2014. doi:10.2312/re3.006-->
<r3d:re3data xmlns:r3d="http://www.re3data.org/schema/2-2" xmlns:xsi="http://www.w3.org/2001/XMLSchema-instance" xsi:schemaLocation="http://www.re3data.org/schema/2-2 http://schema.re3data.org/2-2/re3dataV2-2.xsd">
  <r3d:repository>
    <r3d:re3data.orgIdentifier>r3d100010392</r3d:re3data.orgIdentifier>
    <r3d:repositoryName language="eng">Geothermal Information System for Germany</r3d:repositoryName>
    <r3d:additionalName language="deu">Geothermisches Informationssystem für Deutschland</r3d:additionalName>
    <r3d:additionalName language="deu">GeotIS</r3d:additionalName>
    <r3d:repositoryURL>http://www.geotis.de/?loc=en_US</r3d:repositoryURL>
    <r3d:description language="eng">The geothermal information system (GeotIS) provides information and data compilations on deep aquifers in Germany relevant for geothermal exploitation. GeotIS is a public internet based information system and satisfies the demand for a comprehensive, largely scale-independent form of a geothermal atlas which can be continuously updated. GeotIS helps users identify geothermal potentials by visualizing temperature, hydraulic properties and depth levels of relevant stratigraphic units. A sophisticated map interface simplifies the navigation to all areas of interest. An additional component contains a catalogue of all geothermal installations in Germany. The primary objective of this project is to improve the quality of geothermal-plant project-planning and the estimation of the exploration risk for geothermal projects on selectable locations. However, concrete, location-specific analyses still remain the task of local feasibility studies.</r3d:description>
    <r3d:type>disciplinary</r3d:type>
    <r3d:size updated="2014-05-27">more than 30.000 boreholes</r3d:size>
    <r3d:startDate>2005</r3d:startDate>
    <r3d:endDate></r3d:endDate>
    <r3d:repositoryLanguage>eng</r3d:repositoryLanguage>
    <r3d:repositoryLanguage>deu</r3d:repositoryLanguage>
    <r3d:subject subjectScheme="DFG">34 Geosciences (including Geography)</r3d:subject>
    <r3d:subject subjectScheme="DFG">31801 Hydrogeology, Hydrology, Limnology, Urban Water Management, Water Chemistry, Integrated Water Resources Management</r3d:subject>
    <r3d:subject subjectScheme="DFG">404 Heat Energy Technology, Thermal Machines, Fluid Mechanics</r3d:subject>
    <r3d:subject subjectScheme="DFG">3 Natural Sciences</r3d:subject>
    <r3d:subject subjectScheme="DFG">318 Water Research</r3d:subject>
    <r3d:subject subjectScheme="DFG">42 Thermal Engineering/Process Engineering</r3d:subject>
    <r3d:subject subjectScheme="DFG">4 Engineering Sciences</r3d:subject>
    <r3d:missionStatementURL>http://www.geotis.de/index.php?loc=en_us</r3d:missionStatementURL>
    <r3d:contentType contentTypeScheme="parse">Standard office documents</r3d:contentType>
    <r3d:contentType contentTypeScheme="parse">Structured graphics</r3d:contentType>
    <r3d:contentType contentTypeScheme="parse">Raw data</r3d:contentType>
    <r3d:contentType contentTypeScheme="parse">Structured text</r3d:contentType>
    <r3d:contentType contentTypeScheme="parse">Images</r3d:contentType>
    <r3d:providerType>dataProvider</r3d:providerType>
    <r3d:keyword>geothermal potentials</r3d:keyword>
    <r3d:keyword>geothermal installations</r3d:keyword>
    <r3d:keyword>geothermal energy</r3d:keyword>
    <r3d:keyword>seismology</r3d:keyword>
    <r3d:keyword>power generation</r3d:keyword>
    <r3d:keyword>drilling</r3d:keyword>
    <r3d:keyword>fossil fuels</r3d:keyword>
    <r3d:keyword>natural gas</r3d:keyword>
    <r3d:keyword>mineral water deposit</r3d:keyword>
    <r3d:keyword>geophysics</r3d:keyword>
    <r3d:keyword>maps</r3d:keyword>
    <r3d:keyword>renewable energy</r3d:keyword>
    <r3d:institution>
        <r3d:institutionName language="eng">Bavarian Environment Agency, branch office Munich</r3d:institutionName>
        <r3d:institutionAdditionalName language="deu">LfU</r3d:institutionAdditionalName>
        <r3d:institutionAdditionalName language="deu">Bayerisches Landesamt für Umwelt, Außenstelle München</r3d:institutionAdditionalName>
        <r3d:institutionCountry>DEU</r3d:institutionCountry>
        <r3d:responsibilityType>general</r3d:responsibilityType>
        <r3d:institutionType>non-profit</r3d:institutionType>
        <r3d:institutionURL>http://www.lfu.bayern.de/index.htm</r3d:institutionURL>
        <r3d:responsibilityStartDate>2005</r3d:responsibilityStartDate>
        <r3d:responsibilityEndDate></r3d:responsibilityEndDate>
    </r3d:institution>
    <r3d:institution>
        <r3d:institutionName language="eng">Free University Berlin</r3d:institutionName>
        <r3d:institutionAdditionalName language="deu">Freie Universität Berlin</r3d:institutionAdditionalName>
        <r3d:institutionAdditionalName language="deu">FU Berlin</r3d:institutionAdditionalName>
        <r3d:institutionCountry>DEU</r3d:institutionCountry>
        <r3d:responsibilityType>general</r3d:responsibilityType>
        <r3d:institutionType>non-profit</r3d:institutionType>
        <r3d:institutionURL>http://www.geo.fu-berlin.de/en/index.html</r3d:institutionURL>
        <r3d:responsibilityStartDate>2005</r3d:responsibilityStartDate>
        <r3d:responsibilityEndDate></r3d:responsibilityEndDate>
        <r3d:institutionContact>mschn@zedat.fu-berlin.de</r3d:institutionContact>
        <r3d:institutionContact>birner@zedat.fu-berlin.de</r3d:institutionContact>
    </r3d:institution>
    <r3d:institution>
        <r3d:institutionName language="deu">Geothermie Neubrandenburg GmbH</r3d:institutionName>
        <r3d:institutionAdditionalName language="deu">GTN</r3d:institutionAdditionalName>
        <r3d:institutionCountry>DEU</r3d:institutionCountry>
        <r3d:responsibilityType>general</r3d:responsibilityType>
        <r3d:institutionType>non-profit</r3d:institutionType>
        <r3d:institutionURL>http://www.gtn-online.de/</r3d:institutionURL>
        <r3d:responsibilityStartDate>2005</r3d:responsibilityStartDate>
        <r3d:responsibilityEndDate></r3d:responsibilityEndDate>
    </r3d:institution>
    <r3d:institution>
        <r3d:institutionName language="eng">State Office for the Environment, Natural Conservation and Geology of Mecklenburg-Vorpommern (LUNG), Guestrow</r3d:institutionName>
        <r3d:institutionAdditionalName language="deu">Landesamt für Umwelt, Naturschutz und Geologie Mecklenburg-Vorpommern, Güstrow</r3d:institutionAdditionalName>
        <r3d:institutionAdditionalName language="deu">LUNG</r3d:institutionAdditionalName>
        <r3d:institutionCountry>DEU</r3d:institutionCountry>
        <r3d:responsibilityType>general</r3d:responsibilityType>
        <r3d:institutionType>non-profit</r3d:institutionType>
        <r3d:institutionURL>http://www.lung.mv-regierung.de/</r3d:institutionURL>
        <r3d:responsibilityStartDate>2005</r3d:responsibilityStartDate>
        <r3d:responsibilityEndDate></r3d:responsibilityEndDate>
        <r3d:institutionContact>http://www.lung.mv-regierung.de/insite/cms/umwelt/geologie/fis_geo/geologie_fis_untergrund/geologie_fis_untergrund_3.htm</r3d:institutionContact>
    </r3d:institution>
    <r3d:institution>
        <r3d:institutionName language="eng">Regierungspräsidium Freiburg</r3d:institutionName>
        <r3d:institutionAdditionalName language="deu">District Authority Freiburg</r3d:institutionAdditionalName>
        <r3d:institutionCountry>DEU</r3d:institutionCountry>
        <r3d:responsibilityType>general</r3d:responsibilityType>
        <r3d:institutionType>non-profit</r3d:institutionType>
        <r3d:institutionURL>http://www.rp-freiburg.de/servlet/PB/menu/1308009/index.html</r3d:institutionURL>
        <r3d:responsibilityStartDate>2005</r3d:responsibilityStartDate>
        <r3d:responsibilityEndDate></r3d:responsibilityEndDate>
    </r3d:institution>
    <r3d:institution>
        <r3d:institutionName language="eng">State Geologic Surveys</r3d:institutionName>
        <r3d:institutionAdditionalName language="deu">Staatliche Geologischen Dienste Deutschlands</r3d:institutionAdditionalName>
        <r3d:institutionCountry>DEU</r3d:institutionCountry>
        <r3d:responsibilityType>general</r3d:responsibilityType>
        <r3d:institutionType>non-profit</r3d:institutionType>
        <r3d:institutionURL>http://www.geotis.de/homepage/stateoffices.php?loc=en_us</r3d:institutionURL>
        <r3d:responsibilityStartDate>2005</r3d:responsibilityStartDate>
        <r3d:responsibilityEndDate></r3d:responsibilityEndDate>
    </r3d:institution>
    <r3d:institution>
        <r3d:institutionName language="deu">Bundesministerium für Umwelt, Naturschutz und Reaktorsicherheit</r3d:institutionName>
        <r3d:institutionAdditionalName language="deu">BMU</r3d:institutionAdditionalName>
        <r3d:institutionCountry>DEU</r3d:institutionCountry>
        <r3d:responsibilityType>funding</r3d:responsibilityType>
        <r3d:institutionType>non-profit</r3d:institutionType>
        <r3d:institutionURL>http://www.bmub.bund.de/</r3d:institutionURL>
        <r3d:responsibilityStartDate>2005</r3d:responsibilityStartDate>
        <r3d:responsibilityEndDate>2013-03-31</r3d:responsibilityEndDate>
    </r3d:institution>
    <r3d:institution>
        <r3d:institutionName language="eng">Karlsruhe Institute of Technology</r3d:institutionName>
        <r3d:institutionAdditionalName language="eng">KIT</r3d:institutionAdditionalName>
        <r3d:institutionAdditionalName language="eng">Karlsruher Institut für Technologie</r3d:institutionAdditionalName>
        <r3d:institutionCountry>DEU</r3d:institutionCountry>
        <r3d:responsibilityType>general</r3d:responsibilityType>
        <r3d:institutionType>non-profit</r3d:institutionType>
        <r3d:institutionURL>http://www.kit.edu/</r3d:institutionURL>
        <r3d:responsibilityStartDate></r3d:responsibilityStartDate>
        <r3d:responsibilityEndDate></r3d:responsibilityEndDate>
    </r3d:institution>
    <r3d:institution>
        <r3d:institutionName language="deu">Forschungszentrum Jülich, Projektträger Jülich</r3d:institutionName>
        <r3d:institutionAdditionalName language="deu">PTJ</r3d:institutionAdditionalName>
        <r3d:institutionCountry>DEU</r3d:institutionCountry>
        <r3d:responsibilityType>general</r3d:responsibilityType>
        <r3d:institutionType>non-profit</r3d:institutionType>
        <r3d:institutionURL>http://www.ptj.de/</r3d:institutionURL>
        <r3d:responsibilityStartDate>2005</r3d:responsibilityStartDate>
        <r3d:responsibilityEndDate></r3d:responsibilityEndDate>
    </r3d:institution>
    <r3d:institution>
        <r3d:institutionName language="eng">Leibniz-Institute for Applied Geophysics</r3d:institutionName>
        <r3d:institutionAdditionalName language="deu">Leibniz-Institut für Angewandte Geophysik</r3d:institutionAdditionalName>
        <r3d:institutionAdditionalName language="deu">LIAG</r3d:institutionAdditionalName>
        <r3d:institutionCountry>DEU</r3d:institutionCountry>
        <r3d:responsibilityType>general</r3d:responsibilityType>
        <r3d:responsibilityType>technical</r3d:responsibilityType>
        <r3d:institutionType>non-profit</r3d:institutionType>
        <r3d:institutionURL>http://www.liag-hannover.de/home.html</r3d:institutionURL>
        <r3d:responsibilityStartDate>2005</r3d:responsibilityStartDate>
        <r3d:responsibilityEndDate></r3d:responsibilityEndDate>
        <r3d:institutionContact>http://www.liag-hannover.de/metamenue/kontakt.html</r3d:institutionContact>
        <r3d:institutionContact>Ruediger.Schulz@liag-hannvoer.de</r3d:institutionContact>
    </r3d:institution>
    <r3d:institution>
        <r3d:institutionName language="eng">State Authority for Mining, Energy and Geology of Lower Saxony</r3d:institutionName>
        <r3d:institutionAdditionalName language="deu">LBEG</r3d:institutionAdditionalName>
        <r3d:institutionAdditionalName language="deu">Landesamt für Bergbau, Energie und Geologie</r3d:institutionAdditionalName>
        <r3d:institutionCountry>DEU</r3d:institutionCountry>
        <r3d:responsibilityType>general</r3d:responsibilityType>
        <r3d:institutionType>non-profit</r3d:institutionType>
        <r3d:institutionURL>http://www.lbeg.niedersachsen.de/startseite/</r3d:institutionURL>
        <r3d:responsibilityStartDate>2005</r3d:responsibilityStartDate>
        <r3d:responsibilityEndDate></r3d:responsibilityEndDate>
    </r3d:institution>
    <r3d:policy>
        <r3d:policyName>General Standard Terms and Conditions (GSTC)</r3d:policyName>
        <r3d:policyURL>http://www.liag-hannover.de/fileadmin/user_upload/dokumente/Wir_ueber_uns/Gesetze/LIAG_AGB_GSTC-eng_2009.pdf</r3d:policyURL>
    </r3d:policy>
    <r3d:databaseAccess>
        <r3d:databaseAccessType>open</r3d:databaseAccessType>
    </r3d:databaseAccess>
    <r3d:dataAccess>
    <r3d:dataAccessType>closed</r3d:dataAccessType>
    </r3d:dataAccess>
    <r3d:dataLicense>
        <r3d:dataLicenseName>Copyrights</r3d:dataLicenseName>
        <r3d:dataLicenseURL>http://www.geotis.de/homepage/impressum.php?loc=en_us</r3d:dataLicenseURL>
    </r3d:dataLicense>
    <r3d:dataLicense>
        <r3d:dataLicenseName>Copyrights</r3d:dataLicenseName>
        <r3d:dataLicenseURL>http://www.geotis.de/homepage/geotisStart.php?loc=en_US</r3d:dataLicenseURL>
    </r3d:dataLicense>
    <r3d:dataUpload>
        <r3d:dataUploadType>closed</r3d:dataUploadType>
    </r3d:dataUpload>
    <r3d:software>
        <r3d:softwareName>unknown</r3d:softwareName>
    </r3d:software>
    <r3d:versioning></r3d:versioning>
    <r3d:pidSystem>none</r3d:pidSystem>
    <r3d:citationGuidelineURL>http://www.geotis.de/homepage/impressum.php?loc=en_us</r3d:citationGuidelineURL>
    <r3d:enhancedPublication>unknown</r3d:enhancedPublication>
    <r3d:qualityManagement>yes</r3d:qualityManagement>
    <r3d:syndication syndicationType="RSS">http://www.geotis.de/geotIS_News_en.xml</r3d:syndication>
    <r3d:remarks>The Geothermal Information System shows the potentials and installations of deep geothermal use in Germany. It consists of two independent modules: Geothermal Potentials and Geothermal Installations.</r3d:remarks>
    <r3d:entryDate>2013-04-22</r3d:entryDate>
    <r3d:lastUpdate>2016-03-23</r3d:lastUpdate>
  </r3d:repository>
</r3d:re3data>