<?xml version="1.0" encoding="utf-8"?>
<!--re3data.org Schema for the Description of Research Data Repositories. Version 2.2, December 2014. doi:10.2312/re3.006-->
<r3d:re3data xmlns:r3d="http://www.re3data.org/schema/2-2" xmlns:xsi="http://www.w3.org/2001/XMLSchema-instance" xsi:schemaLocation="http://www.re3data.org/schema/2-2 http://schema.re3data.org/2-2/re3dataV2-2.xsd">
  <r3d:repository>
    <r3d:re3data.orgIdentifier>r3d100010495</r3d:re3data.orgIdentifier>
    <r3d:repositoryName language="eng">UNIDATA - Bicocca Data Archive</r3d:repositoryName>
    <r3d:additionalName language="eng">Data Archive for Social Sciences</r3d:additionalName>
    <r3d:additionalName language="ita">Archivio Dati e Programmi per le Scienze Sociali</r3d:additionalName>
    <r3d:additionalName language="eng">ADPSS Sociodata</r3d:additionalName>
    <r3d:additionalName language="ita">ADPSS-SOCIODATA Archivio Dati e Programmi per le Scienze Sociali Dataverse</r3d:additionalName>
    <r3d:repositoryURL>http://www.unidata.unimib.it/?lang=en</r3d:repositoryURL>
    <r3d:description language="eng">Unidata – Bicocca Data Archive is an interdepartmental center of the University of Milan-Bicocca, born in 2015. The center is the Italian point of reference for the research data archiving and dissemination, based on the example of the National Archives located in major European countries and beyond.
UniData inherits the long work from the ADPSS-Sociodata Data Archive, born in 1999 in the Department of Sociology and Social Research at the same University.
Here you can find only individual data from 2010.
For older surveys please visit ADPSS Sociodata, Data Archive for Social Sciences - Archivio Dati e Programmi Per le Scienze Soziali: http://www.unidata.unimib.it/old/ and
ADPSS-SOCIODATA Archivio Dati e Programmi per le Scienze Sociali Dataverse : https://dataverse.harvard.edu/dataverse/adpss</r3d:description>
    <r3d:repositoryContact>unidata@unimib.it</r3d:repositoryContact>
    <r3d:type>disciplinary</r3d:type>
    <r3d:size updated=""></r3d:size>
    <r3d:startDate>1999</r3d:startDate>
    <r3d:endDate></r3d:endDate>
    <r3d:repositoryLanguage>eng</r3d:repositoryLanguage>
    <r3d:repositoryLanguage>ita</r3d:repositoryLanguage>
    <r3d:subject subjectScheme="DFG">111 Social Sciences</r3d:subject>
    <r3d:subject subjectScheme="DFG">12 Social and Behavioural Sciences</r3d:subject>
    <r3d:subject subjectScheme="DFG">1 Humanities and Social Sciences</r3d:subject>
    <r3d:missionStatementURL>http://www.unidata.unimib.it/?page_id=55</r3d:missionStatementURL>
    <r3d:contentType contentTypeScheme="parse">Scientific and statistical data formats</r3d:contentType>
    <r3d:contentType contentTypeScheme="parse">Plain text</r3d:contentType>
    <r3d:providerType>dataProvider</r3d:providerType>
    <r3d:providerType>serviceProvider</r3d:providerType>
    <r3d:keyword>survey data</r3d:keyword>
    <r3d:keyword>eurobarometer</r3d:keyword>
    <r3d:keyword>ISSP</r3d:keyword>
    <r3d:keyword>WVS</r3d:keyword>
    <r3d:keyword>Istat</r3d:keyword>
    <r3d:keyword>Eurostat</r3d:keyword>
    <r3d:institution>
        <r3d:institutionName language="eng">Interdepartmental Centre UniData – Bicocca Data Archive</r3d:institutionName>
        <r3d:institutionAdditionalName language="ita">Centro interdipartimentale UniData – Bicocca Data Archive</r3d:institutionAdditionalName>
        <r3d:institutionCountry>ITA</r3d:institutionCountry>
        <r3d:responsibilityType>general</r3d:responsibilityType>
        <r3d:responsibilityType>technical</r3d:responsibilityType>
        <r3d:institutionType>non-profit</r3d:institutionType>
        <r3d:institutionURL>http://www.unidata.unimib.it/?lang=en</r3d:institutionURL>
        <r3d:responsibilityStartDate>2015</r3d:responsibilityStartDate>
        <r3d:responsibilityEndDate></r3d:responsibilityEndDate>
        <r3d:institutionContact>http://www.unidata.unimib.it/?page_id=557</r3d:institutionContact>
    </r3d:institution>
    <r3d:institution>
        <r3d:institutionName language="ita">Università degli Studi di Milano-Bicocca, Dipartimento di Sociologia e Ricerca Sociale, Archivio Dati e Programmi per le Scienze Sociali</r3d:institutionName>
        <r3d:institutionAdditionalName language="ita">ADPSS</r3d:institutionAdditionalName>
        <r3d:institutionCountry>ITA</r3d:institutionCountry>
        <r3d:responsibilityType>general</r3d:responsibilityType>
        <r3d:institutionType>non-profit</r3d:institutionType>
        <r3d:institutionURL>http://www.unidata.unimib.it/old/eng/index.php?w=home</r3d:institutionURL>
        <r3d:responsibilityStartDate>1999</r3d:responsibilityStartDate>
        <r3d:responsibilityEndDate>2015</r3d:responsibilityEndDate>
        <r3d:institutionContact>adpss.sociologia@unimib.it</r3d:institutionContact>
    </r3d:institution>
    <r3d:institution>
        <r3d:institutionName language="eng">University of Milan - Bicocca, Department of Sociology and Social Research</r3d:institutionName>
        <r3d:institutionAdditionalName language="ita">Università degli Studi di Milano-Bicocca, Dipartimento di Sociologia e Ricerca Sociale</r3d:institutionAdditionalName>
        <r3d:institutionAdditionalName language="eng">DSRS</r3d:institutionAdditionalName>
        <r3d:institutionCountry>ITA</r3d:institutionCountry>
        <r3d:responsibilityType>general</r3d:responsibilityType>
        <r3d:institutionType>non-profit</r3d:institutionType>
        <r3d:institutionURL>http://www.unimib.it/go/46544</r3d:institutionURL>
        <r3d:responsibilityStartDate>1999</r3d:responsibilityStartDate>
        <r3d:responsibilityEndDate></r3d:responsibilityEndDate>
        <r3d:institutionContact>http://www.unimib.it/go/47559/Home/English/CONTACT-US</r3d:institutionContact>
        <r3d:institutionContact>info.sociologia@unimib.it</r3d:institutionContact>
    </r3d:institution>
    <r3d:policy>
        <r3d:policyName>How to get the data</r3d:policyName>
        <r3d:policyURL>http://www.unidata.unimib.it/?page_id=559</r3d:policyURL>
    </r3d:policy>
    <r3d:policy>
        <r3d:policyName>CESSDA Data Access Policy</r3d:policyName>
        <r3d:policyURL>https://www.cessda.eu/content/download/963/8608/file/CESSDA%20Data%20Access%20Policy.pdf</r3d:policyURL>
    </r3d:policy>
    <r3d:databaseAccess>
        <r3d:databaseAccessType>open</r3d:databaseAccessType>
    </r3d:databaseAccess>
    <r3d:dataAccess>
    <r3d:dataAccessType>restricted</r3d:dataAccessType>
    <r3d:dataAccessRestriction>other</r3d:dataAccessRestriction>
    <r3d:dataAccessRestriction>institutional membership</r3d:dataAccessRestriction>
    <r3d:dataAccessRestriction>feeRequired</r3d:dataAccessRestriction>
    </r3d:dataAccess>
    <r3d:dataAccess>
    <r3d:dataAccessType>closed</r3d:dataAccessType>
    </r3d:dataAccess>
    <r3d:dataLicense>
        <r3d:dataLicenseName>other</r3d:dataLicenseName>
        <r3d:dataLicenseURL>http://www.unidata.unimib.it/wp-content/uploads/Regolamento-Accesso-Dati.pdf</r3d:dataLicenseURL>
    </r3d:dataLicense>
    <r3d:dataLicense>
        <r3d:dataLicenseName>other</r3d:dataLicenseName>
        <r3d:dataLicenseURL>https://www.cessda.eu/content/download/963/8608/file/CESSDA%20Data%20Access%20Policy.pdf</r3d:dataLicenseURL>
    </r3d:dataLicense>
    <r3d:dataUpload>
        <r3d:dataUploadType>restricted</r3d:dataUploadType>
        <r3d:dataUploadRestriction>institutional membership</r3d:dataUploadRestriction>
        <r3d:dataUploadRestriction>other</r3d:dataUploadRestriction>
    </r3d:dataUpload>
    <r3d:dataUploadLicense>
        <r3d:dataUploadLicenseName>Regolamento   per   l’accesso   ai   dati   distribuiti   dal   Centro Interdipartimentale UniData</r3d:dataUploadLicenseName>
        <r3d:dataUploadLicenseURL>http://www.unidata.unimib.it/wp-content/uploads/Regolamento-Accesso-Dati.pdf</r3d:dataUploadLicenseURL>
    </r3d:dataUploadLicense>
    <r3d:software>
        <r3d:softwareName>Nesstar</r3d:softwareName>
    </r3d:software>
    <r3d:versioning></r3d:versioning>
    <r3d:pidSystem>none</r3d:pidSystem>
    <r3d:citationGuidelineURL>http://www.unidata.unimib.it/wp-content/uploads/Regolamento-Accesso-Dati.pdf</r3d:citationGuidelineURL>
    <r3d:enhancedPublication>unknown</r3d:enhancedPublication>
    <r3d:qualityManagement>yes</r3d:qualityManagement>
    <r3d:metadataStandard>
      <r3d:metadataStandardName metadataStandardScheme="DCC">DDI - Data Documentation Initiative</r3d:metadataStandardName>
      <r3d:metadataStandardURL>http://www.dcc.ac.uk/resources/metadata-standards/ddi-data-documentation-initiative</r3d:metadataStandardURL>
    </r3d:metadataStandard>
    <r3d:remarks>UniData, thanks to the experience gained by ADPSS-Sociodata, has been the Italian member of CESSDA ERIC (Council of European Social Science Data Archives), the most important system of acquisition, archiving and distribution of data for social sciences. It connects data archives of twenty-three countries.
A very important archive connected with CESSDA ERIC is the GESIS – Leibniz Institute for the Social Sciences, with which UniData is continuing an intense collaboration. UniData also participates to IFDO (International Federation of Data Organizations), in which it sustains the chairmanship since the year of its foundation, in 1983.
Finally, UniData is a member of ICPSR (Inter-university Consortium for Political and Social Research), one of the most important data archive for world social sciences, that is located in the University of Michigan. In particular UniData is the Italian Official Representative, because it is part of Italian University network that participate to ICPSR.
Here you can find only individual data from 2010; for older surveys please visit http://www.unidata.unimib.it/old/
dataverse: https://dataverse.harvard.edu/dataverse/adpss</r3d:remarks>
    <r3d:entryDate>2013-08-27</r3d:entryDate>
    <r3d:lastUpdate>2017-08-02</r3d:lastUpdate>
  </r3d:repository>
</r3d:re3data>