<?xml version="1.0" encoding="utf-8"?>
<!--re3data.org Schema for the Description of Research Data Repositories. Version 2.2, December 2014. doi:10.2312/re3.006-->
<r3d:re3data xmlns:r3d="http://www.re3data.org/schema/2-2" xmlns:xsi="http://www.w3.org/2001/XMLSchema-instance" xsi:schemaLocation="http://www.re3data.org/schema/2-2 http://schema.re3data.org/2-2/re3dataV2-2.xsd">
  <r3d:repository>
    <r3d:re3data.orgIdentifier>r3d100010078</r3d:re3data.orgIdentifier>
    <r3d:repositoryName language="eng">Data.gov</r3d:repositoryName>
    <r3d:repositoryURL>http://www.data.gov/</r3d:repositoryURL>
    <r3d:repositoryIdentifier>RRID:nlx_70953</r3d:repositoryIdentifier>
    <r3d:description language="eng">Data.gov increases the ability of the public to easily find, download, and use datasets that are generated and held by the Federal Government. Data.gov provides descriptions of the Federal datasets (metadata), information about how to access the datasets, and tools that leverage government datasets</r3d:description>
    <r3d:repositoryContact>https://www.data.gov/contact</r3d:repositoryContact>
    <r3d:type>institutional</r3d:type>
    <r3d:type>other</r3d:type>
    <r3d:size updated="2014-08-08">112.509 datasets</r3d:size>
    <r3d:startDate>2009</r3d:startDate>
    <r3d:endDate></r3d:endDate>
    <r3d:repositoryLanguage>eng</r3d:repositoryLanguage>
    <r3d:subject subjectScheme="DFG">111 Social Sciences</r3d:subject>
    <r3d:subject subjectScheme="DFG">112 Economics</r3d:subject>
    <r3d:subject subjectScheme="DFG">113 Jurisprudence</r3d:subject>
    <r3d:subject subjectScheme="DFG">2 Life Sciences</r3d:subject>
    <r3d:subject subjectScheme="DFG">34 Geosciences (including Geography)</r3d:subject>
    <r3d:subject subjectScheme="DFG">1 Humanities and Social Sciences</r3d:subject>
    <r3d:subject subjectScheme="DFG">3 Natural Sciences</r3d:subject>
    <r3d:subject subjectScheme="DFG">4 Engineering Sciences</r3d:subject>
    <r3d:subject subjectScheme="DFG">12 Social and Behavioural Sciences</r3d:subject>
    <r3d:missionStatementURL>http://www.data.gov/about</r3d:missionStatementURL>
    <r3d:contentType contentTypeScheme="parse">Raw data</r3d:contentType>
    <r3d:contentType contentTypeScheme="parse">Images</r3d:contentType>
    <r3d:contentType contentTypeScheme="parse">Standard office documents</r3d:contentType>
    <r3d:contentType contentTypeScheme="parse">Structured graphics</r3d:contentType>
    <r3d:contentType contentTypeScheme="parse">Archived data</r3d:contentType>
    <r3d:contentType contentTypeScheme="parse">Scientific and statistical data formats</r3d:contentType>
    <r3d:contentType contentTypeScheme="parse">Structured text</r3d:contentType>
    <r3d:contentType contentTypeScheme="parse">Plain text</r3d:contentType>
    <r3d:contentType contentTypeScheme="parse">Software applications</r3d:contentType>
    <r3d:contentType contentTypeScheme="parse">other</r3d:contentType>
    <r3d:providerType>dataProvider</r3d:providerType>
    <r3d:providerType>serviceProvider</r3d:providerType>
    <r3d:keyword>atmosphere</r3d:keyword>
    <r3d:keyword>biology</r3d:keyword>
    <r3d:keyword>business</r3d:keyword>
    <r3d:keyword>climate</r3d:keyword>
    <r3d:keyword>communication</r3d:keyword>
    <r3d:keyword>culture</r3d:keyword>
    <r3d:institution>
        <r3d:institutionName language="eng">U.S.Government</r3d:institutionName>
        <r3d:institutionCountry>USA</r3d:institutionCountry>
        <r3d:responsibilityType>general</r3d:responsibilityType>
        <r3d:responsibilityType>funding</r3d:responsibilityType>
        <r3d:institutionType>non-profit</r3d:institutionType>
        <r3d:institutionURL>http://www.usa.gov/</r3d:institutionURL>
        <r3d:responsibilityStartDate>2009</r3d:responsibilityStartDate>
        <r3d:responsibilityEndDate></r3d:responsibilityEndDate>
        <r3d:institutionContact>http://www.data.gov/contact</r3d:institutionContact>
    </r3d:institution>
    <r3d:institution>
        <r3d:institutionName language="eng">U.S. General Services Adminstration</r3d:institutionName>
        <r3d:institutionCountry>USA</r3d:institutionCountry>
        <r3d:responsibilityType>technical</r3d:responsibilityType>
        <r3d:institutionType>non-profit</r3d:institutionType>
        <r3d:institutionURL>http://www.gsa.gov/portal/category/100000</r3d:institutionURL>
        <r3d:responsibilityStartDate>2009</r3d:responsibilityStartDate>
        <r3d:responsibilityEndDate></r3d:responsibilityEndDate>
    </r3d:institution>
    <r3d:policy>
        <r3d:policyName>data policy</r3d:policyName>
        <r3d:policyURL>http://www.data.gov/data-policy</r3d:policyURL>
    </r3d:policy>
    <r3d:policy>
        <r3d:policyName>privacy policy</r3d:policyName>
        <r3d:policyURL>http://www.data.gov/privacy-policy</r3d:policyURL>
    </r3d:policy>
    <r3d:databaseAccess>
        <r3d:databaseAccessType>open</r3d:databaseAccessType>
    </r3d:databaseAccess>
    <r3d:databaseLicense>
        <r3d:databaseLicenseName>other</r3d:databaseLicenseName>
        <r3d:databaseLicenseURL>http://www.data.gov/accessibility</r3d:databaseLicenseURL>
    </r3d:databaseLicense>
    <r3d:dataAccess>
    <r3d:dataAccessType>open</r3d:dataAccessType>
    </r3d:dataAccess>
    <r3d:dataLicense>
        <r3d:dataLicenseName>CC</r3d:dataLicenseName>
        <r3d:dataLicenseURL>http://creativecommons.org/</r3d:dataLicenseURL>
    </r3d:dataLicense>
    <r3d:dataUpload>
        <r3d:dataUploadType>restricted</r3d:dataUploadType>
        <r3d:dataUploadRestriction>registration</r3d:dataUploadRestriction>
    </r3d:dataUpload>
    <r3d:software>
        <r3d:softwareName>other</r3d:softwareName>
    </r3d:software>
    <r3d:software>
        <r3d:softwareName>CKAN</r3d:softwareName>
    </r3d:software>
    <r3d:versioning>yes</r3d:versioning>
    <r3d:api apiType="other">https://www.data.gov/developers/apis</r3d:api>
    <r3d:pidSystem>none</r3d:pidSystem>
    <r3d:citationGuidelineURL>http://www.data.gov/data-policy</r3d:citationGuidelineURL>
    <r3d:enhancedPublication>no</r3d:enhancedPublication>
    <r3d:qualityManagement>unknown</r3d:qualityManagement>
    <r3d:syndication syndicationType="RSS">https://catalog.data.gov/dataset?q=rss</r3d:syndication>
    <r3d:remarks>As part of our continuing efforts to increase awareness of and access to geospatial data and services, Data.gov has integrated the Geospatial One-Stop (GOS) portal and catalog, and added some exciting improvements to both the user interface as well as the underlying infrastructure.
A complete list of Data.gov APIs can be found at http://www.data.gov/developers/apis</r3d:remarks>
    <r3d:entryDate>2012-10-16</r3d:entryDate>
    <r3d:lastUpdate>2017-04-21</r3d:lastUpdate>
  </r3d:repository>
</r3d:re3data>