<?xml version="1.0" encoding="utf-8"?>
<!--re3data.org Schema for the Description of Research Data Repositories. Version 2.2, December 2014. doi:10.2312/re3.006-->
<r3d:re3data xmlns:r3d="http://www.re3data.org/schema/2-2" xmlns:xsi="http://www.w3.org/2001/XMLSchema-instance" xsi:schemaLocation="http://www.re3data.org/schema/2-2 http://schema.re3data.org/2-2/re3dataV2-2.xsd">
  <r3d:repository>
    <r3d:re3data.orgIdentifier>r3d100010522</r3d:re3data.orgIdentifier>
    <r3d:repositoryName language="eng">Martha&#039;s Vineyard Coastal Observatory</r3d:repositoryName>
    <r3d:additionalName language="eng">MVCO</r3d:additionalName>
    <r3d:repositoryURL>http://www.whoi.edu/mvco</r3d:repositoryURL>
    <r3d:description language="eng">The Martha&#039;s Vineyard Coastal Observatory (MVCO) is a leading research and engineering facility operated by Woods Hole Oceanographic Institution. The observatory is located at South Beach and in the ocean a mile off the south shore of Martha&#039;s Vineyard where it provides real time and archived coastal oceanographic and meteorological data for researchers, students and the general public.</r3d:description>
    <r3d:repositoryContact>http://www.whoi.edu/page.do?pid=71699</r3d:repositoryContact>
    <r3d:type>disciplinary</r3d:type>
    <r3d:size updated=""></r3d:size>
    <r3d:startDate>2001</r3d:startDate>
    <r3d:endDate></r3d:endDate>
    <r3d:repositoryLanguage>eng</r3d:repositoryLanguage>
    <r3d:subject subjectScheme="DFG">313 Atmospheric Science and Oceanography</r3d:subject>
    <r3d:subject subjectScheme="DFG">34 Geosciences (including Geography)</r3d:subject>
    <r3d:subject subjectScheme="DFG">3 Natural Sciences</r3d:subject>
    <r3d:missionStatementURL>http://www.whoi.edu/page.do?pid=70196</r3d:missionStatementURL>
    <r3d:contentType contentTypeScheme="parse">Images</r3d:contentType>
    <r3d:contentType contentTypeScheme="parse">Scientific and statistical data formats</r3d:contentType>
    <r3d:contentType contentTypeScheme="parse">Raw data</r3d:contentType>
    <r3d:contentType contentTypeScheme="parse">Plain text</r3d:contentType>
    <r3d:contentType contentTypeScheme="parse">Archived data</r3d:contentType>
    <r3d:providerType>dataProvider</r3d:providerType>
    <r3d:keyword>salinity</r3d:keyword>
    <r3d:keyword>temperature</r3d:keyword>
    <r3d:keyword>turbidity</r3d:keyword>
    <r3d:keyword>fluorescence</r3d:keyword>
    <r3d:keyword>telemetry</r3d:keyword>
    <r3d:keyword>rain gauge</r3d:keyword>
    <r3d:keyword>climate studies</r3d:keyword>
    <r3d:keyword>atmospheric pressure</r3d:keyword>
    <r3d:keyword>surface pressure</r3d:keyword>
    <r3d:keyword>seafloor</r3d:keyword>
    <r3d:keyword>wind</r3d:keyword>
    <r3d:keyword>humidity</r3d:keyword>
    <r3d:keyword>infrared radiation</r3d:keyword>
    <r3d:keyword>accumulated rain</r3d:keyword>
    <r3d:keyword>flooding</r3d:keyword>
    <r3d:keyword>coastal ecology</r3d:keyword>
    <r3d:institution>
        <r3d:institutionName language="eng">Woods Hole Oceanographic Institution</r3d:institutionName>
        <r3d:institutionAdditionalName language="eng">WHOI</r3d:institutionAdditionalName>
        <r3d:institutionCountry>USA</r3d:institutionCountry>
        <r3d:responsibilityType>funding</r3d:responsibilityType>
        <r3d:institutionType>non-profit</r3d:institutionType>
        <r3d:institutionURL>http://www.whoi.edu</r3d:institutionURL>
        <r3d:responsibilityStartDate></r3d:responsibilityStartDate>
        <r3d:responsibilityEndDate></r3d:responsibilityEndDate>
        <r3d:institutionContact>http://www.whoi.edu/main/contact-us</r3d:institutionContact>
    </r3d:institution>
    <r3d:institution>
        <r3d:institutionName language="eng">Massachusetts Technology Collaborative</r3d:institutionName>
        <r3d:institutionCountry>USA</r3d:institutionCountry>
        <r3d:responsibilityType>funding</r3d:responsibilityType>
        <r3d:institutionType>non-profit</r3d:institutionType>
        <r3d:institutionURL>http://www.masstech.org</r3d:institutionURL>
        <r3d:responsibilityStartDate></r3d:responsibilityStartDate>
        <r3d:responsibilityEndDate></r3d:responsibilityEndDate>
        <r3d:institutionContact>http://www.masstech.org/contact</r3d:institutionContact>
    </r3d:institution>
    <r3d:institution>
        <r3d:institutionName language="eng">National Science Foundation</r3d:institutionName>
        <r3d:institutionAdditionalName language="eng">NSF</r3d:institutionAdditionalName>
        <r3d:institutionCountry>USA</r3d:institutionCountry>
        <r3d:responsibilityType>funding</r3d:responsibilityType>
        <r3d:institutionType>non-profit</r3d:institutionType>
        <r3d:institutionURL>https://www.nsf.gov/</r3d:institutionURL>
        <r3d:responsibilityStartDate></r3d:responsibilityStartDate>
        <r3d:responsibilityEndDate></r3d:responsibilityEndDate>
        <r3d:institutionContact>https://www.nsf.gov/help/contact.jsp</r3d:institutionContact>
    </r3d:institution>
    <r3d:institution>
        <r3d:institutionName language="eng">Office of Naval Research</r3d:institutionName>
        <r3d:institutionAdditionalName language="eng">ONR</r3d:institutionAdditionalName>
        <r3d:institutionCountry>USA</r3d:institutionCountry>
        <r3d:responsibilityType>funding</r3d:responsibilityType>
        <r3d:institutionType>non-profit</r3d:institutionType>
        <r3d:institutionURL>https://www.onr.navy.mil</r3d:institutionURL>
        <r3d:responsibilityStartDate></r3d:responsibilityStartDate>
        <r3d:responsibilityEndDate></r3d:responsibilityEndDate>
        <r3d:institutionContact>https://www.onr.navy.mil/en/Media-Center/media-contacts.aspx</r3d:institutionContact>
    </r3d:institution>
    <r3d:policy>
        <r3d:policyName>Overview</r3d:policyName>
        <r3d:policyURL>http://www.whoi.edu/page.do?pid=70177</r3d:policyURL>
    </r3d:policy>
    <r3d:policy>
        <r3d:policyName>Privacy Policy</r3d:policyName>
        <r3d:policyURL>http://www.whoi.edu/whoi/privacy.do</r3d:policyURL>
    </r3d:policy>
    <r3d:databaseAccess>
        <r3d:databaseAccessType>open</r3d:databaseAccessType>
    </r3d:databaseAccess>
    <r3d:databaseLicense>
        <r3d:databaseLicenseName>Copyrights</r3d:databaseLicenseName>
        <r3d:databaseLicenseURL>http://www.whoi.edu/page.do?pid=72576</r3d:databaseLicenseURL>
    </r3d:databaseLicense>
    <r3d:dataAccess>
    <r3d:dataAccessType>open</r3d:dataAccessType>
    </r3d:dataAccess>
    <r3d:dataLicense>
        <r3d:dataLicenseName>Copyrights</r3d:dataLicenseName>
        <r3d:dataLicenseURL>http://www.whoi.edu/page.do?pid=72576</r3d:dataLicenseURL>
    </r3d:dataLicense>
    <r3d:dataUpload>
        <r3d:dataUploadType>closed</r3d:dataUploadType>
    </r3d:dataUpload>
    <r3d:software>
        <r3d:softwareName>other</r3d:softwareName>
    </r3d:software>
    <r3d:versioning></r3d:versioning>
    <r3d:api apiType="FTP">http://www.whoi.edu/page.do?pid=70177</r3d:api>
    <r3d:pidSystem>none</r3d:pidSystem>
    <r3d:citationGuidelineURL></r3d:citationGuidelineURL>
    <r3d:enhancedPublication>unknown</r3d:enhancedPublication>
    <r3d:qualityManagement>unknown</r3d:qualityManagement>
    <r3d:remarks></r3d:remarks>
    <r3d:entryDate>2013-10-30</r3d:entryDate>
    <r3d:lastUpdate>2017-06-19</r3d:lastUpdate>
  </r3d:repository>
</r3d:re3data>