<?xml version="1.0" encoding="utf-8"?>
<!--re3data.org Schema for the Description of Research Data Repositories. Version 2.2, December 2014. doi:10.2312/re3.006-->
<r3d:re3data xmlns:r3d="http://www.re3data.org/schema/2-2" xmlns:xsi="http://www.w3.org/2001/XMLSchema-instance" xsi:schemaLocation="http://www.re3data.org/schema/2-2 http://schema.re3data.org/2-2/re3dataV2-2.xsd">
  <r3d:repository>
    <r3d:re3data.orgIdentifier>r3d100010202</r3d:re3data.orgIdentifier>
    <r3d:repositoryName language="eng">CESSDA ERIC</r3d:repositoryName>
    <r3d:additionalName language="eng">formerly: CESSDA</r3d:additionalName>
    <r3d:additionalName language="eng">CESSDA European Research Infrastructure Consortium</r3d:additionalName>
    <r3d:additionalName language="eng">Consortium of European Social Science Data Archives European Research Infrastructure</r3d:additionalName>
    <r3d:additionalName language="eng">Council of European Social Science Data Archives European Research Infrastructure</r3d:additionalName>
    <r3d:repositoryURL>https://www.cessda.eu/</r3d:repositoryURL>
    <r3d:description language="eng">CESSDA catalogue provides access to the national social science data archives of the CESSDA members across Europe.
Having evolved from a network of European data service providers into a legal entity and large-scale infrastructure under the auspices of the European Strategy Forum on Research Infrastructures (ESFRI) it became an ERIC (European Research Infrastructure) in June 2017.</r3d:description>
    <r3d:repositoryContact>cessda@cessda.net</r3d:repositoryContact>
    <r3d:type>disciplinary</r3d:type>
    <r3d:size updated=""></r3d:size>
    <r3d:startDate>2006</r3d:startDate>
    <r3d:endDate></r3d:endDate>
    <r3d:repositoryLanguage>eng</r3d:repositoryLanguage>
    <r3d:subject subjectScheme="DFG">111 Social Sciences</r3d:subject>
    <r3d:subject subjectScheme="DFG">11102 Empirical Social Research</r3d:subject>
    <r3d:subject subjectScheme="DFG">12 Social and Behavioural Sciences</r3d:subject>
    <r3d:subject subjectScheme="DFG">1 Humanities and Social Sciences</r3d:subject>
    <r3d:missionStatementURL>https://www.cessda.eu/Consortium/Mission-Vision</r3d:missionStatementURL>
    <r3d:contentType contentTypeScheme="parse">Standard office documents</r3d:contentType>
    <r3d:contentType contentTypeScheme="parse">Images</r3d:contentType>
    <r3d:contentType contentTypeScheme="parse">Structured graphics</r3d:contentType>
    <r3d:contentType contentTypeScheme="parse">Audiovisual data</r3d:contentType>
    <r3d:contentType contentTypeScheme="parse">Scientific and statistical data formats</r3d:contentType>
    <r3d:contentType contentTypeScheme="parse">Raw data</r3d:contentType>
    <r3d:contentType contentTypeScheme="parse">Plain text</r3d:contentType>
    <r3d:providerType>serviceProvider</r3d:providerType>
    <r3d:keyword>census data</r3d:keyword>
    <r3d:keyword>statistics</r3d:keyword>
    <r3d:keyword>population</r3d:keyword>
    <r3d:keyword>elections</r3d:keyword>
    <r3d:keyword>micro data</r3d:keyword>
    <r3d:keyword>macro data</r3d:keyword>
    <r3d:institution>
        <r3d:institutionName language="eng">CESSDA Team</r3d:institutionName>
        <r3d:institutionAdditionalName language="eng">cessda</r3d:institutionAdditionalName>
        <r3d:institutionAdditionalName language="eng">Council of European Social Science Data</r3d:institutionAdditionalName>
        <r3d:institutionCountry>EEC</r3d:institutionCountry>
        <r3d:responsibilityType>general</r3d:responsibilityType>
        <r3d:responsibilityType>technical</r3d:responsibilityType>
        <r3d:institutionType>non-profit</r3d:institutionType>
        <r3d:institutionURL>https://www.cessda.eu/About/Team</r3d:institutionURL>
        <r3d:responsibilityStartDate>2004</r3d:responsibilityStartDate>
        <r3d:responsibilityEndDate></r3d:responsibilityEndDate>
        <r3d:institutionContact>cessda@cessda.net</r3d:institutionContact>
    </r3d:institution>
    <r3d:institution>
        <r3d:institutionName language="eng">CESSDA Consortium</r3d:institutionName>
        <r3d:institutionCountry>EEC</r3d:institutionCountry>
        <r3d:responsibilityType>general</r3d:responsibilityType>
        <r3d:institutionType>non-profit</r3d:institutionType>
        <r3d:institutionURL>https://www.cessda.eu/Consortium</r3d:institutionURL>
        <r3d:responsibilityStartDate>2004</r3d:responsibilityStartDate>
        <r3d:responsibilityEndDate></r3d:responsibilityEndDate>
    </r3d:institution>
    <r3d:policy>
        <r3d:policyName>OECD Principles and Guidelines for Access to Research Data from Public Funding</r3d:policyName>
        <r3d:policyURL>http://www.oecd.org/sti/sci-tech/38500813.pdf</r3d:policyURL>
    </r3d:policy>
    <r3d:policy>
        <r3d:policyName>Statutes for CESSDA</r3d:policyName>
        <r3d:policyURL>https://www.cessda.eu/content/download/89/473/file/Statutes-for-CESSDA.pdf</r3d:policyURL>
    </r3d:policy>
    <r3d:policy>
        <r3d:policyName>CESSDA Data Access Policy</r3d:policyName>
        <r3d:policyURL>https://www.cessda.eu/eng/Projects/All-projects/CESSDA-SaW/WP3/CESSDA-CDM/Part-2-CRA2-Digital-Object-Management/CPA2.3-Access</r3d:policyURL>
    </r3d:policy>
    <r3d:policy>
        <r3d:policyName>Access and re-use</r3d:policyName>
        <r3d:policyURL>https://www.cessda.eu/content/download/500/4485/file/CESSDA%20User%20Guide%20for%20digital%20preservation_5_Access%20and%20reuse.pdf</r3d:policyURL>
    </r3d:policy>
    <r3d:databaseAccess>
        <r3d:databaseAccessType>open</r3d:databaseAccessType>
    </r3d:databaseAccess>
    <r3d:dataAccess>
    <r3d:dataAccessType>open</r3d:dataAccessType>
    </r3d:dataAccess>
    <r3d:dataAccess>
    <r3d:dataAccessType>restricted</r3d:dataAccessType>
    <r3d:dataAccessRestriction>registration</r3d:dataAccessRestriction>
    </r3d:dataAccess>
    <r3d:dataAccess>
    <r3d:dataAccessType>restricted</r3d:dataAccessType>
    <r3d:dataAccessRestriction>other</r3d:dataAccessRestriction>
    </r3d:dataAccess>
    <r3d:dataLicense>
        <r3d:dataLicenseName>other</r3d:dataLicenseName>
        <r3d:dataLicenseURL>https://www.cessda.eu/content/download/500/4485/file/CESSDA%20User%20Guide%20for%20digital%20preservation_5_Access%20and%20reuse.pdf</r3d:dataLicenseURL>
    </r3d:dataLicense>
    <r3d:dataLicense>
        <r3d:dataLicenseName>CC</r3d:dataLicenseName>
        <r3d:dataLicenseURL>https://creativecommons.org/</r3d:dataLicenseURL>
    </r3d:dataLicense>
    <r3d:dataLicense>
        <r3d:dataLicenseName>ODC</r3d:dataLicenseName>
        <r3d:dataLicenseURL>https://opendatacommons.org/licenses/</r3d:dataLicenseURL>
    </r3d:dataLicense>
    <r3d:dataUpload>
        <r3d:dataUploadType>restricted</r3d:dataUploadType>
        <r3d:dataUploadRestriction>registration</r3d:dataUploadRestriction>
    </r3d:dataUpload>
    <r3d:software>
        <r3d:softwareName>unknown</r3d:softwareName>
    </r3d:software>
    <r3d:versioning></r3d:versioning>
    <r3d:pidSystem>none</r3d:pidSystem>
    <r3d:citationGuidelineURL>https://www.cessda.eu/Projects/All-projects/CESSDA-SaW/WP4/Tutorial-Access-and-Dissemination/Data-re-use</r3d:citationGuidelineURL>
    <r3d:enhancedPublication>unknown</r3d:enhancedPublication>
    <r3d:qualityManagement>yes</r3d:qualityManagement>
    <r3d:metadataStandard>
      <r3d:metadataStandardName metadataStandardScheme="DCC">DDI - Data Documentation Initiative</r3d:metadataStandardName>
      <r3d:metadataStandardURL>http://www.dcc.ac.uk/resources/metadata-standards/ddi-data-documentation-initiative</r3d:metadataStandardURL>
    </r3d:metadataStandard>
    <r3d:remarks>CESSDA  was an umbrella organisation for European social science data archives and provides a seamless interface to datasets from social science data archives across Europe. CESSDA moved into a new organisation known as CESSDA European Research Infrastructure Consortium (CESSDA ERIC).  //   Data Catalogue :  At CESSDA, we are working on building a new and improved Products and Services Catalogue, as part of a wide-ranging plan to establish a common infrastructure for CESSDA members. It is due to go into service in late 2017/early 2018: https://www.cessda.eu/Research-Infrastructure/Products-Services
In the meantime, we would kindly like to ask researchers to go directly to the data sources hosted by the Service Providers listed below and search for data there https://www.cessda.eu/Consortium</r3d:remarks>
    <r3d:entryDate>2013-02-07</r3d:entryDate>
    <r3d:lastUpdate>2017-08-24</r3d:lastUpdate>
  </r3d:repository>
</r3d:re3data>