<?xml version="1.0" encoding="utf-8"?>
<!--re3data.org Schema for the Description of Research Data Repositories. Version 2.2, December 2014. doi:10.2312/re3.006-->
<r3d:re3data xmlns:r3d="http://www.re3data.org/schema/2-2" xmlns:xsi="http://www.w3.org/2001/XMLSchema-instance" xsi:schemaLocation="http://www.re3data.org/schema/2-2 http://schema.re3data.org/2-2/re3dataV2-2.xsd">
  <r3d:repository>
    <r3d:re3data.orgIdentifier>r3d100010134</r3d:re3data.orgIdentifier>
    <r3d:repositoryName language="eng">PANGAEA</r3d:repositoryName>
    <r3d:additionalName language="eng">Data Publisher for Earth and Environmental Science</r3d:additionalName>
    <r3d:repositoryURL>https://www.pangaea.de/</r3d:repositoryURL>
    <r3d:repositoryIdentifier>biodbcore-000633</r3d:repositoryIdentifier>
    <r3d:description language="eng">The information system PANGAEA is operated as an Open Access library aimed at archiving, publishing and distributing georeferenced data from earth system research. The system guarantees long-term availability of its content through a commitment  of the operating institutions.</r3d:description>
    <r3d:type>disciplinary</r3d:type>
    <r3d:size updated=""></r3d:size>
    <r3d:startDate>1996</r3d:startDate>
    <r3d:endDate></r3d:endDate>
    <r3d:repositoryLanguage>eng</r3d:repositoryLanguage>
    <r3d:subject subjectScheme="DFG">31302 Oceanography</r3d:subject>
    <r3d:subject subjectScheme="DFG">31401 Geology and Palaeontology</r3d:subject>
    <r3d:subject subjectScheme="DFG">31501 Geophysics</r3d:subject>
    <r3d:subject subjectScheme="DFG">31601 Geochemistry, Mineralogy and Crystallography</r3d:subject>
    <r3d:subject subjectScheme="DFG">21 Biology</r3d:subject>
    <r3d:subject subjectScheme="DFG">313 Atmospheric Science and Oceanography</r3d:subject>
    <r3d:subject subjectScheme="DFG">34 Geosciences (including Geography)</r3d:subject>
    <r3d:subject subjectScheme="DFG">3 Natural Sciences</r3d:subject>
    <r3d:subject subjectScheme="DFG">314 Geology and Palaeontology</r3d:subject>
    <r3d:subject subjectScheme="DFG">315 Geophysics and Geodesy</r3d:subject>
    <r3d:subject subjectScheme="DFG">316 Geochemistry, Mineralogy and Crystallography</r3d:subject>
    <r3d:subject subjectScheme="DFG">2 Life Sciences</r3d:subject>
    <r3d:missionStatementURL></r3d:missionStatementURL>
    <r3d:contentType contentTypeScheme="parse">Standard office documents</r3d:contentType>
    <r3d:contentType contentTypeScheme="parse">Images</r3d:contentType>
    <r3d:contentType contentTypeScheme="parse">Plain text</r3d:contentType>
    <r3d:contentType contentTypeScheme="parse">Archived data</r3d:contentType>
    <r3d:contentType contentTypeScheme="parse">Audiovisual data</r3d:contentType>
    <r3d:providerType>dataProvider</r3d:providerType>
    <r3d:keyword>lithosphere</r3d:keyword>
    <r3d:keyword>paleontology</r3d:keyword>
    <r3d:keyword>atmosphere</r3d:keyword>
    <r3d:keyword>ecology</r3d:keyword>
    <r3d:keyword>biosphere</r3d:keyword>
    <r3d:keyword>land surface</r3d:keyword>
    <r3d:keyword>cryosphere</r3d:keyword>
    <r3d:keyword>fisheries</r3d:keyword>
    <r3d:keyword>agriculture</r3d:keyword>
    <r3d:keyword>earth science</r3d:keyword>
    <r3d:keyword>environmental science</r3d:keyword>
    <r3d:keyword>biology</r3d:keyword>
    <r3d:institution>
        <r3d:institutionName language="eng">Alfred Wegener Institute - Helmholtz Centre for Polar and Marine Research</r3d:institutionName>
        <r3d:institutionAdditionalName language="deu">AWI</r3d:institutionAdditionalName>
        <r3d:institutionAdditionalName language="deu">Alfred-Wegener-Institut Helmholtz-Zentrum für Polar- und Meeresforschung</r3d:institutionAdditionalName>
        <r3d:institutionCountry>DEU</r3d:institutionCountry>
        <r3d:responsibilityType>general</r3d:responsibilityType>
        <r3d:responsibilityType>technical</r3d:responsibilityType>
        <r3d:institutionType>non-profit</r3d:institutionType>
        <r3d:institutionURL>https://www.awi.de/en.html</r3d:institutionURL>
        <r3d:responsibilityStartDate></r3d:responsibilityStartDate>
        <r3d:responsibilityEndDate></r3d:responsibilityEndDate>
        <r3d:institutionContact>hgrobe@pangaea.de</r3d:institutionContact>
    </r3d:institution>
    <r3d:institution>
        <r3d:institutionName language="eng">MARUM</r3d:institutionName>
        <r3d:institutionAdditionalName language="deu">Universität Bremen, Zentrum für Marine Umweltwissenschaften</r3d:institutionAdditionalName>
        <r3d:institutionAdditionalName language="eng">Universität Bremen, Center for Marine Environmental Sciences</r3d:institutionAdditionalName>
        <r3d:institutionCountry>DEU</r3d:institutionCountry>
        <r3d:responsibilityType>general</r3d:responsibilityType>
        <r3d:institutionType>non-profit</r3d:institutionType>
        <r3d:institutionURL>https://www.marum.de/index.html</r3d:institutionURL>
        <r3d:responsibilityStartDate></r3d:responsibilityStartDate>
        <r3d:responsibilityEndDate></r3d:responsibilityEndDate>
        <r3d:institutionContact>mdiepenbroek@pangaea.de</r3d:institutionContact>
    </r3d:institution>
    <r3d:policy>
        <r3d:policyName>Data policy of the information system PANGAEA</r3d:policyName>
        <r3d:policyURL>https://secure.pangaea.de/curator/files/pangaea-data-policy.pdf</r3d:policyURL>
    </r3d:policy>
    <r3d:databaseAccess>
        <r3d:databaseAccessType>open</r3d:databaseAccessType>
    </r3d:databaseAccess>
    <r3d:dataAccess>
    <r3d:dataAccessType>open</r3d:dataAccessType>
    </r3d:dataAccess>
    <r3d:dataLicense>
        <r3d:dataLicenseName>CC</r3d:dataLicenseName>
        <r3d:dataLicenseURL>https://creativecommons.org/licenses/by/3.0/</r3d:dataLicenseURL>
    </r3d:dataLicense>
    <r3d:dataLicense>
        <r3d:dataLicenseName>CC</r3d:dataLicenseName>
        <r3d:dataLicenseURL>https://creativecommons.org/licenses/by-nc/3.0/</r3d:dataLicenseURL>
    </r3d:dataLicense>
    <r3d:dataLicense>
        <r3d:dataLicenseName>CC</r3d:dataLicenseName>
        <r3d:dataLicenseURL>https://wiki.pangaea.de/wiki/License</r3d:dataLicenseURL>
    </r3d:dataLicense>
    <r3d:dataUpload>
        <r3d:dataUploadType>restricted</r3d:dataUploadType>
        <r3d:dataUploadRestriction>registration</r3d:dataUploadRestriction>
    </r3d:dataUpload>
    <r3d:dataUploadLicense>
        <r3d:dataUploadLicenseName>Data Submission</r3d:dataUploadLicenseName>
        <r3d:dataUploadLicenseURL>https://wiki.pangaea.de/wiki/Data_submission</r3d:dataUploadLicenseURL>
    </r3d:dataUploadLicense>
    <r3d:software>
        <r3d:softwareName>other</r3d:softwareName>
    </r3d:software>
    <r3d:versioning>yes</r3d:versioning>
    <r3d:api apiType="OAI-PMH">http://ws.pangaea.de/oai/</r3d:api>
    <r3d:pidSystem>DOI</r3d:pidSystem>
    <r3d:citationGuidelineURL>https://wiki.pangaea.de/wiki/Citation</r3d:citationGuidelineURL>
    <r3d:aidSystem>ORCID</r3d:aidSystem>
    <r3d:enhancedPublication>unknown</r3d:enhancedPublication>
    <r3d:qualityManagement>yes</r3d:qualityManagement>
    <r3d:certificate>WDS</r3d:certificate>
    <r3d:certificate>other</r3d:certificate>
    <r3d:metadataStandard>
      <r3d:metadataStandardName metadataStandardScheme="DCC">ISO 19115</r3d:metadataStandardName>
      <r3d:metadataStandardURL>http://www.dcc.ac.uk/resources/metadata-standards/iso-19115</r3d:metadataStandardURL>
    </r3d:metadataStandard>
    <r3d:metadataStandard>
      <r3d:metadataStandardName metadataStandardScheme="DCC">Dublin Core</r3d:metadataStandardName>
      <r3d:metadataStandardURL>http://www.dcc.ac.uk/resources/metadata-standards/dublin-core</r3d:metadataStandardURL>
    </r3d:metadataStandard>
    <r3d:metadataStandard>
      <r3d:metadataStandardName metadataStandardScheme="DCC">DIF - Directory Interchange Format</r3d:metadataStandardName>
      <r3d:metadataStandardURL>http://www.dcc.ac.uk/resources/metadata-standards/dif-directory-interchange-format</r3d:metadataStandardURL>
    </r3d:metadataStandard>
    <r3d:syndication syndicationType="RSS">https://www.pangaea.de/tools/latest-datasets.rss</r3d:syndication>
    <r3d:remarks>Pangaea is covered by Thomson Reuters Data Citation Index. Pangaea is covered by SCOPUS. Pangaea is covered by Elsevier DataSearch. Data of World Data Center for Marine Environmental Sciences (WDC-MARE) are available via the data library PANGAEA which will be operated as a member of the new WDS (World Data System)</r3d:remarks>
    <r3d:entryDate>2012-07-16</r3d:entryDate>
    <r3d:lastUpdate>2017-11-15</r3d:lastUpdate>
  </r3d:repository>
</r3d:re3data>