<?xml version="1.0" encoding="utf-8"?>
<!--re3data.org Schema for the Description of Research Data Repositories. Version 2.2, December 2014. doi:10.2312/re3.006-->
<r3d:re3data xmlns:r3d="http://www.re3data.org/schema/2-2" xmlns:xsi="http://www.w3.org/2001/XMLSchema-instance" xsi:schemaLocation="http://www.re3data.org/schema/2-2 http://schema.re3data.org/2-2/re3dataV2-2.xsd">
  <r3d:repository>
    <r3d:re3data.orgIdentifier>r3d100010477</r3d:re3data.orgIdentifier>
    <r3d:repositoryName language="eng">ANU Data Commons</r3d:repositoryName>
    <r3d:additionalName language="eng">Australian National University Data Commons</r3d:additionalName>
    <r3d:repositoryURL>https://datacommons.anu.edu.au/DataCommons/</r3d:repositoryURL>
    <r3d:description language="eng">The Australian National University undertake work to collect and publish metadata about research data held by ANU, and in the case of four discipline areas, Earth Sciences, Astronomy, Phenomics and Digital Humanities to develop pipelines and tools to enable the publication of research data using a common and repeatable approach. Aims and outcomes: To identify and describe research data held at ANU, to develop a consistent approach to the publication of metadata on the University&#039;s data holdings: Identification and curation of significant orphan data sets that might otherwise be lost or inadvertently destroyed, to develop a culture of data data sharing and data re-use.</r3d:description>
    <r3d:repositoryContact>http://www.anu.edu.au/contact/</r3d:repositoryContact>
    <r3d:type>institutional</r3d:type>
    <r3d:size updated=""></r3d:size>
    <r3d:startDate>2012</r3d:startDate>
    <r3d:endDate></r3d:endDate>
    <r3d:repositoryLanguage>eng</r3d:repositoryLanguage>
    <r3d:subject subjectScheme="DFG">34 Geosciences (including Geography)</r3d:subject>
    <r3d:subject subjectScheme="DFG">11 Humanities</r3d:subject>
    <r3d:subject subjectScheme="DFG">311 Astrophysics and Astronomy</r3d:subject>
    <r3d:subject subjectScheme="DFG">21 Biology</r3d:subject>
    <r3d:subject subjectScheme="DFG">3 Natural Sciences</r3d:subject>
    <r3d:subject subjectScheme="DFG">1 Humanities and Social Sciences</r3d:subject>
    <r3d:subject subjectScheme="DFG">32 Physics</r3d:subject>
    <r3d:subject subjectScheme="DFG">2 Life Sciences</r3d:subject>
    <r3d:missionStatementURL>https://datacommons.anu.edu.au/DataCommons/</r3d:missionStatementURL>
    <r3d:contentType contentTypeScheme="parse">Standard office documents</r3d:contentType>
    <r3d:contentType contentTypeScheme="parse">Databases</r3d:contentType>
    <r3d:contentType contentTypeScheme="parse">Images</r3d:contentType>
    <r3d:contentType contentTypeScheme="parse">Structured graphics</r3d:contentType>
    <r3d:contentType contentTypeScheme="parse">Scientific and statistical data formats</r3d:contentType>
    <r3d:contentType contentTypeScheme="parse">Raw data</r3d:contentType>
    <r3d:contentType contentTypeScheme="parse">Plain text</r3d:contentType>
    <r3d:contentType contentTypeScheme="parse">Structured text</r3d:contentType>
    <r3d:contentType contentTypeScheme="parse">Archived data</r3d:contentType>
    <r3d:contentType contentTypeScheme="parse">other</r3d:contentType>
    <r3d:providerType>dataProvider</r3d:providerType>
    <r3d:providerType>serviceProvider</r3d:providerType>
    <r3d:keyword>earth sciences</r3d:keyword>
    <r3d:keyword>seismology</r3d:keyword>
    <r3d:keyword>astronomy</r3d:keyword>
    <r3d:keyword>phenomics</r3d:keyword>
    <r3d:keyword>digital humanities</r3d:keyword>
    <r3d:institution>
        <r3d:institutionName language="eng">Australian National University, Division of Information</r3d:institutionName>
        <r3d:institutionAdditionalName language="eng">ANU</r3d:institutionAdditionalName>
        <r3d:institutionCountry>AUS</r3d:institutionCountry>
        <r3d:responsibilityType>general</r3d:responsibilityType>
        <r3d:responsibilityType>technical</r3d:responsibilityType>
        <r3d:institutionType>non-profit</r3d:institutionType>
        <r3d:institutionURL>http://www.anu.edu.au/</r3d:institutionURL>
        <r3d:responsibilityStartDate></r3d:responsibilityStartDate>
        <r3d:responsibilityEndDate></r3d:responsibilityEndDate>
    </r3d:institution>
    <r3d:institution>
        <r3d:institutionName language="eng">Australian National Data Service</r3d:institutionName>
        <r3d:institutionAdditionalName language="eng">ANDS</r3d:institutionAdditionalName>
        <r3d:institutionCountry>AUS</r3d:institutionCountry>
        <r3d:responsibilityType>funding</r3d:responsibilityType>
        <r3d:institutionType>non-profit</r3d:institutionType>
        <r3d:institutionURL>http://ands.org.au/</r3d:institutionURL>
        <r3d:responsibilityStartDate></r3d:responsibilityStartDate>
        <r3d:responsibilityEndDate></r3d:responsibilityEndDate>
        <r3d:institutionContact>doug.moncur@anu.edu.au</r3d:institutionContact>
    </r3d:institution>
    <r3d:institution>
        <r3d:institutionName language="eng">IARU</r3d:institutionName>
        <r3d:institutionAdditionalName language="eng">International Alliance of Research Universities</r3d:institutionAdditionalName>
        <r3d:institutionCountry>AAA</r3d:institutionCountry>
        <r3d:responsibilityType>general</r3d:responsibilityType>
        <r3d:institutionType>non-profit</r3d:institutionType>
        <r3d:institutionURL>http://www.iaruni.org/</r3d:institutionURL>
        <r3d:responsibilityStartDate></r3d:responsibilityStartDate>
        <r3d:responsibilityEndDate></r3d:responsibilityEndDate>
    </r3d:institution>
    <r3d:institution>
        <r3d:institutionName language="eng">Group of Eight Australia</r3d:institutionName>
        <r3d:institutionAdditionalName language="eng">Go8</r3d:institutionAdditionalName>
        <r3d:institutionCountry>AUS</r3d:institutionCountry>
        <r3d:responsibilityType>general</r3d:responsibilityType>
        <r3d:institutionType>non-profit</r3d:institutionType>
        <r3d:institutionURL>https://go8.edu.au/</r3d:institutionURL>
        <r3d:responsibilityStartDate></r3d:responsibilityStartDate>
        <r3d:responsibilityEndDate></r3d:responsibilityEndDate>
    </r3d:institution>
    <r3d:policy>
        <r3d:policyName>ANU Data Management Policy </r3d:policyName>
        <r3d:policyURL>http://libguides.anu.edu.au/content.php?pid=372387&amp;sid=3050562</r3d:policyURL>
    </r3d:policy>
    <r3d:policy>
        <r3d:policyName>Australian Code for the Responsible Conduct of Research</r3d:policyName>
        <r3d:policyURL>http://libguides.anu.edu.au/content.php?pid=372387&amp;sid=3050520</r3d:policyURL>
    </r3d:policy>
    <r3d:databaseAccess>
        <r3d:databaseAccessType>open</r3d:databaseAccessType>
    </r3d:databaseAccess>
    <r3d:dataAccess>
    <r3d:dataAccessType>open</r3d:dataAccessType>
    </r3d:dataAccess>
    <r3d:dataAccess>
    <r3d:dataAccessType>restricted</r3d:dataAccessType>
    <r3d:dataAccessRestriction>registration</r3d:dataAccessRestriction>
    </r3d:dataAccess>
    <r3d:dataAccess>
    <r3d:dataAccessType>closed</r3d:dataAccessType>
    </r3d:dataAccess>
    <r3d:dataLicense>
        <r3d:dataLicenseName>other</r3d:dataLicenseName>
        <r3d:dataLicenseURL>http://libguides.anu.edu.au/content.php?pid=372387&amp;sid=3050562</r3d:dataLicenseURL>
    </r3d:dataLicense>
    <r3d:dataLicense>
        <r3d:dataLicenseName>other</r3d:dataLicenseName>
        <r3d:dataLicenseURL>http://libguides.anu.edu.au/content.php?pid=372387&amp;sid=3134975</r3d:dataLicenseURL>
    </r3d:dataLicense>
    <r3d:dataLicense>
        <r3d:dataLicenseName>CC</r3d:dataLicenseName>
        <r3d:dataLicenseURL>http://creativecommons.org/</r3d:dataLicenseURL>
    </r3d:dataLicense>
    <r3d:dataLicense>
        <r3d:dataLicenseName>Copyrights</r3d:dataLicenseName>
        <r3d:dataLicenseURL>http://libguides.anu.edu.au/content.php?pid=372387&amp;sid=3050535</r3d:dataLicenseURL>
    </r3d:dataLicense>
    <r3d:dataLicense>
        <r3d:dataLicenseName>Copyrights</r3d:dataLicenseName>
        <r3d:dataLicenseURL>http://legaloffice.weblogs.anu.edu.au/content/copyright/</r3d:dataLicenseURL>
    </r3d:dataLicense>
    <r3d:dataUpload>
        <r3d:dataUploadType>restricted</r3d:dataUploadType>
        <r3d:dataUploadRestriction>registration</r3d:dataUploadRestriction>
    </r3d:dataUpload>
    <r3d:dataUploadLicense>
        <r3d:dataUploadLicenseName>Data Deposit Requirements of Selected Science Journals </r3d:dataUploadLicenseName>
        <r3d:dataUploadLicenseURL>http://libguides.anu.edu.au/content.php?pid=372387&amp;sid=3050531</r3d:dataUploadLicenseURL>
    </r3d:dataUploadLicense>
    <r3d:software>
        <r3d:softwareName>Fedora</r3d:softwareName>
    </r3d:software>
    <r3d:versioning></r3d:versioning>
    <r3d:pidSystem>DOI</r3d:pidSystem>
    <r3d:citationGuidelineURL>http://libguides.anu.edu.au/content.php?pid=372387&amp;sid=3050508</r3d:citationGuidelineURL>
    <r3d:enhancedPublication>yes</r3d:enhancedPublication>
    <r3d:qualityManagement>yes</r3d:qualityManagement>
    <r3d:metadataStandard>
      <r3d:metadataStandardName metadataStandardScheme="DCC">Dublin Core</r3d:metadataStandardName>
      <r3d:metadataStandardURL>http://www.dcc.ac.uk/resources/metadata-standards/dublin-core</r3d:metadataStandardURL>
    </r3d:metadataStandard>
    <r3d:metadataStandard>
      <r3d:metadataStandardName metadataStandardScheme="DCC">DDI - Data Documentation Initiative</r3d:metadataStandardName>
      <r3d:metadataStandardURL>http://www.dcc.ac.uk/resources/metadata-standards/ddi-data-documentation-initiative</r3d:metadataStandardURL>
    </r3d:metadataStandard>
    <r3d:metadataStandard>
      <r3d:metadataStandardName metadataStandardScheme="DCC">other</r3d:metadataStandardName>
      <r3d:metadataStandardURL>other</r3d:metadataStandardURL>
    </r3d:metadataStandard>
    <r3d:metadataStandard>
      <r3d:metadataStandardName metadataStandardScheme="DCC">other</r3d:metadataStandardName>
      <r3d:metadataStandardURL>other</r3d:metadataStandardURL>
    </r3d:metadataStandard>
    <r3d:remarks>This project is supported by the Australian National Data Service (ANDS). ANDS is supported by the Australian Government through the National Collaborative Research Infrastructure Strategy Program and the Education Investment Fund (EIF) Super Science Initiative.
The ANU Data Commons has been under construction in 2012 an got an new release at the end of 2012. The real start date was not found.</r3d:remarks>
    <r3d:entryDate>2013-06-28</r3d:entryDate>
    <r3d:lastUpdate>2015-04-24</r3d:lastUpdate>
  </r3d:repository>
</r3d:re3data>