<?xml version="1.0" encoding="utf-8"?>
<!--re3data.org Schema for the Description of Research Data Repositories. Version 2.2, December 2014. doi:10.2312/re3.006-->
<r3d:re3data xmlns:r3d="http://www.re3data.org/schema/2-2" xmlns:xsi="http://www.w3.org/2001/XMLSchema-instance" xsi:schemaLocation="http://www.re3data.org/schema/2-2 http://schema.re3data.org/2-2/re3dataV2-2.xsd">
  <r3d:repository>
    <r3d:re3data.orgIdentifier>r3d100010292</r3d:re3data.orgIdentifier>
    <r3d:repositoryName language="eng">Marine Geology and Geophysics</r3d:repositoryName>
    <r3d:additionalName language="eng">formerly: NOAA National Geophysical Data Center</r3d:additionalName>
    <r3d:additionalName language="eng">formerly: NGDC</r3d:additionalName>
    <r3d:additionalName language="eng">World Data Service for Geophysics</r3d:additionalName>
    <r3d:repositoryURL>https://www.ngdc.noaa.gov/mgg/mggd.html</r3d:repositoryURL>
    <r3d:description language="eng">The NOAA National Centers for Environmental Information (formerly the National Geophysical Data Center) provide scientific stewardship, products and services for sea floor and lakebed data, including geophysics (gravity, magnetics, seismic reflection, bathymetry, water column sonar), and data derived from sediment and rock samples. 
NCEI compiles coastal and global digital elevation models, high-resolution models for tsunami inundation studies, provides stewardship for NOS data supporting charts and navigation, and is the US national long-term archive for MGG data</r3d:description>
    <r3d:repositoryContact>mgg.info@noaa.gov</r3d:repositoryContact>
    <r3d:repositoryContact>https://www.ngdc.noaa.gov/mgg/aboutmgg/contacts.html</r3d:repositoryContact>
    <r3d:type>disciplinary</r3d:type>
    <r3d:size updated=""></r3d:size>
    <r3d:startDate>2011</r3d:startDate>
    <r3d:endDate></r3d:endDate>
    <r3d:repositoryLanguage>eng</r3d:repositoryLanguage>
    <r3d:subject subjectScheme="DFG">315 Geophysics and Geodesy</r3d:subject>
    <r3d:subject subjectScheme="DFG">31302 Oceanography</r3d:subject>
    <r3d:subject subjectScheme="DFG">34 Geosciences (including Geography)</r3d:subject>
    <r3d:subject subjectScheme="DFG">3 Natural Sciences</r3d:subject>
    <r3d:subject subjectScheme="DFG">313 Atmospheric Science and Oceanography</r3d:subject>
    <r3d:missionStatementURL>https://www.ngdc.noaa.gov/mgg/aboutmgg/nsfmgg.html</r3d:missionStatementURL>
    <r3d:contentType contentTypeScheme="parse">Images</r3d:contentType>
    <r3d:contentType contentTypeScheme="parse">Plain text</r3d:contentType>
    <r3d:contentType contentTypeScheme="parse">Structured text</r3d:contentType>
    <r3d:contentType contentTypeScheme="parse">Audiovisual data</r3d:contentType>
    <r3d:providerType>dataProvider</r3d:providerType>
    <r3d:keyword>Geophysics</r3d:keyword>
    <r3d:institution>
        <r3d:institutionName language="eng">National Centers for Environmental Information</r3d:institutionName>
        <r3d:institutionAdditionalName language="eng">NCEI</r3d:institutionAdditionalName>
        <r3d:institutionCountry>AFG</r3d:institutionCountry>
        <r3d:responsibilityType>general</r3d:responsibilityType>
        <r3d:institutionType>non-profit</r3d:institutionType>
        <r3d:institutionURL>https://www.ncei.noaa.gov/</r3d:institutionURL>
        <r3d:responsibilityStartDate>2016</r3d:responsibilityStartDate>
        <r3d:responsibilityEndDate></r3d:responsibilityEndDate>
        <r3d:institutionContact>ncei.info@noaa.gov</r3d:institutionContact>
    </r3d:institution>
    <r3d:institution>
        <r3d:institutionName language="eng">National Environmental Satellite, Data and Information Service</r3d:institutionName>
        <r3d:institutionAdditionalName language="eng">NESDIS</r3d:institutionAdditionalName>
        <r3d:institutionCountry>USA</r3d:institutionCountry>
        <r3d:responsibilityType>general</r3d:responsibilityType>
        <r3d:institutionType>non-profit</r3d:institutionType>
        <r3d:institutionURL>https://www.nesdis.noaa.gov/</r3d:institutionURL>
        <r3d:responsibilityStartDate></r3d:responsibilityStartDate>
        <r3d:responsibilityEndDate></r3d:responsibilityEndDate>
    </r3d:institution>
    <r3d:institution>
        <r3d:institutionName language="eng">National Oceanic &amp; Atmospheric Administration</r3d:institutionName>
        <r3d:institutionAdditionalName language="eng">NOAA</r3d:institutionAdditionalName>
        <r3d:institutionCountry>USA</r3d:institutionCountry>
        <r3d:responsibilityType>general</r3d:responsibilityType>
        <r3d:responsibilityType>technical</r3d:responsibilityType>
        <r3d:institutionType>non-profit</r3d:institutionType>
        <r3d:institutionURL>http://www.noaa.gov/</r3d:institutionURL>
        <r3d:institutionIdentifier>RRID:SCR_011426</r3d:institutionIdentifier>
        <r3d:institutionIdentifier>RRID:nlx_156904</r3d:institutionIdentifier>
        <r3d:responsibilityStartDate></r3d:responsibilityStartDate>
        <r3d:responsibilityEndDate></r3d:responsibilityEndDate>
        <r3d:institutionContact>ngdc.info@noaa.gov</r3d:institutionContact>
    </r3d:institution>
    <r3d:policy>
        <r3d:policyName>Privacy Policy | Disclaimer | Copyright</r3d:policyName>
        <r3d:policyURL>https://www.ngdc.noaa.gov/ngdcinfo/privacy.html</r3d:policyURL>
    </r3d:policy>
    <r3d:policy>
        <r3d:policyName>Certification of WDS Members</r3d:policyName>
        <r3d:policyURL>http://www.icsu-wds.org/services/certification/certification</r3d:policyURL>
    </r3d:policy>
    <r3d:databaseAccess>
        <r3d:databaseAccessType>open</r3d:databaseAccessType>
    </r3d:databaseAccess>
    <r3d:dataAccess>
    <r3d:dataAccessType>open</r3d:dataAccessType>
    </r3d:dataAccess>
    <r3d:dataAccess>
    <r3d:dataAccessType>restricted</r3d:dataAccessType>
    <r3d:dataAccessRestriction>feeRequired</r3d:dataAccessRestriction>
    </r3d:dataAccess>
    <r3d:dataLicense>
        <r3d:dataLicenseName>Public Domain</r3d:dataLicenseName>
        <r3d:dataLicenseURL>https://www.ngdc.noaa.gov/ngdcinfo/privacy.html#copyright</r3d:dataLicenseURL>
    </r3d:dataLicense>
    <r3d:dataLicense>
        <r3d:dataLicenseName>Copyrights</r3d:dataLicenseName>
        <r3d:dataLicenseURL>https://www.ngdc.noaa.gov/ngdcinfo/privacy.html#copyright</r3d:dataLicenseURL>
    </r3d:dataLicense>
    <r3d:dataLicense>
        <r3d:dataLicenseName>other</r3d:dataLicenseName>
        <r3d:dataLicenseURL>https://www.ngdc.noaa.gov/ngdcinfo/privacy.html#copyright</r3d:dataLicenseURL>
    </r3d:dataLicense>
    <r3d:dataUpload>
        <r3d:dataUploadType>restricted</r3d:dataUploadType>
        <r3d:dataUploadRestriction>other</r3d:dataUploadRestriction>
    </r3d:dataUpload>
    <r3d:dataUploadLicense>
        <r3d:dataUploadLicenseName>Guidelines for Contributing Marine Geological and Geophysical Data to the National Centers for Environmental Information (NCEI)</r3d:dataUploadLicenseName>
        <r3d:dataUploadLicenseURL>https://www.ngdc.noaa.gov/mgg/aboutmgg/contrib.html</r3d:dataUploadLicenseURL>
    </r3d:dataUploadLicense>
    <r3d:software>
        <r3d:softwareName>unknown</r3d:softwareName>
    </r3d:software>
    <r3d:versioning></r3d:versioning>
    <r3d:api apiType="FTP">ftp://ftp.ngdc.noaa.gov/pub/outgoing/</r3d:api>
    <r3d:api apiType="FTP">ftp://ftp.ngdc.noaa.gov/</r3d:api>
    <r3d:pidSystem>DOI</r3d:pidSystem>
    <r3d:citationGuidelineURL>https://nosc.noaa.gov/EDMC/documents/EDMC-PD-DataCitation-1.0.pdf</r3d:citationGuidelineURL>
    <r3d:enhancedPublication>unknown</r3d:enhancedPublication>
    <r3d:qualityManagement>yes</r3d:qualityManagement>
    <r3d:certificate>WDS</r3d:certificate>
    <r3d:metadataStandard>
      <r3d:metadataStandardName metadataStandardScheme="DCC">DIF - Directory Interchange Format</r3d:metadataStandardName>
      <r3d:metadataStandardURL>http://www.dcc.ac.uk/resources/metadata-standards/dif-directory-interchange-format</r3d:metadataStandardURL>
    </r3d:metadataStandard>
    <r3d:metadataStandard>
      <r3d:metadataStandardName metadataStandardScheme="DCC">EML - Ecological Metadata Language</r3d:metadataStandardName>
      <r3d:metadataStandardURL>http://www.dcc.ac.uk/resources/metadata-standards/eml-ecological-metadata-language</r3d:metadataStandardURL>
    </r3d:metadataStandard>
    <r3d:metadataStandard>
      <r3d:metadataStandardName metadataStandardScheme="DCC">FGDC/CSDGM - Federal Geographic Data Committee Content Standard for Digital Geospatial Metadata</r3d:metadataStandardName>
      <r3d:metadataStandardURL>http://www.dcc.ac.uk/resources/metadata-standards/fgdccsdgm-federal-geographic-data-committee-content-standard-digital-ge</r3d:metadataStandardURL>
    </r3d:metadataStandard>
    <r3d:metadataStandard>
      <r3d:metadataStandardName metadataStandardScheme="DCC">ISO 19115</r3d:metadataStandardName>
      <r3d:metadataStandardURL>http://www.dcc.ac.uk/resources/metadata-standards/iso-19115</r3d:metadataStandardURL>
    </r3d:metadataStandard>
    <r3d:remarks>World Data Service for Geophysics is covered by Thomson Reuters Data Citation Index. === NOAA’s former three data centers—the National Climatic Data Center, the National Geophysical Data Center, and the National Oceanographic Data Center, which includes the National Coastal Data Development Center—have merged into the National Centers for Environmental Information (NCEI).  === Effective October 2011, the World Data Service for Geophysics, collocated at NCEI, replaces former World Data Center for Geophysics and Marine Geology, and for Solar-Terrestrial Physics. === World Data Service for Geophysics is part of ICSU World Data System. === NCEI (formerly NGDC) is the national long-term archive for data and metadata pertaining to underway geophysical data and marine geological samples collected with US National Science Foundation (NSF) funds. This role is outlined in NSF11060 Policy for Oceanographic Data. ===</r3d:remarks>
    <r3d:entryDate>2013-05-28</r3d:entryDate>
    <r3d:lastUpdate>2017-08-25</r3d:lastUpdate>
  </r3d:repository>
</r3d:re3data>