<?xml version="1.0" encoding="utf-8"?>
<!--re3data.org Schema for the Description of Research Data Repositories. Version 2.2, December 2014. doi:10.2312/re3.006-->
<r3d:re3data xmlns:r3d="http://www.re3data.org/schema/2-2" xmlns:xsi="http://www.w3.org/2001/XMLSchema-instance" xsi:schemaLocation="http://www.re3data.org/schema/2-2 http://schema.re3data.org/2-2/re3dataV2-2.xsd">
  <r3d:repository>
    <r3d:re3data.orgIdentifier>r3d100010074</r3d:re3data.orgIdentifier>
    <r3d:repositoryName language="eng">GeoConnections - Discovery Portal</r3d:repositoryName>
    <r3d:additionalName language="fra">GéoConnexions - Portail de découverte</r3d:additionalName>
    <r3d:additionalName language="eng">GDP</r3d:additionalName>
    <r3d:repositoryURL>http://www.nrcan.gc.ca/evaluation/reports/2010/844</r3d:repositoryURL>
    <r3d:description language="eng">!!!GeoConnections – Discovery Portal is closed now!!! The GeoConnections Discovery Portal was an on-line metadata catalogue of geospatial and geoscience data products and Web services for Canada. The technologies of the Canadian Geospatial Data Infrastructure have matured and reside in federal, provincial and territorial portals.
We encourage you to explore these resources for current information on geospatial products and services. In particular we wish to point you to, GeoGratis http://geogratis.cgdi.gc.ca/ and Open Government, open data http://open.canada.ca/en</r3d:description>
    <r3d:type>disciplinary</r3d:type>
    <r3d:type>other</r3d:type>
    <r3d:size updated="2012-11-26">5565 entries</r3d:size>
    <r3d:startDate>1999</r3d:startDate>
    <r3d:endDate>2015</r3d:endDate>
    <r3d:repositoryLanguage>eng</r3d:repositoryLanguage>
    <r3d:repositoryLanguage>fra</r3d:repositoryLanguage>
    <r3d:subject subjectScheme="DFG">34 Geosciences (including Geography)</r3d:subject>
    <r3d:subject subjectScheme="DFG">3 Natural Sciences</r3d:subject>
    <r3d:missionStatementURL></r3d:missionStatementURL>
    <r3d:contentType contentTypeScheme="parse">Images</r3d:contentType>
    <r3d:contentType contentTypeScheme="parse">Raw data</r3d:contentType>
    <r3d:contentType contentTypeScheme="parse">Structured text</r3d:contentType>
    <r3d:contentType contentTypeScheme="parse">Scientific and statistical data formats</r3d:contentType>
    <r3d:providerType>serviceProvider</r3d:providerType>
    <r3d:keyword>Canada</r3d:keyword>
    <r3d:keyword>economic growth</r3d:keyword>
    <r3d:keyword>geospatial data</r3d:keyword>
    <r3d:keyword>environmental management</r3d:keyword>
    <r3d:keyword>geoscience data</r3d:keyword>
    <r3d:institution>
        <r3d:institutionName language="eng">Natural Resources Canada</r3d:institutionName>
        <r3d:institutionAdditionalName language="fra">Ressources naturelles Canada</r3d:institutionAdditionalName>
        <r3d:institutionCountry>CAN</r3d:institutionCountry>
        <r3d:responsibilityType>funding</r3d:responsibilityType>
        <r3d:institutionType>non-profit</r3d:institutionType>
        <r3d:institutionURL>http://www.rncan.gc.ca/</r3d:institutionURL>
        <r3d:responsibilityStartDate></r3d:responsibilityStartDate>
        <r3d:responsibilityEndDate></r3d:responsibilityEndDate>
    </r3d:institution>
    <r3d:institution>
        <r3d:institutionName language="eng">Canadian Geospatial Data Infrastructure</r3d:institutionName>
        <r3d:institutionAdditionalName language="fra">Infrastructure canadienne de données géospatiale</r3d:institutionAdditionalName>
        <r3d:institutionAdditionalName language="eng">CGDI</r3d:institutionAdditionalName>
        <r3d:institutionAdditionalName language="eng">ICDG</r3d:institutionAdditionalName>
        <r3d:institutionCountry>CAN</r3d:institutionCountry>
        <r3d:responsibilityType>general</r3d:responsibilityType>
        <r3d:responsibilityType>technical</r3d:responsibilityType>
        <r3d:institutionType>non-profit</r3d:institutionType>
        <r3d:institutionURL>http://www.nrcan.gc.ca/earth-sciences/geomatics/canadas-spatial-data-infrastructure/8904</r3d:institutionURL>
        <r3d:responsibilityStartDate></r3d:responsibilityStartDate>
        <r3d:responsibilityEndDate></r3d:responsibilityEndDate>
    </r3d:institution>
    <r3d:databaseAccess>
        <r3d:databaseAccessType>closed</r3d:databaseAccessType>
    </r3d:databaseAccess>
    <r3d:dataAccess>
    <r3d:dataAccessType>closed</r3d:dataAccessType>
    </r3d:dataAccess>
    <r3d:dataLicense>
        <r3d:dataLicenseName>other</r3d:dataLicenseName>
        <r3d:dataLicenseURL>https://portal.opengeospatial.org/modules/admin/license_agreement.php?suppressHeaders=0&amp;access_license_id=3&amp;target=http://portal.opengeospatial.org/files/%3fartifact_id=26608</r3d:dataLicenseURL>
    </r3d:dataLicense>
    <r3d:dataUpload>
        <r3d:dataUploadType>closed</r3d:dataUploadType>
        <r3d:dataUploadRestriction>registration</r3d:dataUploadRestriction>
    </r3d:dataUpload>
    <r3d:software>
        <r3d:softwareName>unknown</r3d:softwareName>
    </r3d:software>
    <r3d:versioning>yes</r3d:versioning>
    <r3d:pidSystem>none</r3d:pidSystem>
    <r3d:citationGuidelineURL></r3d:citationGuidelineURL>
    <r3d:enhancedPublication>unknown</r3d:enhancedPublication>
    <r3d:qualityManagement>yes</r3d:qualityManagement>
    <r3d:metadataStandard>
      <r3d:metadataStandardName metadataStandardScheme="DCC">ISO 19115</r3d:metadataStandardName>
      <r3d:metadataStandardURL>http://www.dcc.ac.uk/resources/metadata-standards/iso-19115</r3d:metadataStandardURL>
    </r3d:metadataStandard>
    <r3d:metadataStandard>
      <r3d:metadataStandardName metadataStandardScheme="DCC">FGDC/CSDGM - Federal Geographic Data Committee Content Standard for Digital Geospatial Metadata</r3d:metadataStandardName>
      <r3d:metadataStandardURL>http://www.dcc.ac.uk/resources/metadata-standards/fgdccsdgm-federal-geographic-data-committee-content-standard-digital-ge</r3d:metadataStandardURL>
    </r3d:metadataStandard>
    <r3d:remarks>GeoConnections Discovery Portal was the Canadian node of the CEOS International Directory Network</r3d:remarks>
    <r3d:entryDate>2010-10-05</r3d:entryDate>
    <r3d:lastUpdate>2017-03-09</r3d:lastUpdate>
  </r3d:repository>
</r3d:re3data>