<?xml version="1.0" encoding="utf-8"?>
<!--re3data.org Schema for the Description of Research Data Repositories. Version 2.2, December 2014. doi:10.2312/re3.006-->
<r3d:re3data xmlns:r3d="http://www.re3data.org/schema/2-2" xmlns:xsi="http://www.w3.org/2001/XMLSchema-instance" xsi:schemaLocation="http://www.re3data.org/schema/2-2 http://schema.re3data.org/2-2/re3dataV2-2.xsd">
  <r3d:repository>
    <r3d:re3data.orgIdentifier>r3d100010276</r3d:re3data.orgIdentifier>
    <r3d:repositoryName language="eng">Melanoma Molecular Map Project</r3d:repositoryName>
    <r3d:additionalName language="eng">MMMP</r3d:additionalName>
    <r3d:repositoryURL>http://www.mmmp.org/MMMP/import.mmmp?page=aims_org.mmmp</r3d:repositoryURL>
    <r3d:description language="eng">The Melanoma Molecular Map Project (MMMP) is an open access, interactive web-based multidatabase dedicated to the research on melanoma biology and therapy. The aim of this non-profit project is to create an organized and continuously updated databank collecting the huge and ever growing amount of scientific knowledge on melanoma currently scattered in thousands of articles published in hundreds of Journals.</r3d:description>
    <r3d:repositoryContact>ipd@mmmp.org</r3d:repositoryContact>
    <r3d:type>disciplinary</r3d:type>
    <r3d:size updated=""></r3d:size>
    <r3d:startDate>2007</r3d:startDate>
    <r3d:endDate>2011</r3d:endDate>
    <r3d:repositoryLanguage>eng</r3d:repositoryLanguage>
    <r3d:subject subjectScheme="DFG">201 Basic Biological and Medical Research</r3d:subject>
    <r3d:subject subjectScheme="DFG">204 Microbiology, Virology and Immunology</r3d:subject>
    <r3d:subject subjectScheme="DFG">20503 Human Genetics</r3d:subject>
    <r3d:subject subjectScheme="DFG">20519 Dermatology</r3d:subject>
    <r3d:subject subjectScheme="DFG">20530 Radiology and Nuclear Medicine</r3d:subject>
    <r3d:subject subjectScheme="DFG">20532 Biomedical Technology and Medical Physics</r3d:subject>
    <r3d:subject subjectScheme="DFG">21 Biology</r3d:subject>
    <r3d:subject subjectScheme="DFG">2 Life Sciences</r3d:subject>
    <r3d:subject subjectScheme="DFG">22 Medicine</r3d:subject>
    <r3d:subject subjectScheme="DFG">205 Medicine</r3d:subject>
    <r3d:missionStatementURL>http://www.mmmp.org/MMMP/import.mmmp?page=aims_org.mmmp</r3d:missionStatementURL>
    <r3d:contentType contentTypeScheme="parse">Standard office documents</r3d:contentType>
    <r3d:contentType contentTypeScheme="parse">Databases</r3d:contentType>
    <r3d:contentType contentTypeScheme="parse">Images</r3d:contentType>
    <r3d:contentType contentTypeScheme="parse">Structured graphics</r3d:contentType>
    <r3d:contentType contentTypeScheme="parse">Raw data</r3d:contentType>
    <r3d:contentType contentTypeScheme="parse">Plain text</r3d:contentType>
    <r3d:providerType>dataProvider</r3d:providerType>
    <r3d:keyword>cancer therapy</r3d:keyword>
    <r3d:keyword>clinical trials</r3d:keyword>
    <r3d:keyword>clinical therapy</r3d:keyword>
    <r3d:keyword>molecular pathways</r3d:keyword>
    <r3d:keyword>molecular biology</r3d:keyword>
    <r3d:keyword>drugs</r3d:keyword>
    <r3d:keyword>epidemiology of melanoma</r3d:keyword>
    <r3d:keyword>risk factors</r3d:keyword>
    <r3d:keyword>family predisposition</r3d:keyword>
    <r3d:institution>
        <r3d:institutionName language="eng">intergruppo melanomia italiano</r3d:institutionName>
        <r3d:institutionAdditionalName language="eng">imi</r3d:institutionAdditionalName>
        <r3d:institutionCountry>ITA</r3d:institutionCountry>
        <r3d:responsibilityType>sponsoring</r3d:responsibilityType>
        <r3d:institutionType>non-profit</r3d:institutionType>
        <r3d:institutionURL>http://www.melanomaimi.it/</r3d:institutionURL>
        <r3d:responsibilityStartDate></r3d:responsibilityStartDate>
        <r3d:responsibilityEndDate></r3d:responsibilityEndDate>
    </r3d:institution>
    <r3d:institution>
        <r3d:institutionName language="eng">Piccoli Punti</r3d:institutionName>
        <r3d:institutionAdditionalName language="eng">ricerca scientifica sul melanoma</r3d:institutionAdditionalName>
        <r3d:institutionCountry>ITA</r3d:institutionCountry>
        <r3d:responsibilityType>sponsoring</r3d:responsibilityType>
        <r3d:institutionType>non-profit</r3d:institutionType>
        <r3d:institutionURL>http://www.piccolipunti.it/</r3d:institutionURL>
        <r3d:responsibilityStartDate></r3d:responsibilityStartDate>
        <r3d:responsibilityEndDate></r3d:responsibilityEndDate>
    </r3d:institution>
    <r3d:institution>
        <r3d:institutionName language="eng">Biology online</r3d:institutionName>
        <r3d:institutionAdditionalName language="eng">answers to all your biology questions</r3d:institutionAdditionalName>
        <r3d:institutionCountry>USA</r3d:institutionCountry>
        <r3d:responsibilityType>sponsoring</r3d:responsibilityType>
        <r3d:institutionType>non-profit</r3d:institutionType>
        <r3d:institutionURL>http://www.biology-online.org/</r3d:institutionURL>
        <r3d:responsibilityStartDate></r3d:responsibilityStartDate>
        <r3d:responsibilityEndDate></r3d:responsibilityEndDate>
    </r3d:institution>
    <r3d:institution>
        <r3d:institutionName language="eng">Journal of Cancer Molecules</r3d:institutionName>
        <r3d:institutionCountry>TWN</r3d:institutionCountry>
        <r3d:responsibilityType>sponsoring</r3d:responsibilityType>
        <r3d:institutionType>commercial</r3d:institutionType>
        <r3d:institutionURL>http://www.mupnet.com/</r3d:institutionURL>
        <r3d:responsibilityStartDate></r3d:responsibilityStartDate>
        <r3d:responsibilityEndDate></r3d:responsibilityEndDate>
    </r3d:institution>
    <r3d:institution>
        <r3d:institutionName language="eng">University of Otago, Centre of translational Cancer Research, Pathology Department, Dunedin School of Medicine</r3d:institutionName>
        <r3d:institutionAdditionalName language="eng">Dunedin School of Medicine</r3d:institutionAdditionalName>
        <r3d:institutionCountry>NZL</r3d:institutionCountry>
        <r3d:responsibilityType>general</r3d:responsibilityType>
        <r3d:responsibilityType>technical</r3d:responsibilityType>
        <r3d:institutionType>non-profit</r3d:institutionType>
        <r3d:institutionURL>http://www.otago.ac.nz/dsm/index.html</r3d:institutionURL>
        <r3d:responsibilityStartDate>2007</r3d:responsibilityStartDate>
        <r3d:responsibilityEndDate>2011</r3d:responsibilityEndDate>
        <r3d:institutionContact>http://www.otago.ac.nz/ctcr/contacts/index.html</r3d:institutionContact>
        <r3d:institutionContact>http://www.otago.ac.nz/dsm/people/expertise/profile/index.html?id=728</r3d:institutionContact>
    </r3d:institution>
    <r3d:institution>
        <r3d:institutionName language="eng">Melanoma New Zealand</r3d:institutionName>
        <r3d:institutionAdditionalName language="eng">MelNet</r3d:institutionAdditionalName>
        <r3d:institutionAdditionalName language="eng">Melanoma Foundation of New Zealand</r3d:institutionAdditionalName>
        <r3d:institutionCountry>NZL</r3d:institutionCountry>
        <r3d:responsibilityType>funding</r3d:responsibilityType>
        <r3d:institutionType>non-profit</r3d:institutionType>
        <r3d:institutionURL>https://www.melanoma.org.nz/</r3d:institutionURL>
        <r3d:responsibilityStartDate></r3d:responsibilityStartDate>
        <r3d:responsibilityEndDate></r3d:responsibilityEndDate>
    </r3d:institution>
    <r3d:policy>
        <r3d:policyName>TTD User Guide</r3d:policyName>
        <r3d:policyURL>http://www.mmmp.org/mmmpFile/TTDguide_1.pdf</r3d:policyURL>
    </r3d:policy>
    <r3d:databaseAccess>
        <r3d:databaseAccessType>open</r3d:databaseAccessType>
    </r3d:databaseAccess>
    <r3d:databaseLicense>
        <r3d:databaseLicenseName>other</r3d:databaseLicenseName>
        <r3d:databaseLicenseURL>http://www.mmmp.org/MMMP/import.mmmp?page=aims_org.mmmp</r3d:databaseLicenseURL>
    </r3d:databaseLicense>
    <r3d:dataAccess>
    <r3d:dataAccessType>open</r3d:dataAccessType>
    </r3d:dataAccess>
    <r3d:dataAccess>
    <r3d:dataAccessType>closed</r3d:dataAccessType>
    </r3d:dataAccess>
    <r3d:dataLicense>
        <r3d:dataLicenseName>Copyrights</r3d:dataLicenseName>
        <r3d:dataLicenseURL>http://www.mmmp.org/MMMP/import.mmmp?page=au_guide.mmmp</r3d:dataLicenseURL>
    </r3d:dataLicense>
    <r3d:dataUpload>
        <r3d:dataUploadType>restricted</r3d:dataUploadType>
        <r3d:dataUploadRestriction>registration</r3d:dataUploadRestriction>
    </r3d:dataUpload>
    <r3d:dataUploadLicense>
        <r3d:dataUploadLicenseName>Authors&#039; Guide</r3d:dataUploadLicenseName>
        <r3d:dataUploadLicenseURL>http://www.mmmp.org/MMMP/import.mmmp?page=au_guide.mmmp</r3d:dataUploadLicenseURL>
    </r3d:dataUploadLicense>
    <r3d:software>
        <r3d:softwareName>unknown</r3d:softwareName>
    </r3d:software>
    <r3d:versioning></r3d:versioning>
    <r3d:pidSystem>DOI</r3d:pidSystem>
    <r3d:citationGuidelineURL></r3d:citationGuidelineURL>
    <r3d:enhancedPublication>unknown</r3d:enhancedPublication>
    <r3d:qualityManagement>yes</r3d:qualityManagement>
    <r3d:remarks>The MMMP website includes one discoursive overview on melanoma, one section dedicated to the news and 6 interconnected databases: Targeted therapy analyzer (tool); targeted therapy database; biomaps; biocards; Melanoma molecular profile; drug development database; clinical trial database.</r3d:remarks>
    <r3d:entryDate>2013-05-29</r3d:entryDate>
    <r3d:lastUpdate>2017-07-26</r3d:lastUpdate>
  </r3d:repository>
</r3d:re3data>