<?xml version="1.0" encoding="utf-8"?>
<!--re3data.org Schema for the Description of Research Data Repositories. Version 2.2, December 2014. doi:10.2312/re3.006-->
<r3d:re3data xmlns:r3d="http://www.re3data.org/schema/2-2" xmlns:xsi="http://www.w3.org/2001/XMLSchema-instance" xsi:schemaLocation="http://www.re3data.org/schema/2-2 http://schema.re3data.org/2-2/re3dataV2-2.xsd">
  <r3d:repository>
    <r3d:re3data.orgIdentifier>r3d100010337</r3d:re3data.orgIdentifier>
    <r3d:repositoryName language="eng">SeaDataNet</r3d:repositoryName>
    <r3d:additionalName language="eng">Pan-European Infrastructure for ocean &amp; marine data management</r3d:additionalName>
    <r3d:repositoryURL>http://www.seadatanet.org/</r3d:repositoryURL>
    <r3d:repositoryIdentifier>ISSN 2427-383X</r3d:repositoryIdentifier>
    <r3d:description language="eng">SeaDataNet is a standardized system for managing the large and diverse data sets collected by the oceanographic fleets and the automatic observation systems. The SeaDataNet infrastructure network and enhance the currently existing infrastructures, which are the national oceanographic data centres of 35 countries, active in data collection. The networking of these professional data centres, in a unique virtual data management system provide integrated data sets of standardized quality on-line. As a research infrastructure, SeaDataNet contributes to build research excellence in Europe.</r3d:description>
    <r3d:repositoryContact>sdn-userdesk@seadatanet.org</r3d:repositoryContact>
    <r3d:type>disciplinary</r3d:type>
    <r3d:size updated=""></r3d:size>
    <r3d:startDate>2007</r3d:startDate>
    <r3d:endDate></r3d:endDate>
    <r3d:repositoryLanguage>eng</r3d:repositoryLanguage>
    <r3d:subject subjectScheme="DFG">34 Geosciences (including Geography)</r3d:subject>
    <r3d:subject subjectScheme="DFG">313 Atmospheric Science and Oceanography</r3d:subject>
    <r3d:subject subjectScheme="DFG">318 Water Research</r3d:subject>
    <r3d:subject subjectScheme="DFG">3 Natural Sciences</r3d:subject>
    <r3d:missionStatementURL></r3d:missionStatementURL>
    <r3d:contentType contentTypeScheme="parse">Plain text</r3d:contentType>
    <r3d:contentType contentTypeScheme="parse">Structured text</r3d:contentType>
    <r3d:contentType contentTypeScheme="parse">Scientific and statistical data formats</r3d:contentType>
    <r3d:contentType contentTypeScheme="parse">Software applications</r3d:contentType>
    <r3d:contentType contentTypeScheme="parse">Images</r3d:contentType>
    <r3d:providerType>dataProvider</r3d:providerType>
    <r3d:providerType>serviceProvider</r3d:providerType>
    <r3d:keyword>climate change prediction</r3d:keyword>
    <r3d:keyword>biological oceanography</r3d:keyword>
    <r3d:keyword>chemical oceanography</r3d:keyword>
    <r3d:keyword>marine research</r3d:keyword>
    <r3d:institution>
        <r3d:institutionName language="fra">Ifremer</r3d:institutionName>
        <r3d:institutionAdditionalName language="eng">French Research Institute for Exploitation of the Sea</r3d:institutionAdditionalName>
        <r3d:institutionAdditionalName language="fra">Institut français de recherche pour l&#039;exploitation de la mer</r3d:institutionAdditionalName>
        <r3d:institutionCountry>FRA</r3d:institutionCountry>
        <r3d:responsibilityType>general</r3d:responsibilityType>
        <r3d:responsibilityType>technical</r3d:responsibilityType>
        <r3d:institutionType>non-profit</r3d:institutionType>
        <r3d:institutionURL>http://wwz.ifremer.fr/institut_eng/</r3d:institutionURL>
        <r3d:responsibilityStartDate></r3d:responsibilityStartDate>
        <r3d:responsibilityEndDate></r3d:responsibilityEndDate>
        <r3d:institutionContact>sdn-userdesk@seadatanet.org</r3d:institutionContact>
    </r3d:institution>
    <r3d:institution>
        <r3d:institutionName language="eng">British Oceanographic Data Centre</r3d:institutionName>
        <r3d:institutionAdditionalName language="eng">BODC</r3d:institutionAdditionalName>
        <r3d:institutionCountry>GBR</r3d:institutionCountry>
        <r3d:responsibilityType>general</r3d:responsibilityType>
        <r3d:institutionType>non-profit</r3d:institutionType>
        <r3d:institutionURL>http://www.bodc.ac.uk/</r3d:institutionURL>
        <r3d:responsibilityStartDate></r3d:responsibilityStartDate>
        <r3d:responsibilityEndDate></r3d:responsibilityEndDate>
    </r3d:institution>
    <r3d:institution>
        <r3d:institutionName language="eng">Hellenic Centre for Marine Research</r3d:institutionName>
        <r3d:institutionAdditionalName language="eng">HCMR</r3d:institutionAdditionalName>
        <r3d:institutionCountry>GRC</r3d:institutionCountry>
        <r3d:responsibilityType>general</r3d:responsibilityType>
        <r3d:institutionType>non-profit</r3d:institutionType>
        <r3d:institutionURL>http://www.hcmr.gr/en/</r3d:institutionURL>
        <r3d:responsibilityStartDate></r3d:responsibilityStartDate>
        <r3d:responsibilityEndDate></r3d:responsibilityEndDate>
    </r3d:institution>
    <r3d:institution>
        <r3d:institutionName language="eng">RIHMI-WDC</r3d:institutionName>
        <r3d:institutionCountry>RUS</r3d:institutionCountry>
        <r3d:responsibilityType>general</r3d:responsibilityType>
        <r3d:institutionType>non-profit</r3d:institutionType>
        <r3d:institutionURL>http://meteo.ru/english/</r3d:institutionURL>
        <r3d:responsibilityStartDate></r3d:responsibilityStartDate>
        <r3d:responsibilityEndDate></r3d:responsibilityEndDate>
    </r3d:institution>
    <r3d:institution>
        <r3d:institutionName language="ita">Istituto Nazionale di Geofisica e Vulcanologia</r3d:institutionName>
        <r3d:institutionAdditionalName language="eng">INGV</r3d:institutionAdditionalName>
        <r3d:institutionCountry>ITA</r3d:institutionCountry>
        <r3d:responsibilityType>general</r3d:responsibilityType>
        <r3d:institutionType>non-profit</r3d:institutionType>
        <r3d:institutionURL>http://www.ingv.it/en/</r3d:institutionURL>
        <r3d:responsibilityStartDate></r3d:responsibilityStartDate>
        <r3d:responsibilityEndDate></r3d:responsibilityEndDate>
    </r3d:institution>
    <r3d:institution>
        <r3d:institutionName language="eng">Federal Ministry of Transport, Building and Urban Development; Federal Maritime and Hydrographic Agency</r3d:institutionName>
        <r3d:institutionAdditionalName language="deu">BSH</r3d:institutionAdditionalName>
        <r3d:institutionAdditionalName language="deu">Bundesministerium für Verkehr, Bau und Stadtentwicklung; Bundesamt für Seeschifffahrt und Hydrographie</r3d:institutionAdditionalName>
        <r3d:institutionCountry>DEU</r3d:institutionCountry>
        <r3d:responsibilityType>funding</r3d:responsibilityType>
        <r3d:institutionType>non-profit</r3d:institutionType>
        <r3d:institutionURL>http://www.bsh.de/en/index.jsp</r3d:institutionURL>
        <r3d:responsibilityStartDate></r3d:responsibilityStartDate>
        <r3d:responsibilityEndDate></r3d:responsibilityEndDate>
    </r3d:institution>
    <r3d:institution>
        <r3d:institutionName language="eng">European Commission, Research &amp; Innovation, Seventh Framework Programm - FP7</r3d:institutionName>
        <r3d:institutionAdditionalName language="deu">FP7</r3d:institutionAdditionalName>
        <r3d:institutionCountry>EEC</r3d:institutionCountry>
        <r3d:responsibilityType>funding</r3d:responsibilityType>
        <r3d:institutionType>non-profit</r3d:institutionType>
        <r3d:institutionURL>http://ec.europa.eu/research/fp7/index_en.cfm</r3d:institutionURL>
        <r3d:responsibilityStartDate></r3d:responsibilityStartDate>
        <r3d:responsibilityEndDate></r3d:responsibilityEndDate>
        <r3d:institutionContact>http://ec.europa.eu/research/index.cfm?pg=contacts&amp;origin=tools-contact</r3d:institutionContact>
    </r3d:institution>
    <r3d:institution>
        <r3d:institutionName language="eng">MARIS</r3d:institutionName>
        <r3d:institutionAdditionalName language="eng">Marine Information Service</r3d:institutionAdditionalName>
        <r3d:institutionCountry>NLD</r3d:institutionCountry>
        <r3d:responsibilityType>general</r3d:responsibilityType>
        <r3d:institutionType>non-profit</r3d:institutionType>
        <r3d:institutionURL>http://www.maris.nl/</r3d:institutionURL>
        <r3d:responsibilityStartDate></r3d:responsibilityStartDate>
        <r3d:responsibilityEndDate></r3d:responsibilityEndDate>
    </r3d:institution>
    <r3d:institution>
        <r3d:institutionName language="eng">Alfred Wegener Institute - Helmholtz Centre for Polar and Marine Research</r3d:institutionName>
        <r3d:institutionAdditionalName language="deu">Alfred-Wegener-Institut Helmholtz-Zentrum für Polar- und Meeresforschung</r3d:institutionAdditionalName>
        <r3d:institutionAdditionalName language="deu">AWI</r3d:institutionAdditionalName>
        <r3d:institutionCountry>DEU</r3d:institutionCountry>
        <r3d:responsibilityType>general</r3d:responsibilityType>
        <r3d:institutionType>non-profit</r3d:institutionType>
        <r3d:institutionURL>http://www.awi.de/en/home/</r3d:institutionURL>
        <r3d:responsibilityStartDate></r3d:responsibilityStartDate>
        <r3d:responsibilityEndDate></r3d:responsibilityEndDate>
    </r3d:institution>
    <r3d:institution>
        <r3d:institutionName language="eng">Joint Research Centre, Institute for Environment and Sustainability</r3d:institutionName>
        <r3d:institutionAdditionalName language="eng">JRC-IES</r3d:institutionAdditionalName>
        <r3d:institutionCountry>ITA</r3d:institutionCountry>
        <r3d:responsibilityType>general</r3d:responsibilityType>
        <r3d:institutionType>non-profit</r3d:institutionType>
        <r3d:institutionURL>http://ies-webarchive-ext.jrc.it/ies/index-2.html</r3d:institutionURL>
        <r3d:responsibilityStartDate></r3d:responsibilityStartDate>
        <r3d:responsibilityEndDate></r3d:responsibilityEndDate>
    </r3d:institution>
    <r3d:policy>
        <r3d:policyName>Data Policy</r3d:policyName>
        <r3d:policyURL>http://www.seadatanet.org/content/download/3899/29604/file/SeaDataNet%20Data%20Policy%20.pdf</r3d:policyURL>
    </r3d:policy>
    <r3d:databaseAccess>
        <r3d:databaseAccessType>open</r3d:databaseAccessType>
    </r3d:databaseAccess>
    <r3d:dataAccess>
    <r3d:dataAccessType>restricted</r3d:dataAccessType>
    <r3d:dataAccessRestriction>other</r3d:dataAccessRestriction>
    </r3d:dataAccess>
    <r3d:dataAccess>
    <r3d:dataAccessType>restricted</r3d:dataAccessType>
    <r3d:dataAccessRestriction>registration</r3d:dataAccessRestriction>
    </r3d:dataAccess>
    <r3d:dataAccess>
    <r3d:dataAccessType>embargoed</r3d:dataAccessType>
    </r3d:dataAccess>
    <r3d:dataAccess>
    <r3d:dataAccessType>closed</r3d:dataAccessType>
    </r3d:dataAccess>
    <r3d:dataLicense>
        <r3d:dataLicenseName>other</r3d:dataLicenseName>
        <r3d:dataLicenseURL>http://www.seadatanet.org/content/download/3899/29604/file/SeaDataNet%20Data%20Policy%20.pdf</r3d:dataLicenseURL>
    </r3d:dataLicense>
    <r3d:dataUpload>
        <r3d:dataUploadType>restricted</r3d:dataUploadType>
        <r3d:dataUploadRestriction>other</r3d:dataUploadRestriction>
    </r3d:dataUpload>
    <r3d:software>
        <r3d:softwareName>unknown</r3d:softwareName>
    </r3d:software>
    <r3d:versioning></r3d:versioning>
    <r3d:api apiType="SOAP">http://www.seadatanet.org/Standards-Software/Data-Transport-Formats</r3d:api>
    <r3d:api apiType="NetCDF">http://www.seadatanet.org/Standards-Software/Data-Transport-Formats</r3d:api>
    <r3d:pidSystem>none</r3d:pidSystem>
    <r3d:citationGuidelineURL></r3d:citationGuidelineURL>
    <r3d:enhancedPublication>unknown</r3d:enhancedPublication>
    <r3d:qualityManagement>yes</r3d:qualityManagement>
    <r3d:metadataStandard>
      <r3d:metadataStandardName metadataStandardScheme="DCC">ISO 19115</r3d:metadataStandardName>
      <r3d:metadataStandardURL>http://www.dcc.ac.uk/resources/metadata-standards/iso-19115</r3d:metadataStandardURL>
    </r3d:metadataStandard>
    <r3d:remarks>A complete list of member institutions can be found at http://www.seadatanet.org/Overview/Organisation</r3d:remarks>
    <r3d:entryDate>2013-08-12</r3d:entryDate>
    <r3d:lastUpdate>2017-02-27</r3d:lastUpdate>
  </r3d:repository>
</r3d:re3data>