<?xml version="1.0" encoding="utf-8"?>
<!--re3data.org Schema for the Description of Research Data Repositories. Version 2.2, December 2014. doi:10.2312/re3.006-->
<r3d:re3data xmlns:r3d="http://www.re3data.org/schema/2-2" xmlns:xsi="http://www.w3.org/2001/XMLSchema-instance" xsi:schemaLocation="http://www.re3data.org/schema/2-2 http://schema.re3data.org/2-2/re3dataV2-2.xsd">
  <r3d:repository>
    <r3d:re3data.orgIdentifier>r3d100010561</r3d:re3data.orgIdentifier>
    <r3d:repositoryName language="eng">DisProt</r3d:repositoryName>
    <r3d:additionalName language="eng">Database of Protein Disorder</r3d:additionalName>
    <r3d:repositoryURL>http://www.disprot.org/</r3d:repositoryURL>
    <r3d:repositoryIdentifier>RRID:SCR_007097</r3d:repositoryIdentifier>
    <r3d:repositoryIdentifier>RRID:nif-0000-02754</r3d:repositoryIdentifier>
    <r3d:description language="eng">The Database of Protein Disorder (DisProt) is a curated database that provides information about proteins that lack fixed 3D structure in their putatively native states, either in their entirety or in part.  DisProt is a community resource annotating protein sequences for intrinsically disorder regions from the literature.
It classifies intrinsic disorder based on experimental methods and three ontologies for molecular function, transition and binding partner.</r3d:description>
    <r3d:repositoryContact>http://www.disprot.org/contact</r3d:repositoryContact>
    <r3d:type>disciplinary</r3d:type>
    <r3d:type>institutional</r3d:type>
    <r3d:size updated="2017-05-23">803 proteins; 2.167 disordered regions</r3d:size>
    <r3d:startDate></r3d:startDate>
    <r3d:endDate></r3d:endDate>
    <r3d:repositoryLanguage>eng</r3d:repositoryLanguage>
    <r3d:subject subjectScheme="DFG">2 Life Sciences</r3d:subject>
    <r3d:subject subjectScheme="DFG">21 Biology</r3d:subject>
    <r3d:subject subjectScheme="DFG">20107 Bioinformatics and Theoretical Biology</r3d:subject>
    <r3d:subject subjectScheme="DFG">201 Basic Biological and Medical Research</r3d:subject>
    <r3d:missionStatementURL>http://www.disprot.org/about</r3d:missionStatementURL>
    <r3d:contentType contentTypeScheme="parse">Standard office documents</r3d:contentType>
    <r3d:contentType contentTypeScheme="parse">Structured text</r3d:contentType>
    <r3d:contentType contentTypeScheme="parse">Images</r3d:contentType>
    <r3d:contentType contentTypeScheme="parse">Structured graphics</r3d:contentType>
    <r3d:contentType contentTypeScheme="parse">Scientific and statistical data formats</r3d:contentType>
    <r3d:contentType contentTypeScheme="parse">Archived data</r3d:contentType>
    <r3d:contentType contentTypeScheme="parse">other</r3d:contentType>
    <r3d:providerType>dataProvider</r3d:providerType>
    <r3d:keyword>intrinsically disordered proteins  IDPs</r3d:keyword>
    <r3d:keyword>protein structure</r3d:keyword>
    <r3d:keyword>cell biology</r3d:keyword>
    <r3d:keyword>molecular biology</r3d:keyword>
    <r3d:institution>
        <r3d:institutionName language="eng">Indiana University School of Medicine, Center for Computational Biology and Bioinformatics</r3d:institutionName>
        <r3d:institutionAdditionalName language="eng">CCBB</r3d:institutionAdditionalName>
        <r3d:institutionCountry>USA</r3d:institutionCountry>
        <r3d:responsibilityType>general</r3d:responsibilityType>
        <r3d:institutionType>non-profit</r3d:institutionType>
        <r3d:institutionURL>http://compbio.iupui.edu/</r3d:institutionURL>
        <r3d:responsibilityStartDate></r3d:responsibilityStartDate>
        <r3d:responsibilityEndDate>2016</r3d:responsibilityEndDate>
    </r3d:institution>
    <r3d:institution>
        <r3d:institutionName language="ita">Universita degli Studi di Padova</r3d:institutionName>
        <r3d:institutionAdditionalName language="eng">University of Padua</r3d:institutionAdditionalName>
        <r3d:institutionCountry>ITA</r3d:institutionCountry>
        <r3d:responsibilityType>general</r3d:responsibilityType>
        <r3d:institutionType>non-profit</r3d:institutionType>
        <r3d:institutionURL>http://www.unipd.it/</r3d:institutionURL>
        <r3d:responsibilityStartDate>2016</r3d:responsibilityStartDate>
        <r3d:responsibilityEndDate></r3d:responsibilityEndDate>
    </r3d:institution>
    <r3d:institution>
        <r3d:institutionName language="ita">University of Padua, Department of Biomedical Sciences</r3d:institutionName>
        <r3d:institutionCountry>ITA</r3d:institutionCountry>
        <r3d:responsibilityType>general</r3d:responsibilityType>
        <r3d:institutionType>non-profit</r3d:institutionType>
        <r3d:institutionURL>http://protein.bio.unipd.it/</r3d:institutionURL>
        <r3d:responsibilityStartDate>2016</r3d:responsibilityStartDate>
        <r3d:responsibilityEndDate></r3d:responsibilityEndDate>
    </r3d:institution>
    <r3d:institution>
        <r3d:institutionName language="eng">Temple University, College of Science and Technology, Center für Data Analysis and Biomedical Informatics</r3d:institutionName>
        <r3d:institutionAdditionalName language="eng">DABI</r3d:institutionAdditionalName>
        <r3d:institutionAdditionalName language="eng">Center for Information Science and Technology</r3d:institutionAdditionalName>
        <r3d:institutionAdditionalName language="eng">CST</r3d:institutionAdditionalName>
        <r3d:institutionCountry>USA</r3d:institutionCountry>
        <r3d:responsibilityType>technical</r3d:responsibilityType>
        <r3d:institutionType>non-profit</r3d:institutionType>
        <r3d:institutionURL>http://www.dabi.temple.edu/dabi/</r3d:institutionURL>
        <r3d:responsibilityStartDate></r3d:responsibilityStartDate>
        <r3d:responsibilityEndDate>2016</r3d:responsibilityEndDate>
    </r3d:institution>
    <r3d:institution>
        <r3d:institutionName language="eng">European Commission, HORIZON 2020</r3d:institutionName>
        <r3d:institutionCountry>EEC</r3d:institutionCountry>
        <r3d:responsibilityType>funding</r3d:responsibilityType>
        <r3d:institutionType>non-profit</r3d:institutionType>
        <r3d:institutionURL>https://ec.europa.eu/programmes/horizon2020</r3d:institutionURL>
        <r3d:responsibilityStartDate>2016</r3d:responsibilityStartDate>
        <r3d:responsibilityEndDate></r3d:responsibilityEndDate>
        <r3d:institutionContact>http://ec.europa.eu/research/participants/portal/desktop/en/support/research_enquiry_service.html</r3d:institutionContact>
    </r3d:institution>
    <r3d:institution>
        <r3d:institutionName language="eng">NGP-net</r3d:institutionName>
        <r3d:institutionAdditionalName language="eng">non-globular proteins in molecular physiopathology</r3d:institutionAdditionalName>
        <r3d:institutionCountry>ITA</r3d:institutionCountry>
        <r3d:responsibilityType>general</r3d:responsibilityType>
        <r3d:institutionType>non-profit</r3d:institutionType>
        <r3d:institutionURL>https://ngp-net.bio.unipd.it/</r3d:institutionURL>
        <r3d:responsibilityStartDate>2016</r3d:responsibilityStartDate>
        <r3d:responsibilityEndDate></r3d:responsibilityEndDate>
        <r3d:institutionContact>info@ngp-net.bio.unipd.it</r3d:institutionContact>
    </r3d:institution>
    <r3d:databaseAccess>
        <r3d:databaseAccessType>open</r3d:databaseAccessType>
    </r3d:databaseAccess>
    <r3d:dataAccess>
    <r3d:dataAccessType>open</r3d:dataAccessType>
    </r3d:dataAccess>
    <r3d:dataLicense>
        <r3d:dataLicenseName>Copyrights</r3d:dataLicenseName>
        <r3d:dataLicenseURL>http://www.disprot.org/protein.php?id=DP00747_C002</r3d:dataLicenseURL>
    </r3d:dataLicense>
    <r3d:dataLicense>
        <r3d:dataLicenseName>CC</r3d:dataLicenseName>
        <r3d:dataLicenseURL>http://www.disprot.org/protein.php?id=DP00747_C002</r3d:dataLicenseURL>
    </r3d:dataLicense>
    <r3d:dataUpload>
        <r3d:dataUploadType>restricted</r3d:dataUploadType>
        <r3d:dataUploadRestriction>other</r3d:dataUploadRestriction>
    </r3d:dataUpload>
    <r3d:software>
        <r3d:softwareName>other</r3d:softwareName>
    </r3d:software>
    <r3d:versioning>yes</r3d:versioning>
    <r3d:api apiType="REST">http://www.disprot.org/help#anchor3</r3d:api>
    <r3d:pidSystem>none</r3d:pidSystem>
    <r3d:citationGuidelineURL>http://www.disprot.org/</r3d:citationGuidelineURL>
    <r3d:enhancedPublication>yes</r3d:enhancedPublication>
    <r3d:qualityManagement>yes</r3d:qualityManagement>
    <r3d:metadataStandard>
      <r3d:metadataStandardName metadataStandardScheme="DCC">Repository-Developed Metadata Schemas</r3d:metadataStandardName>
      <r3d:metadataStandardURL>http://www.dcc.ac.uk/resources/metadata-standards/repository-developed-metadata-schemas</r3d:metadataStandardURL>
    </r3d:metadataStandard>
    <r3d:remarks>DisProt is covered by Thomson Reuters Data Citation Index.
Old Disprot is available here http://disorder.compbio.iupui.edu/ .</r3d:remarks>
    <r3d:entryDate>2013-12-04</r3d:entryDate>
    <r3d:lastUpdate>2017-08-24</r3d:lastUpdate>
  </r3d:repository>
</r3d:re3data>