<?xml version="1.0" encoding="utf-8"?>
<!--re3data.org Schema for the Description of Research Data Repositories. Version 2.2, December 2014. doi:10.2312/re3.006-->
<r3d:re3data xmlns:r3d="http://www.re3data.org/schema/2-2" xmlns:xsi="http://www.w3.org/2001/XMLSchema-instance" xsi:schemaLocation="http://www.re3data.org/schema/2-2 http://schema.re3data.org/2-2/re3dataV2-2.xsd">
  <r3d:repository>
    <r3d:re3data.orgIdentifier>r3d100010189</r3d:re3data.orgIdentifier>
    <r3d:repositoryName language="eng">National Geoscience Data Centre</r3d:repositoryName>
    <r3d:additionalName language="eng">NGDC</r3d:additionalName>
    <r3d:repositoryURL>http://www.bgs.ac.uk/services/ngdc/</r3d:repositoryURL>
    <r3d:description language="eng">The BGS is a data-rich organisation with over 400 datasets in its care; including environmental monitoring data, digital databases, physical collections (borehole core, rocks, minerals and fossils), records and archives. Our data is managed by the National Geoscience Data Centre.</r3d:description>
    <r3d:repositoryContact>ngdc@bgs.ac.uk</r3d:repositoryContact>
    <r3d:type>disciplinary</r3d:type>
    <r3d:size updated="2017-04-05">over 400 datasets</r3d:size>
    <r3d:startDate>2004</r3d:startDate>
    <r3d:endDate></r3d:endDate>
    <r3d:repositoryLanguage>eng</r3d:repositoryLanguage>
    <r3d:subject subjectScheme="DFG">34 Geosciences (including Geography)</r3d:subject>
    <r3d:subject subjectScheme="DFG">313 Atmospheric Science and Oceanography</r3d:subject>
    <r3d:subject subjectScheme="DFG">318 Water Research</r3d:subject>
    <r3d:subject subjectScheme="DFG">31501 Geophysics</r3d:subject>
    <r3d:subject subjectScheme="DFG">3 Natural Sciences</r3d:subject>
    <r3d:subject subjectScheme="DFG">315 Geophysics and Geodesy</r3d:subject>
    <r3d:missionStatementURL>http://www.bgs.ac.uk/data/home.html?src=topNav</r3d:missionStatementURL>
    <r3d:contentType contentTypeScheme="parse">Standard office documents</r3d:contentType>
    <r3d:contentType contentTypeScheme="parse">Structured text</r3d:contentType>
    <r3d:contentType contentTypeScheme="parse">Raw data</r3d:contentType>
    <r3d:contentType contentTypeScheme="parse">Images</r3d:contentType>
    <r3d:contentType contentTypeScheme="parse">Scientific and statistical data formats</r3d:contentType>
    <r3d:contentType contentTypeScheme="parse">Archived data</r3d:contentType>
    <r3d:providerType>dataProvider</r3d:providerType>
    <r3d:providerType>serviceProvider</r3d:providerType>
    <r3d:keyword>hydrology</r3d:keyword>
    <r3d:keyword>groundwater levels</r3d:keyword>
    <r3d:keyword>climate change</r3d:keyword>
    <r3d:keyword>earthquakes</r3d:keyword>
    <r3d:keyword>geothermal energy</r3d:keyword>
    <r3d:keyword>materials collections</r3d:keyword>
    <r3d:keyword>offshore oil</r3d:keyword>
    <r3d:keyword>offshore gas</r3d:keyword>
    <r3d:keyword>drilling</r3d:keyword>
    <r3d:keyword>borehole records</r3d:keyword>
    <r3d:institution>
        <r3d:institutionName language="eng">British Geological Survey</r3d:institutionName>
        <r3d:institutionAdditionalName language="eng">BGS</r3d:institutionAdditionalName>
        <r3d:institutionCountry>GBR</r3d:institutionCountry>
        <r3d:responsibilityType>general</r3d:responsibilityType>
        <r3d:institutionType>non-profit</r3d:institutionType>
        <r3d:institutionURL>http://www.bgs.ac.uk/</r3d:institutionURL>
        <r3d:responsibilityStartDate></r3d:responsibilityStartDate>
        <r3d:responsibilityEndDate></r3d:responsibilityEndDate>
        <r3d:institutionContact>http://www.bgs.ac.uk/contacts/</r3d:institutionContact>
    </r3d:institution>
    <r3d:institution>
        <r3d:institutionName language="eng">Natural Environment Research Council</r3d:institutionName>
        <r3d:institutionAdditionalName language="eng">NERC</r3d:institutionAdditionalName>
        <r3d:institutionCountry>GBR</r3d:institutionCountry>
        <r3d:responsibilityType>funding</r3d:responsibilityType>
        <r3d:institutionType>non-profit</r3d:institutionType>
        <r3d:institutionURL>http://www.nerc.ac.uk/</r3d:institutionURL>
        <r3d:responsibilityStartDate></r3d:responsibilityStartDate>
        <r3d:responsibilityEndDate></r3d:responsibilityEndDate>
    </r3d:institution>
    <r3d:policy>
        <r3d:policyName>Legal framework</r3d:policyName>
        <r3d:policyURL>http://www.bgs.ac.uk/services/ngdc/records/policy.html</r3d:policyURL>
    </r3d:policy>
    <r3d:policy>
        <r3d:policyName>BGS policies and procedures</r3d:policyName>
        <r3d:policyURL>http://www.bgs.ac.uk/about/policy.html</r3d:policyURL>
    </r3d:policy>
    <r3d:databaseAccess>
        <r3d:databaseAccessType>open</r3d:databaseAccessType>
    </r3d:databaseAccess>
    <r3d:dataAccess>
    <r3d:dataAccessType>open</r3d:dataAccessType>
    </r3d:dataAccess>
    <r3d:dataAccess>
    <r3d:dataAccessType>restricted</r3d:dataAccessType>
    <r3d:dataAccessRestriction>feeRequired</r3d:dataAccessRestriction>
    </r3d:dataAccess>
    <r3d:dataAccess>
    <r3d:dataAccessType>closed</r3d:dataAccessType>
    </r3d:dataAccess>
    <r3d:dataLicense>
        <r3d:dataLicenseName>Copyrights</r3d:dataLicenseName>
        <r3d:dataLicenseURL>http://www.bgs.ac.uk/services/ngdc/records/policy.html#copyright_ownership</r3d:dataLicenseURL>
    </r3d:dataLicense>
    <r3d:dataLicense>
        <r3d:dataLicenseName>OGL</r3d:dataLicenseName>
        <r3d:dataLicenseURL>http://www.nationalarchives.gov.uk/doc/open-government-licence/version/2/</r3d:dataLicenseURL>
    </r3d:dataLicense>
    <r3d:dataUpload>
        <r3d:dataUploadType>open</r3d:dataUploadType>
    </r3d:dataUpload>
    <r3d:dataUploadLicense>
        <r3d:dataUploadLicenseName>Depositing records and digital data</r3d:dataUploadLicenseName>
        <r3d:dataUploadLicenseURL>http://www.bgs.ac.uk/services/ngdc/records/depositing.html</r3d:dataUploadLicenseURL>
    </r3d:dataUploadLicense>
    <r3d:software>
        <r3d:softwareName>unknown</r3d:softwareName>
    </r3d:software>
    <r3d:versioning>no</r3d:versioning>
    <r3d:api apiType="FTP">ftp://ftp.bgs.ac.uk/</r3d:api>
    <r3d:api apiType="REST">http://www.bgs.ac.uk/data/services/mash-ups/developernotes.html</r3d:api>
    <r3d:pidSystem>DOI</r3d:pidSystem>
    <r3d:citationGuidelineURL>http://www.bgs.ac.uk/about/copyright/acknowledgements_published.html</r3d:citationGuidelineURL>
    <r3d:enhancedPublication>unknown</r3d:enhancedPublication>
    <r3d:qualityManagement>yes</r3d:qualityManagement>
    <r3d:syndication syndicationType="RSS">http://www.bgs.ac.uk/news/rss.html</r3d:syndication>
    <r3d:remarks>NGDC is covered by SCOPUS. NGDC is one of the Data Centres of NERC, http://www.nerc.ac.uk/research/sites/data/</r3d:remarks>
    <r3d:entryDate>2013-01-31</r3d:entryDate>
    <r3d:lastUpdate>2017-04-05</r3d:lastUpdate>
  </r3d:repository>
</r3d:re3data>