<?xml version="1.0" encoding="utf-8"?>
<!--re3data.org Schema for the Description of Research Data Repositories. Version 2.2, December 2014. doi:10.2312/re3.006-->
<r3d:re3data xmlns:r3d="http://www.re3data.org/schema/2-2" xmlns:xsi="http://www.w3.org/2001/XMLSchema-instance" xsi:schemaLocation="http://www.re3data.org/schema/2-2 http://schema.re3data.org/2-2/re3dataV2-2.xsd">
  <r3d:repository>
    <r3d:re3data.orgIdentifier>r3d100010256</r3d:re3data.orgIdentifier>
    <r3d:repositoryName language="eng">Data Sharing for Demographic Research</r3d:repositoryName>
    <r3d:additionalName language="eng">A data archive for demography and population sciences</r3d:additionalName>
    <r3d:additionalName language="eng">DSDR</r3d:additionalName>
    <r3d:repositoryURL>http://www.icpsr.umich.edu/icpsrweb/content/DSDR/index.html</r3d:repositoryURL>
    <r3d:description language="eng">Data Sharing for Demographic Research (DSDR) aims to serve the demographic community by archiving, preserving, and and disseminating data relevant for population studies</r3d:description>
    <r3d:repositoryContact>dsdr@icpsr.umich.edu</r3d:repositoryContact>
    <r3d:type>disciplinary</r3d:type>
    <r3d:size updated=""></r3d:size>
    <r3d:startDate>2011</r3d:startDate>
    <r3d:endDate></r3d:endDate>
    <r3d:repositoryLanguage>eng</r3d:repositoryLanguage>
    <r3d:subject subjectScheme="DFG">111 Social Sciences</r3d:subject>
    <r3d:subject subjectScheme="DFG">11102 Empirical Social Research</r3d:subject>
    <r3d:subject subjectScheme="DFG">11202 Economic and Social Policy</r3d:subject>
    <r3d:subject subjectScheme="DFG">20502 Public Health, Health Services Research, Social Medicine</r3d:subject>
    <r3d:subject subjectScheme="DFG">20501 Epidemiology, Medical Biometry, Medical Informatics</r3d:subject>
    <r3d:subject subjectScheme="DFG">12 Social and Behavioural Sciences</r3d:subject>
    <r3d:subject subjectScheme="DFG">1 Humanities and Social Sciences</r3d:subject>
    <r3d:subject subjectScheme="DFG">112 Economics</r3d:subject>
    <r3d:subject subjectScheme="DFG">205 Medicine</r3d:subject>
    <r3d:subject subjectScheme="DFG">22 Medicine</r3d:subject>
    <r3d:subject subjectScheme="DFG">2 Life Sciences</r3d:subject>
    <r3d:missionStatementURL>http://www.icpsr.umich.edu/icpsrweb/content/DSDR/mission.html</r3d:missionStatementURL>
    <r3d:contentType contentTypeScheme="parse">Standard office documents</r3d:contentType>
    <r3d:contentType contentTypeScheme="parse">Scientific and statistical data formats</r3d:contentType>
    <r3d:contentType contentTypeScheme="parse">Plain text</r3d:contentType>
    <r3d:contentType contentTypeScheme="parse">Raw data</r3d:contentType>
    <r3d:contentType contentTypeScheme="parse">Software applications</r3d:contentType>
    <r3d:contentType contentTypeScheme="parse">Audiovisual data</r3d:contentType>
    <r3d:contentType contentTypeScheme="parse">Source code</r3d:contentType>
    <r3d:providerType>dataProvider</r3d:providerType>
    <r3d:keyword>census data</r3d:keyword>
    <r3d:keyword>demographic survey</r3d:keyword>
    <r3d:keyword>population</r3d:keyword>
    <r3d:keyword>statistics</r3d:keyword>
    <r3d:keyword>health</r3d:keyword>
    <r3d:keyword>mortality</r3d:keyword>
    <r3d:keyword>migration</r3d:keyword>
    <r3d:keyword>immigration</r3d:keyword>
    <r3d:keyword>family</r3d:keyword>
    <r3d:institution>
        <r3d:institutionName language="eng">University of Michigan, Population Studies Center</r3d:institutionName>
        <r3d:institutionAdditionalName language="eng">PSC</r3d:institutionAdditionalName>
        <r3d:institutionCountry>USA</r3d:institutionCountry>
        <r3d:responsibilityType>general</r3d:responsibilityType>
        <r3d:responsibilityType>technical</r3d:responsibilityType>
        <r3d:responsibilityType>funding</r3d:responsibilityType>
        <r3d:institutionType>non-profit</r3d:institutionType>
        <r3d:institutionURL>http://www.psc.isr.umich.edu/</r3d:institutionURL>
        <r3d:responsibilityStartDate></r3d:responsibilityStartDate>
        <r3d:responsibilityEndDate></r3d:responsibilityEndDate>
        <r3d:institutionContact>http://www.icpsr.umich.edu/icpsrweb/DSDR/feedback.jsp</r3d:institutionContact>
    </r3d:institution>
    <r3d:institution>
        <r3d:institutionName language="eng">Inter-university Consortium for Political and Social Research</r3d:institutionName>
        <r3d:institutionAdditionalName language="eng">ICPSR</r3d:institutionAdditionalName>
        <r3d:institutionCountry>USA</r3d:institutionCountry>
        <r3d:responsibilityType>general</r3d:responsibilityType>
        <r3d:responsibilityType>technical</r3d:responsibilityType>
        <r3d:institutionType>non-profit</r3d:institutionType>
        <r3d:institutionURL>http://www.icpsr.umich.edu/icpsrweb/</r3d:institutionURL>
        <r3d:responsibilityStartDate></r3d:responsibilityStartDate>
        <r3d:responsibilityEndDate></r3d:responsibilityEndDate>
    </r3d:institution>
    <r3d:institution>
        <r3d:institutionName language="eng">Eunice Kennedy Shriver National Institute of Child Health and Human Development</r3d:institutionName>
        <r3d:institutionAdditionalName language="eng">NICHD NIH</r3d:institutionAdditionalName>
        <r3d:institutionCountry>USA</r3d:institutionCountry>
        <r3d:responsibilityType>funding</r3d:responsibilityType>
        <r3d:institutionType>non-profit</r3d:institutionType>
        <r3d:institutionURL>https://www.nichd.nih.gov/Pages/index.aspx</r3d:institutionURL>
        <r3d:responsibilityStartDate></r3d:responsibilityStartDate>
        <r3d:responsibilityEndDate></r3d:responsibilityEndDate>
    </r3d:institution>
    <r3d:institution>
        <r3d:institutionName language="eng">US Department of Health and Human Services, National Institutes of Health</r3d:institutionName>
        <r3d:institutionAdditionalName language="eng">NICHD NIH</r3d:institutionAdditionalName>
        <r3d:institutionCountry>USA</r3d:institutionCountry>
        <r3d:responsibilityType>funding</r3d:responsibilityType>
        <r3d:institutionType>non-profit</r3d:institutionType>
        <r3d:institutionURL>https://www.nih.gov/</r3d:institutionURL>
        <r3d:responsibilityStartDate></r3d:responsibilityStartDate>
        <r3d:responsibilityEndDate></r3d:responsibilityEndDate>
    </r3d:institution>
    <r3d:policy>
        <r3d:policyName>Guide to social science data preparation and archiving</r3d:policyName>
        <r3d:policyURL>https://www.icpsr.umich.edu/icpsrweb/content/deposit/guide/index.html</r3d:policyURL>
    </r3d:policy>
    <r3d:policy>
        <r3d:policyName>digital preservation policies and planning at ICPRS</r3d:policyName>
        <r3d:policyURL>http://www.icpsr.umich.edu/icpsrweb/content/datamanagement/preservation/policies</r3d:policyURL>
    </r3d:policy>
    <r3d:policy>
        <r3d:policyName>Terms of Use</r3d:policyName>
        <r3d:policyURL>http://www.icpsr.umich.edu/files/datamanagement/preservation/policies/authrules.pdf</r3d:policyURL>
    </r3d:policy>
    <r3d:databaseAccess>
        <r3d:databaseAccessType>open</r3d:databaseAccessType>
    </r3d:databaseAccess>
    <r3d:dataAccess>
    <r3d:dataAccessType>restricted</r3d:dataAccessType>
    <r3d:dataAccessRestriction>registration</r3d:dataAccessRestriction>
    <r3d:dataAccessRestriction>institutional membership</r3d:dataAccessRestriction>
    <r3d:dataAccessRestriction>other</r3d:dataAccessRestriction>
    </r3d:dataAccess>
    <r3d:dataLicense>
        <r3d:dataLicenseName>Copyrights</r3d:dataLicenseName>
        <r3d:dataLicenseURL>http://www.icpsr.umich.edu/icpsrweb/content/datamanagement/preservation/policies/access-policy-framework.html</r3d:dataLicenseURL>
    </r3d:dataLicense>
    <r3d:dataLicense>
        <r3d:dataLicenseName>other</r3d:dataLicenseName>
        <r3d:dataLicenseURL>http://www.icpsr.umich.edu/files/datamanagement/preservation/policies/authrules.pdf</r3d:dataLicenseURL>
    </r3d:dataLicense>
    <r3d:dataUpload>
        <r3d:dataUploadType>restricted</r3d:dataUploadType>
        <r3d:dataUploadRestriction>other</r3d:dataUploadRestriction>
    </r3d:dataUpload>
    <r3d:dataUploadLicense>
        <r3d:dataUploadLicenseName>Guide to Social Science Data Preparation and Archiving
Phase 6: Depositing Data</r3d:dataUploadLicenseName>
        <r3d:dataUploadLicenseURL>https://www.icpsr.umich.edu/icpsrweb/content/deposit/guide/chapter6.html</r3d:dataUploadLicenseURL>
    </r3d:dataUploadLicense>
    <r3d:software>
        <r3d:softwareName>unknown</r3d:softwareName>
    </r3d:software>
    <r3d:versioning></r3d:versioning>
    <r3d:pidSystem>DOI</r3d:pidSystem>
    <r3d:citationGuidelineURL>http://www.icpsr.umich.edu/icpsrweb/ICPSR/studies/24681/version/1#cite</r3d:citationGuidelineURL>
    <r3d:enhancedPublication>yes</r3d:enhancedPublication>
    <r3d:qualityManagement>yes</r3d:qualityManagement>
    <r3d:metadataStandard>
      <r3d:metadataStandardName metadataStandardScheme="DCC">DDI - Data Documentation Initiative</r3d:metadataStandardName>
      <r3d:metadataStandardURL>http://www.dcc.ac.uk/resources/metadata-standards/ddi-data-documentation-initiative</r3d:metadataStandardURL>
    </r3d:metadataStandard>
    <r3d:remarks>Data Sharing for Demographic Research is one of the core partners of Inter-University Consortium for Political and Social Research (ICPSR)re3data100010255</r3d:remarks>
    <r3d:entryDate>2013-04-23</r3d:entryDate>
    <r3d:lastUpdate>2017-04-04</r3d:lastUpdate>
  </r3d:repository>
</r3d:re3data>