<?xml version="1.0" encoding="utf-8"?>
<!--re3data.org Schema for the Description of Research Data Repositories. Version 2.2, December 2014. doi:10.2312/re3.006-->
<r3d:re3data xmlns:r3d="http://www.re3data.org/schema/2-2" xmlns:xsi="http://www.w3.org/2001/XMLSchema-instance" xsi:schemaLocation="http://www.re3data.org/schema/2-2 http://schema.re3data.org/2-2/re3dataV2-2.xsd">
  <r3d:repository>
    <r3d:re3data.orgIdentifier>r3d100010494</r3d:re3data.orgIdentifier>
    <r3d:repositoryName language="fra">Réseau quetelet</r3d:repositoryName>
    <r3d:additionalName language="eng">French data archives for social sciences</r3d:additionalName>
    <r3d:additionalName language="fra">Réseau français des centres de données pour les sciences sociales</r3d:additionalName>
    <r3d:repositoryURL>http://www.reseau-quetelet.cnrs.fr/spip/?lang=en</r3d:repositoryURL>
    <r3d:repositoryIdentifier>ISSN 2427-1683</r3d:repositoryIdentifier>
    <r3d:description language="eng">The Réseau Quetelet, in cooperation with its partners, provides researchers from France and abroad interested in data treatment with the requisite access to databases in the following domains:
- Major data, censuses and other databases of French National Statistics
- Major French research data
- Privileged access to international data</r3d:description>
    <r3d:repositoryContact>http://www.reseau-quetelet.cnrs.fr/spip/article.php3?id_article=183&amp;lang=en</r3d:repositoryContact>
    <r3d:type>disciplinary</r3d:type>
    <r3d:size updated="2013-08-23">700 datasets</r3d:size>
    <r3d:startDate></r3d:startDate>
    <r3d:endDate></r3d:endDate>
    <r3d:repositoryLanguage>eng</r3d:repositoryLanguage>
    <r3d:repositoryLanguage>fra</r3d:repositoryLanguage>
    <r3d:subject subjectScheme="DFG">111 Social Sciences</r3d:subject>
    <r3d:subject subjectScheme="DFG">12 Social and Behavioural Sciences</r3d:subject>
    <r3d:subject subjectScheme="DFG">1 Humanities and Social Sciences</r3d:subject>
    <r3d:missionStatementURL>http://www.reseau-quetelet.cnrs.fr/spip/rubrique.php3?id_rubrique=3&amp;lang=en</r3d:missionStatementURL>
    <r3d:contentType contentTypeScheme="parse">Scientific and statistical data formats</r3d:contentType>
    <r3d:providerType>dataProvider</r3d:providerType>
    <r3d:keyword>socio-political</r3d:keyword>
    <r3d:keyword>surveys</r3d:keyword>
    <r3d:keyword>census data</r3d:keyword>
    <r3d:institution>
        <r3d:institutionName language="fra">Réseau Quetelet, Campus Paris-Jourdan</r3d:institutionName>
        <r3d:institutionCountry>FRA</r3d:institutionCountry>
        <r3d:responsibilityType>general</r3d:responsibilityType>
        <r3d:institutionType>non-profit</r3d:institutionType>
        <r3d:institutionURL>http://www.reseau-quetelet.cnrs.fr/spip?lang=en</r3d:institutionURL>
        <r3d:responsibilityStartDate></r3d:responsibilityStartDate>
        <r3d:responsibilityEndDate></r3d:responsibilityEndDate>
        <r3d:institutionContact>http://www.reseau-quetelet.cnrs.fr/spip/article.php3?id_article=183&amp;lang=en</r3d:institutionContact>
    </r3d:institution>
    <r3d:institution>
        <r3d:institutionName language="eng">Ministry of Research, National Data Committee in Humanities and Social Sciences</r3d:institutionName>
        <r3d:institutionAdditionalName language="fra">Ministère de la Recherche, Comité de Concertation pour les Données en Sciences Humaines et Sociales</r3d:institutionAdditionalName>
        <r3d:institutionAdditionalName language="fra">CCDSHS</r3d:institutionAdditionalName>
        <r3d:institutionCountry>FRA</r3d:institutionCountry>
        <r3d:responsibilityType>general</r3d:responsibilityType>
        <r3d:institutionType>non-profit</r3d:institutionType>
        <r3d:institutionURL>http://www.reseau-quetelet.cnrs.fr/spip/article.php3?id_article=183&amp;lang=en</r3d:institutionURL>
        <r3d:responsibilityStartDate></r3d:responsibilityStartDate>
        <r3d:responsibilityEndDate></r3d:responsibilityEndDate>
        <r3d:institutionContact>http://www.reseau-quetelet.cnrs.fr/spip/article.php3?id_article=183&amp;lang=en</r3d:institutionContact>
        <r3d:institutionContact>secretariat.ccdshs@ens.fr</r3d:institutionContact>
    </r3d:institution>
    <r3d:institution>
        <r3d:institutionName language="eng">Ministry of Higher Education and Research, National Center for Scientific Research</r3d:institutionName>
        <r3d:institutionAdditionalName language="fra">Ministère de l&#039;Enseignement supérieur et de la Recherche, Centre National de la Recherche Scientifique</r3d:institutionAdditionalName>
        <r3d:institutionAdditionalName language="fra">CNRS</r3d:institutionAdditionalName>
        <r3d:institutionCountry>FRA</r3d:institutionCountry>
        <r3d:institutionType>non-profit</r3d:institutionType>
        <r3d:institutionURL>http://www.cnrs.fr/index.php</r3d:institutionURL>
        <r3d:responsibilityStartDate></r3d:responsibilityStartDate>
        <r3d:responsibilityEndDate></r3d:responsibilityEndDate>
    </r3d:institution>
    <r3d:institution>
        <r3d:institutionName language="eng">Sciences Po</r3d:institutionName>
        <r3d:institutionCountry>FRA</r3d:institutionCountry>
        <r3d:institutionType>non-profit</r3d:institutionType>
        <r3d:institutionURL>http://www.sciencespo.fr/en</r3d:institutionURL>
        <r3d:responsibilityStartDate></r3d:responsibilityStartDate>
        <r3d:responsibilityEndDate></r3d:responsibilityEndDate>
        <r3d:institutionContact>info.cdsp@sciences-po.fr</r3d:institutionContact>
    </r3d:institution>
    <r3d:institution>
        <r3d:institutionName language="eng">National Institute for Demographic Studies</r3d:institutionName>
        <r3d:institutionAdditionalName language="fra">Institut national d&#039;études démographiques</r3d:institutionAdditionalName>
        <r3d:institutionAdditionalName language="fra">ined</r3d:institutionAdditionalName>
        <r3d:institutionCountry>FRA</r3d:institutionCountry>
        <r3d:institutionType>non-profit</r3d:institutionType>
        <r3d:institutionURL>http://www.ined.fr/en/homepage_of_ined_website/</r3d:institutionURL>
        <r3d:responsibilityStartDate></r3d:responsibilityStartDate>
        <r3d:responsibilityEndDate></r3d:responsibilityEndDate>
        <r3d:institutionContact>enquetes@ined.fr</r3d:institutionContact>
    </r3d:institution>
    <r3d:institution>
        <r3d:institutionName language="fra">École normale supérieure</r3d:institutionName>
        <r3d:institutionAdditionalName language="fra">ENS</r3d:institutionAdditionalName>
        <r3d:institutionCountry>FRA</r3d:institutionCountry>
        <r3d:institutionType>non-profit</r3d:institutionType>
        <r3d:institutionURL>http://www.ens.fr/?lang=en</r3d:institutionURL>
        <r3d:responsibilityStartDate></r3d:responsibilityStartDate>
        <r3d:responsibilityEndDate></r3d:responsibilityEndDate>
        <r3d:institutionContact>secretariat.ccdshs@ens.fr</r3d:institutionContact>
        <r3d:institutionContact>diffusion.adisp@ens.fr</r3d:institutionContact>
    </r3d:institution>
    <r3d:institution>
        <r3d:institutionName language="fra">L&#039;École des hautes études en sciences sociales</r3d:institutionName>
        <r3d:institutionAdditionalName language="fra">EHESS</r3d:institutionAdditionalName>
        <r3d:institutionCountry>FRA</r3d:institutionCountry>
        <r3d:institutionType>non-profit</r3d:institutionType>
        <r3d:institutionURL>http://www.ehess.fr/fr/</r3d:institutionURL>
        <r3d:responsibilityStartDate></r3d:responsibilityStartDate>
        <r3d:responsibilityEndDate></r3d:responsibilityEndDate>
    </r3d:institution>
    <r3d:institution>
        <r3d:institutionName language="eng">Council of European Social Science Data European Research Infrastructure Consortium</r3d:institutionName>
        <r3d:institutionAdditionalName language="eng">CESSDA ERIC</r3d:institutionAdditionalName>
        <r3d:institutionCountry>EEC</r3d:institutionCountry>
        <r3d:responsibilityType>general</r3d:responsibilityType>
        <r3d:institutionType>non-profit</r3d:institutionType>
        <r3d:institutionURL>https://www.cessda.eu/</r3d:institutionURL>
        <r3d:responsibilityStartDate></r3d:responsibilityStartDate>
        <r3d:responsibilityEndDate></r3d:responsibilityEndDate>
        <r3d:institutionContact>cessda@cessda.net</r3d:institutionContact>
    </r3d:institution>
    <r3d:policy>
        <r3d:policyName>Data access conditions</r3d:policyName>
        <r3d:policyURL>http://www.reseau-quetelet.cnrs.fr/spip/rubrique.php3?id_rubrique=67&amp;lang=en</r3d:policyURL>
    </r3d:policy>
    <r3d:policy>
        <r3d:policyName>How do I deposit data</r3d:policyName>
        <r3d:policyURL>http://www.reseau-quetelet.cnrs.fr/spip/article.php3?id_article=3&amp;lang=en</r3d:policyURL>
    </r3d:policy>
    <r3d:policy>
        <r3d:policyName>Secure Remote acces to confidential data Centre -CASD</r3d:policyName>
        <r3d:policyURL>http://www.reseau-quetelet.cnrs.fr/spip/rubrique.php3?id_rubrique=85&amp;lang=en</r3d:policyURL>
    </r3d:policy>
    <r3d:policy>
        <r3d:policyName>Legal informations</r3d:policyName>
        <r3d:policyURL>http://www.reseau-quetelet.cnrs.fr/spip/article.php3?id_article=74&amp;lang=en</r3d:policyURL>
    </r3d:policy>
    <r3d:policy>
        <r3d:policyName>CESSDA Data Access Policy</r3d:policyName>
        <r3d:policyURL>https://www.cessda.eu/content/download/963/8608/file/CESSDA%20Data%20Access%20Policy.pdf</r3d:policyURL>
    </r3d:policy>
    <r3d:databaseAccess>
        <r3d:databaseAccessType>open</r3d:databaseAccessType>
    </r3d:databaseAccess>
    <r3d:databaseLicense>
        <r3d:databaseLicenseName>Copyrights</r3d:databaseLicenseName>
        <r3d:databaseLicenseURL>http://www.reseau-quetelet.cnrs.fr/spip/article.php3?id_article=74&amp;lang=en</r3d:databaseLicenseURL>
    </r3d:databaseLicense>
    <r3d:dataAccess>
    <r3d:dataAccessType>restricted</r3d:dataAccessType>
    <r3d:dataAccessRestriction>registration</r3d:dataAccessRestriction>
    </r3d:dataAccess>
    <r3d:dataAccess>
    <r3d:dataAccessType>restricted</r3d:dataAccessType>
    <r3d:dataAccessRestriction>institutional membership</r3d:dataAccessRestriction>
    </r3d:dataAccess>
    <r3d:dataAccess>
    <r3d:dataAccessType>restricted</r3d:dataAccessType>
    <r3d:dataAccessRestriction>other</r3d:dataAccessRestriction>
    </r3d:dataAccess>
    <r3d:dataAccess>
    <r3d:dataAccessType>closed</r3d:dataAccessType>
    </r3d:dataAccess>
    <r3d:dataLicense>
        <r3d:dataLicenseName>other</r3d:dataLicenseName>
        <r3d:dataLicenseURL>http://www.reseau-quetelet.cnrs.fr/spip/rubrique.php3?id_rubrique=67&amp;lang=en</r3d:dataLicenseURL>
    </r3d:dataLicense>
    <r3d:dataLicense>
        <r3d:dataLicenseName>Copyrights</r3d:dataLicenseName>
        <r3d:dataLicenseURL>http://www.reseau-quetelet.cnrs.fr/spip/article.php3?id_article=74&amp;lang=en</r3d:dataLicenseURL>
    </r3d:dataLicense>
    <r3d:dataUpload>
        <r3d:dataUploadType>restricted</r3d:dataUploadType>
        <r3d:dataUploadRestriction>other</r3d:dataUploadRestriction>
    </r3d:dataUpload>
    <r3d:software>
        <r3d:softwareName>unknown</r3d:softwareName>
    </r3d:software>
    <r3d:versioning>no</r3d:versioning>
    <r3d:pidSystem>none</r3d:pidSystem>
    <r3d:citationGuidelineURL></r3d:citationGuidelineURL>
    <r3d:enhancedPublication>unknown</r3d:enhancedPublication>
    <r3d:qualityManagement>yes</r3d:qualityManagement>
    <r3d:metadataStandard>
      <r3d:metadataStandardName metadataStandardScheme="DCC">DDI - Data Documentation Initiative</r3d:metadataStandardName>
      <r3d:metadataStandardURL>http://www.dcc.ac.uk/resources/metadata-standards/ddi-data-documentation-initiative</r3d:metadataStandardURL>
    </r3d:metadataStandard>
    <r3d:syndication syndicationType="RSS">http://www.reseau-quetelet.cnrs.fr/spip/spip.php?page=backend-breves&amp;lang=fr</r3d:syndication>
    <r3d:remarks>The Réseau Quetelet’s partners are the CMH-ADISP (Centre Maurice Halbwachs Data Archives of National Statistics), the CDSP (Centre for Socio-political Data), the INED data service (National Institute of Demographic Studies) and the CASD (Secure Remote access to confidential data Centre).
The Réseau Quetelet is a member of CESSDA ERIC, the European network of databanks for research.</r3d:remarks>
    <r3d:entryDate>2013-08-23</r3d:entryDate>
    <r3d:lastUpdate>2017-08-02</r3d:lastUpdate>
  </r3d:repository>
</r3d:re3data>