<?xml version="1.0" encoding="utf-8"?>
<!--re3data.org Schema for the Description of Research Data Repositories. Version 2.2, December 2014. doi:10.2312/re3.006-->
<r3d:re3data xmlns:r3d="http://www.re3data.org/schema/2-2" xmlns:xsi="http://www.w3.org/2001/XMLSchema-instance" xsi:schemaLocation="http://www.re3data.org/schema/2-2 http://schema.re3data.org/2-2/re3dataV2-2.xsd">
  <r3d:repository>
    <r3d:re3data.orgIdentifier>r3d100010182</r3d:re3data.orgIdentifier>
    <r3d:repositoryName language="eng">Agency for Healthcare Research and Quality, Data &amp; Surveys</r3d:repositoryName>
    <r3d:additionalName language="eng">AHRQ data &amp; surveys</r3d:additionalName>
    <r3d:repositoryURL>http://www.ahrq.gov/research/data/index.html</r3d:repositoryURL>
    <r3d:repositoryIdentifier>RRID:nlx_157753</r3d:repositoryIdentifier>
    <r3d:repositoryIdentifier>RRID:SCR_003604</r3d:repositoryIdentifier>
    <r3d:description language="eng">a collection of data at Agency for Healthcare Research and Quality (AHRQ) supporting research that helps people make more informed decisions and improves the quality of health care services. The portal contains U.S.Health Information Knowledgebase (USHIK) and Systematic Review Data Repository (SRDR) and other sources concerning cost, quality, accesibility and evaluation of healthcare and medical insurance.</r3d:description>
    <r3d:repositoryContact>https://www.ahrq.gov/contact/index.html</r3d:repositoryContact>
    <r3d:type>institutional</r3d:type>
    <r3d:type>disciplinary</r3d:type>
    <r3d:size updated=""></r3d:size>
    <r3d:startDate>1999</r3d:startDate>
    <r3d:endDate></r3d:endDate>
    <r3d:repositoryLanguage>eng</r3d:repositoryLanguage>
    <r3d:repositoryLanguage>spa</r3d:repositoryLanguage>
    <r3d:subject subjectScheme="DFG">22 Medicine</r3d:subject>
    <r3d:subject subjectScheme="DFG">20502 Public Health, Health Services Research, Social Medicine</r3d:subject>
    <r3d:subject subjectScheme="DFG">111 Social Sciences</r3d:subject>
    <r3d:subject subjectScheme="DFG">11202 Economic and Social Policy</r3d:subject>
    <r3d:subject subjectScheme="DFG">11205 Statistics and Econometrics</r3d:subject>
    <r3d:subject subjectScheme="DFG">2 Life Sciences</r3d:subject>
    <r3d:subject subjectScheme="DFG">205 Medicine</r3d:subject>
    <r3d:subject subjectScheme="DFG">12 Social and Behavioural Sciences</r3d:subject>
    <r3d:subject subjectScheme="DFG">1 Humanities and Social Sciences</r3d:subject>
    <r3d:subject subjectScheme="DFG">112 Economics</r3d:subject>
    <r3d:missionStatementURL>http://www.ahrq.gov/cpi/about/</r3d:missionStatementURL>
    <r3d:contentType contentTypeScheme="parse">Standard office documents</r3d:contentType>
    <r3d:contentType contentTypeScheme="parse">Structured graphics</r3d:contentType>
    <r3d:contentType contentTypeScheme="parse">Scientific and statistical data formats</r3d:contentType>
    <r3d:contentType contentTypeScheme="parse">Plain text</r3d:contentType>
    <r3d:contentType contentTypeScheme="parse">Raw data</r3d:contentType>
    <r3d:contentType contentTypeScheme="parse">Archived data</r3d:contentType>
    <r3d:providerType>dataProvider</r3d:providerType>
    <r3d:providerType>serviceProvider</r3d:providerType>
    <r3d:keyword>health information technology</r3d:keyword>
    <r3d:keyword>public health</r3d:keyword>
    <r3d:keyword>patient data</r3d:keyword>
    <r3d:keyword>census data</r3d:keyword>
    <r3d:keyword>health care</r3d:keyword>
    <r3d:keyword>health insurance</r3d:keyword>
    <r3d:keyword>health policy</r3d:keyword>
    <r3d:institution>
        <r3d:institutionName language="eng">US Department of Health &amp; Human Services</r3d:institutionName>
        <r3d:institutionAdditionalName language="eng">HHS</r3d:institutionAdditionalName>
        <r3d:institutionCountry>USA</r3d:institutionCountry>
        <r3d:responsibilityType>funding</r3d:responsibilityType>
        <r3d:institutionType>non-profit</r3d:institutionType>
        <r3d:institutionURL>http://www.hhs.gov/</r3d:institutionURL>
        <r3d:responsibilityStartDate>1999</r3d:responsibilityStartDate>
        <r3d:responsibilityEndDate></r3d:responsibilityEndDate>
    </r3d:institution>
    <r3d:institution>
        <r3d:institutionName language="eng">Agency for Healthcare Research and Quality</r3d:institutionName>
        <r3d:institutionAdditionalName language="eng">AHRQ</r3d:institutionAdditionalName>
        <r3d:institutionCountry>USA</r3d:institutionCountry>
        <r3d:responsibilityType>general</r3d:responsibilityType>
        <r3d:responsibilityType>technical</r3d:responsibilityType>
        <r3d:institutionType>non-profit</r3d:institutionType>
        <r3d:institutionURL>http://www.ahrq.gov/</r3d:institutionURL>
        <r3d:responsibilityStartDate>1999</r3d:responsibilityStartDate>
        <r3d:responsibilityEndDate></r3d:responsibilityEndDate>
        <r3d:institutionContact>http://www.ahrq.gov/contact/index.html</r3d:institutionContact>
    </r3d:institution>
    <r3d:policy>
        <r3d:policyName>electronic policies</r3d:policyName>
        <r3d:policyURL>http://www.ahrq.gov/policy/electronic/about/policyix.html</r3d:policyURL>
    </r3d:policy>
    <r3d:policy>
        <r3d:policyName>Accessibility</r3d:policyName>
        <r3d:policyURL>https://www.ahrq.gov/policy/electronic/accessibility/index.html</r3d:policyURL>
    </r3d:policy>
    <r3d:databaseAccess>
        <r3d:databaseAccessType>open</r3d:databaseAccessType>
    </r3d:databaseAccess>
    <r3d:dataAccess>
    <r3d:dataAccessType>open</r3d:dataAccessType>
    </r3d:dataAccess>
    <r3d:dataAccess>
    <r3d:dataAccessType>restricted</r3d:dataAccessType>
    <r3d:dataAccessRestriction>other</r3d:dataAccessRestriction>
    </r3d:dataAccess>
    <r3d:dataLicense>
        <r3d:dataLicenseName>Public Domain</r3d:dataLicenseName>
        <r3d:dataLicenseURL>https://info.ahrq.gov/app/answers/detail/a_id/341/kw/copyright/</r3d:dataLicenseURL>
    </r3d:dataLicense>
    <r3d:dataLicense>
        <r3d:dataLicenseName>Copyrights</r3d:dataLicenseName>
        <r3d:dataLicenseURL>http://www.ahrq.gov/policy/electronic/copyright/index.html</r3d:dataLicenseURL>
    </r3d:dataLicense>
    <r3d:dataUpload>
        <r3d:dataUploadType>restricted</r3d:dataUploadType>
        <r3d:dataUploadRestriction>other</r3d:dataUploadRestriction>
    </r3d:dataUpload>
    <r3d:software>
        <r3d:softwareName>unknown</r3d:softwareName>
    </r3d:software>
    <r3d:versioning></r3d:versioning>
    <r3d:api apiType="FTP">ftp://ftp.ihe.net/</r3d:api>
    <r3d:api apiType="REST">http://ushik.ahrq.gov/help/MeaningfulUse/api?system=mu&amp;enableAsynchronousLoading=true#Retrieve_Value_Set</r3d:api>
    <r3d:pidSystem>none</r3d:pidSystem>
    <r3d:citationGuidelineURL>http://www.ahrq.gov/research/publications/pubcomguide/index.html</r3d:citationGuidelineURL>
    <r3d:enhancedPublication>unknown</r3d:enhancedPublication>
    <r3d:qualityManagement>yes</r3d:qualityManagement>
    <r3d:syndication syndicationType="RSS">http://www.ahrq.gov/news/newsroom/socialmedia.html#rss</r3d:syndication>
    <r3d:remarks>The Agency for Healthcare Research and Quality&#039;s (AHRQ) mission is to improve the quality, safety, efficiency, and effectiveness of health care for all Americans. As 1 of 12 agencies within the Department of Health and Human Services, AHRQ supports research that helps people make more informed decisions and improves the quality of health care services.</r3d:remarks>
    <r3d:entryDate>2013-01-14</r3d:entryDate>
    <r3d:lastUpdate>2017-03-30</r3d:lastUpdate>
  </r3d:repository>
</r3d:re3data>