<?xml version="1.0" encoding="utf-8"?>
<!--re3data.org Schema for the Description of Research Data Repositories. Version 2.2, December 2014. doi:10.2312/re3.006-->
<r3d:re3data xmlns:r3d="http://www.re3data.org/schema/2-2" xmlns:xsi="http://www.w3.org/2001/XMLSchema-instance" xsi:schemaLocation="http://www.re3data.org/schema/2-2 http://schema.re3data.org/2-2/re3dataV2-2.xsd">
  <r3d:repository>
    <r3d:re3data.orgIdentifier>r3d100010121</r3d:re3data.orgIdentifier>
    <r3d:repositoryName language="eng">PDS</r3d:repositoryName>
    <r3d:additionalName language="eng">The Planetary Data System</r3d:additionalName>
    <r3d:repositoryURL>http://pds.jpl.nasa.gov/</r3d:repositoryURL>
    <r3d:description language="eng">The PDS archives and distributes scientific data from NASA planetary missions, astronomical observations, and laboratory measurements. The PDS is sponsored by NASA&#039;s Science Mission Directorate. Its purpose is to ensure the long-term usability of NASA data and to stimulate advanced research</r3d:description>
    <r3d:repositoryContact>https://pds.jpl.nasa.gov/contact/contact.shtml</r3d:repositoryContact>
    <r3d:type>disciplinary</r3d:type>
    <r3d:type>other</r3d:type>
    <r3d:size updated=""></r3d:size>
    <r3d:startDate>1990</r3d:startDate>
    <r3d:endDate></r3d:endDate>
    <r3d:repositoryLanguage>eng</r3d:repositoryLanguage>
    <r3d:subject subjectScheme="DFG">31301 Atmospheric Science</r3d:subject>
    <r3d:subject subjectScheme="DFG">311 Astrophysics and Astronomy</r3d:subject>
    <r3d:subject subjectScheme="DFG">313 Atmospheric Science and Oceanography</r3d:subject>
    <r3d:subject subjectScheme="DFG">34 Geosciences (including Geography)</r3d:subject>
    <r3d:subject subjectScheme="DFG">3 Natural Sciences</r3d:subject>
    <r3d:subject subjectScheme="DFG">32 Physics</r3d:subject>
    <r3d:missionStatementURL>http://pds.jpl.nasa.gov/about/about.shtml</r3d:missionStatementURL>
    <r3d:contentType contentTypeScheme="parse">Images</r3d:contentType>
    <r3d:contentType contentTypeScheme="parse">Structured text</r3d:contentType>
    <r3d:contentType contentTypeScheme="parse">Structured graphics</r3d:contentType>
    <r3d:contentType contentTypeScheme="parse">Scientific and statistical data formats</r3d:contentType>
    <r3d:contentType contentTypeScheme="parse">Software applications</r3d:contentType>
    <r3d:contentType contentTypeScheme="parse">Standard office documents</r3d:contentType>
    <r3d:providerType>dataProvider</r3d:providerType>
    <r3d:providerType>serviceProvider</r3d:providerType>
    <r3d:keyword>satellite missions</r3d:keyword>
    <r3d:keyword>planets</r3d:keyword>
    <r3d:keyword>comets</r3d:keyword>
    <r3d:keyword>asteroids</r3d:keyword>
    <r3d:keyword>solar system</r3d:keyword>
    <r3d:keyword>geological survey</r3d:keyword>
    <r3d:keyword>observation</r3d:keyword>
    <r3d:institution>
        <r3d:institutionName language="eng">California Institute of Technology, Jet Propulsion Laboratory, PDS Engineering Node</r3d:institutionName>
        <r3d:institutionAdditionalName language="eng">JPL</r3d:institutionAdditionalName>
        <r3d:institutionCountry>USA</r3d:institutionCountry>
        <r3d:responsibilityType>technical</r3d:responsibilityType>
        <r3d:institutionType>non-profit</r3d:institutionType>
        <r3d:institutionURL>https://pds-engineering.jpl.nasa.gov/</r3d:institutionURL>
        <r3d:responsibilityStartDate>1990</r3d:responsibilityStartDate>
        <r3d:responsibilityEndDate></r3d:responsibilityEndDate>
        <r3d:institutionContact>https://pds.jpl.nasa.gov/contact/contact.shtml</r3d:institutionContact>
    </r3d:institution>
    <r3d:institution>
        <r3d:institutionName language="eng">PDS Project Office</r3d:institutionName>
        <r3d:institutionCountry>USA</r3d:institutionCountry>
        <r3d:responsibilityType>general</r3d:responsibilityType>
        <r3d:institutionType>non-profit</r3d:institutionType>
        <r3d:institutionURL>http://mgmt.pds.nasa.gov/</r3d:institutionURL>
        <r3d:responsibilityStartDate>1990</r3d:responsibilityStartDate>
        <r3d:responsibilityEndDate></r3d:responsibilityEndDate>
        <r3d:institutionContact>http://mgmt.pds.nasa.gov/contacts.html</r3d:institutionContact>
    </r3d:institution>
    <r3d:institution>
        <r3d:institutionName language="eng">National Aeronautics and Space Administration</r3d:institutionName>
        <r3d:institutionAdditionalName language="eng">NASA</r3d:institutionAdditionalName>
        <r3d:institutionCountry>USA</r3d:institutionCountry>
        <r3d:responsibilityType>funding</r3d:responsibilityType>
        <r3d:institutionType>non-profit</r3d:institutionType>
        <r3d:institutionURL>https://www.nasa.gov/</r3d:institutionURL>
        <r3d:responsibilityStartDate>1990</r3d:responsibilityStartDate>
        <r3d:responsibilityEndDate></r3d:responsibilityEndDate>
        <r3d:institutionContact>https://www.nasa.gov/about/contact/index.html</r3d:institutionContact>
    </r3d:institution>
    <r3d:policy>
        <r3d:policyName>Freedom of Information Act</r3d:policyName>
        <r3d:policyURL>http://www.hq.nasa.gov/office/pao/FOIA/</r3d:policyURL>
    </r3d:policy>
    <r3d:policy>
        <r3d:policyName>image use policy</r3d:policyName>
        <r3d:policyURL>http://www.jpl.nasa.gov/imagepolicy/</r3d:policyURL>
    </r3d:policy>
    <r3d:policy>
        <r3d:policyName>PDS Policies</r3d:policyName>
        <r3d:policyURL>https://pds.jpl.nasa.gov/policy/index.shtml</r3d:policyURL>
    </r3d:policy>
    <r3d:policy>
        <r3d:policyName>Privacy policy</r3d:policyName>
        <r3d:policyURL>https://www.nasa.gov/about/highlights/HP_Privacy.html</r3d:policyURL>
    </r3d:policy>
    <r3d:databaseAccess>
        <r3d:databaseAccessType>open</r3d:databaseAccessType>
    </r3d:databaseAccess>
    <r3d:dataAccess>
    <r3d:dataAccessType>open</r3d:dataAccessType>
    </r3d:dataAccess>
    <r3d:dataLicense>
        <r3d:dataLicenseName>Copyrights</r3d:dataLicenseName>
        <r3d:dataLicenseURL>http://www.jpl.nasa.gov/copyrights.php</r3d:dataLicenseURL>
    </r3d:dataLicense>
    <r3d:dataLicense>
        <r3d:dataLicenseName>Public Domain</r3d:dataLicenseName>
        <r3d:dataLicenseURL>http://sbndev.astro.umd.edu/nasa_pds/pds/home</r3d:dataLicenseURL>
    </r3d:dataLicense>
    <r3d:dataUpload>
        <r3d:dataUploadType>restricted</r3d:dataUploadType>
        <r3d:dataUploadRestriction>other</r3d:dataUploadRestriction>
    </r3d:dataUpload>
    <r3d:software>
        <r3d:softwareName>other</r3d:softwareName>
    </r3d:software>
    <r3d:versioning>yes</r3d:versioning>
    <r3d:api apiType="other">http://sbndev.astro.umd.edu/nasa_pds/pds/home</r3d:api>
    <r3d:pidSystem>none</r3d:pidSystem>
    <r3d:citationGuidelineURL>http://pds.jpl.nasa.gov/citation/index.shtml</r3d:citationGuidelineURL>
    <r3d:enhancedPublication>unknown</r3d:enhancedPublication>
    <r3d:qualityManagement>yes</r3d:qualityManagement>
    <r3d:remarks></r3d:remarks>
    <r3d:entryDate>2012-12-05</r3d:entryDate>
    <r3d:lastUpdate>2017-02-13</r3d:lastUpdate>
  </r3d:repository>
</r3d:re3data>