<?xml version="1.0" encoding="utf-8"?>
<!--re3data.org Schema for the Description of Research Data Repositories. Version 2.2, December 2014. doi:10.2312/re3.006-->
<r3d:re3data xmlns:r3d="http://www.re3data.org/schema/2-2" xmlns:xsi="http://www.w3.org/2001/XMLSchema-instance" xsi:schemaLocation="http://www.re3data.org/schema/2-2 http://schema.re3data.org/2-2/re3dataV2-2.xsd">
  <r3d:repository>
    <r3d:re3data.orgIdentifier>r3d100010325</r3d:re3data.orgIdentifier>
    <r3d:repositoryName language="eng">openLandscapes</r3d:repositoryName>
    <r3d:additionalName language="eng">The Knowledge Collection for Landscape Science</r3d:additionalName>
    <r3d:repositoryURL>http://openlandscapes.zalf.de/default.aspx</r3d:repositoryURL>
    <r3d:description language="eng">openLandscapes is an open access information portal for landscape research. Amongst other things, the platform provides information about current research projects. In addition, it offers the scientific community the possibility to maintain a Wiki on landscape-related contents and to make available future primary data from landscape research. In openLandscapes, all technical contents are stored and organised in a networked manner, enabling technical terms to be linked to experts or institutions, as well as to data in the future.</r3d:description>
    <r3d:repositoryContact>http://openlandscapes.zalf.de/Contact/contact.aspx</r3d:repositoryContact>
    <r3d:type>disciplinary</r3d:type>
    <r3d:size updated=""></r3d:size>
    <r3d:startDate></r3d:startDate>
    <r3d:endDate></r3d:endDate>
    <r3d:repositoryLanguage>eng</r3d:repositoryLanguage>
    <r3d:subject subjectScheme="DFG">111 Social Sciences</r3d:subject>
    <r3d:subject subjectScheme="DFG">20202 Plant Ecology and Ecosystem Analysis</r3d:subject>
    <r3d:subject subjectScheme="DFG">20303 Animal Ecology, Biodiversity and Ecosystem Research</r3d:subject>
    <r3d:subject subjectScheme="DFG">20402 Microbial Ecology and Applied Microbiology</r3d:subject>
    <r3d:subject subjectScheme="DFG">207 Agriculture, Forestry, Horticulture and Veterinary Medicine</r3d:subject>
    <r3d:subject subjectScheme="DFG">20701 Soil Sciences</r3d:subject>
    <r3d:subject subjectScheme="DFG">20704 Ecology of Agricultural Landscapes</r3d:subject>
    <r3d:subject subjectScheme="DFG">21 Biology</r3d:subject>
    <r3d:subject subjectScheme="DFG">3 Natural Sciences</r3d:subject>
    <r3d:subject subjectScheme="DFG">318 Water Research</r3d:subject>
    <r3d:subject subjectScheme="DFG">31801 Hydrogeology, Hydrology, Limnology, Urban Water Management, Water Chemistry, Integrated Water Resources Management</r3d:subject>
    <r3d:subject subjectScheme="DFG">12 Social and Behavioural Sciences</r3d:subject>
    <r3d:subject subjectScheme="DFG">1 Humanities and Social Sciences</r3d:subject>
    <r3d:subject subjectScheme="DFG">202 Plant Sciences</r3d:subject>
    <r3d:subject subjectScheme="DFG">2 Life Sciences</r3d:subject>
    <r3d:subject subjectScheme="DFG">203 Zoology</r3d:subject>
    <r3d:subject subjectScheme="DFG">204 Microbiology, Virology and Immunology</r3d:subject>
    <r3d:subject subjectScheme="DFG">22 Medicine</r3d:subject>
    <r3d:subject subjectScheme="DFG">23 Agriculture, Forestry, Horticulture and Veterinary Medicine</r3d:subject>
    <r3d:subject subjectScheme="DFG">34 Geosciences (including Geography)</r3d:subject>
    <r3d:missionStatementURL>http://openlandscapes.zalf.de/default.aspx</r3d:missionStatementURL>
    <r3d:contentType contentTypeScheme="parse">Standard office documents</r3d:contentType>
    <r3d:contentType contentTypeScheme="parse">Structured text</r3d:contentType>
    <r3d:contentType contentTypeScheme="parse">Plain text</r3d:contentType>
    <r3d:contentType contentTypeScheme="parse">other</r3d:contentType>
    <r3d:providerType>dataProvider</r3d:providerType>
    <r3d:providerType>serviceProvider</r3d:providerType>
    <r3d:keyword>agricultural science</r3d:keyword>
    <r3d:keyword>biodiversity</r3d:keyword>
    <r3d:keyword>biogeochemistry</r3d:keyword>
    <r3d:keyword>ecosystem services</r3d:keyword>
    <r3d:keyword>environmental science</r3d:keyword>
    <r3d:keyword>ecological network</r3d:keyword>
    <r3d:keyword>ecology</r3d:keyword>
    <r3d:keyword>ecosystem</r3d:keyword>
    <r3d:keyword>geography</r3d:keyword>
    <r3d:keyword>landscape ecology</r3d:keyword>
    <r3d:keyword>landscape science</r3d:keyword>
    <r3d:institution>
        <r3d:institutionName language="eng">Leibniz Centre for Agricultural Landscape Research</r3d:institutionName>
        <r3d:institutionAdditionalName language="deu">Leibniz-Zentrum für Agrarlandschaftsforschung</r3d:institutionAdditionalName>
        <r3d:institutionAdditionalName language="deu">ZALF</r3d:institutionAdditionalName>
        <r3d:institutionCountry>DEU</r3d:institutionCountry>
        <r3d:responsibilityType>general</r3d:responsibilityType>
        <r3d:institutionType>non-profit</r3d:institutionType>
        <r3d:institutionURL>http://www.zalf.de/de/Seiten/ZALF.aspx</r3d:institutionURL>
        <r3d:responsibilityStartDate></r3d:responsibilityStartDate>
        <r3d:responsibilityEndDate></r3d:responsibilityEndDate>
        <r3d:institutionContact>http://openlandscapes.zalf.de/Contact/contact.aspx</r3d:institutionContact>
        <r3d:institutionContact>chenneberg@zalf.de</r3d:institutionContact>
    </r3d:institution>
    <r3d:institution>
        <r3d:institutionName language="eng">International Association for Landscape Ecology, Regional Chapter Germany</r3d:institutionName>
        <r3d:institutionAdditionalName language="eng">IALE-D</r3d:institutionAdditionalName>
        <r3d:institutionAdditionalName language="deu">Internationale Gesellschaft für Landschaftsökologie</r3d:institutionAdditionalName>
        <r3d:institutionCountry>DEU</r3d:institutionCountry>
        <r3d:responsibilityType>general</r3d:responsibilityType>
        <r3d:institutionType>non-profit</r3d:institutionType>
        <r3d:institutionURL>http://www.iale.de/home.html</r3d:institutionURL>
        <r3d:responsibilityStartDate></r3d:responsibilityStartDate>
        <r3d:responsibilityEndDate></r3d:responsibilityEndDate>
        <r3d:institutionContact>http://www.iale.de/no_cache/kontakt.html</r3d:institutionContact>
    </r3d:institution>
    <r3d:databaseAccess>
        <r3d:databaseAccessType>open</r3d:databaseAccessType>
    </r3d:databaseAccess>
    <r3d:databaseLicense>
        <r3d:databaseLicenseName>CC</r3d:databaseLicenseName>
        <r3d:databaseLicenseURL>http://creativecommons.org/licenses/</r3d:databaseLicenseURL>
    </r3d:databaseLicense>
    <r3d:dataAccess>
    <r3d:dataAccessType>open</r3d:dataAccessType>
    </r3d:dataAccess>
    <r3d:dataLicense>
        <r3d:dataLicenseName>CC</r3d:dataLicenseName>
        <r3d:dataLicenseURL>http://creativecommons.org/licenses/</r3d:dataLicenseURL>
    </r3d:dataLicense>
    <r3d:dataLicense>
        <r3d:dataLicenseName>Copyrights</r3d:dataLicenseName>
        <r3d:dataLicenseURL>http://openlandscapes.zalf.de/Imprint/imprint.aspx</r3d:dataLicenseURL>
    </r3d:dataLicense>
    <r3d:dataUpload>
        <r3d:dataUploadType>restricted</r3d:dataUploadType>
        <r3d:dataUploadRestriction>registration</r3d:dataUploadRestriction>
    </r3d:dataUpload>
    <r3d:software>
        <r3d:softwareName>other</r3d:softwareName>
    </r3d:software>
    <r3d:versioning>no</r3d:versioning>
    <r3d:pidSystem>DOI</r3d:pidSystem>
    <r3d:citationGuidelineURL></r3d:citationGuidelineURL>
    <r3d:enhancedPublication>unknown</r3d:enhancedPublication>
    <r3d:qualityManagement>yes</r3d:qualityManagement>
    <r3d:remarks></r3d:remarks>
    <r3d:entryDate>2013-12-14</r3d:entryDate>
    <r3d:lastUpdate>2017-04-28</r3d:lastUpdate>
  </r3d:repository>
</r3d:re3data>