<?xml version="1.0" encoding="utf-8"?>
<!--re3data.org Schema for the Description of Research Data Repositories. Version 2.2, December 2014. doi:10.2312/re3.006-->
<r3d:re3data xmlns:r3d="http://www.re3data.org/schema/2-2" xmlns:xsi="http://www.w3.org/2001/XMLSchema-instance" xsi:schemaLocation="http://www.re3data.org/schema/2-2 http://schema.re3data.org/2-2/re3dataV2-2.xsd">
  <r3d:repository>
    <r3d:re3data.orgIdentifier>r3d100010583</r3d:re3data.orgIdentifier>
    <r3d:repositoryName language="eng">Plasma Physics Data Center</r3d:repositoryName>
    <r3d:additionalName language="fra">Centre de Données de la Physique de Plasma</r3d:additionalName>
    <r3d:additionalName language="fra">CDPP</r3d:additionalName>
    <r3d:repositoryURL>http://cdpp.eu/</r3d:repositoryURL>
    <r3d:repositoryIdentifier>ISSN 2417-8756</r3d:repositoryIdentifier>
    <r3d:description language="eng">The CDPP is the French national data centre for natural plasmas of the solar system. The CDPP assures the long term preservation of data obtained primarily from instruments built using French resources, and renders them readily accessible and exploitable by the international community. The CDPP also provides services to enable on-line data analysis (AMDA), 3D data visualization in context (3DView), and a propagation tool which bridges solar perturbations to in-situ measurements. The CDPP is involved in the development of interoperability, participates in several Virtual Observatory projects, and supports data distribution for scientific missions (Solar Orbiter, JUICE).</r3d:description>
    <r3d:repositoryContact>http://cdpp.eu/index.php/Contact/CDPP.html</r3d:repositoryContact>
    <r3d:type>disciplinary</r3d:type>
    <r3d:type>institutional</r3d:type>
    <r3d:size updated=""></r3d:size>
    <r3d:startDate>1998</r3d:startDate>
    <r3d:endDate></r3d:endDate>
    <r3d:repositoryLanguage>eng</r3d:repositoryLanguage>
    <r3d:repositoryLanguage>fra</r3d:repositoryLanguage>
    <r3d:subject subjectScheme="DFG">3 Natural Sciences</r3d:subject>
    <r3d:subject subjectScheme="DFG">32 Physics</r3d:subject>
    <r3d:subject subjectScheme="DFG">308 Optics, Quantum Optics and Physics of Atoms, Molecules and Plasmas</r3d:subject>
    <r3d:subject subjectScheme="DFG">311 Astrophysics and Astronomy</r3d:subject>
    <r3d:missionStatementURL></r3d:missionStatementURL>
    <r3d:contentType contentTypeScheme="parse">Raw data</r3d:contentType>
    <r3d:contentType contentTypeScheme="parse">Scientific and statistical data formats</r3d:contentType>
    <r3d:contentType contentTypeScheme="parse">Software applications</r3d:contentType>
    <r3d:contentType contentTypeScheme="parse">Structured graphics</r3d:contentType>
    <r3d:contentType contentTypeScheme="parse">Plain text</r3d:contentType>
    <r3d:contentType contentTypeScheme="parse">Structured text</r3d:contentType>
    <r3d:contentType contentTypeScheme="parse">Images</r3d:contentType>
    <r3d:contentType contentTypeScheme="parse">Audiovisual data</r3d:contentType>
    <r3d:providerType>serviceProvider</r3d:providerType>
    <r3d:keyword>natural plasmas</r3d:keyword>
    <r3d:keyword>solar system</r3d:keyword>
    <r3d:keyword>space plasma physics</r3d:keyword>
    <r3d:keyword>virtual observatories</r3d:keyword>
    <r3d:keyword>VO</r3d:keyword>
    <r3d:institution>
        <r3d:institutionName language="fra">Centre National d&#039;Etudes Spatiales</r3d:institutionName>
        <r3d:institutionAdditionalName language="fra">CNES</r3d:institutionAdditionalName>
        <r3d:institutionCountry>FRA</r3d:institutionCountry>
        <r3d:responsibilityType>general</r3d:responsibilityType>
        <r3d:responsibilityType>funding</r3d:responsibilityType>
        <r3d:institutionType>non-profit</r3d:institutionType>
        <r3d:institutionURL>http://www.cnes.fr/web/CNES-en/7114-home-cnes.php</r3d:institutionURL>
        <r3d:responsibilityStartDate>1998</r3d:responsibilityStartDate>
        <r3d:responsibilityEndDate></r3d:responsibilityEndDate>
        <r3d:institutionContact>http://cdpp.eu/index.php/Contact/CDPP.html</r3d:institutionContact>
    </r3d:institution>
    <r3d:institution>
        <r3d:institutionName language="fra">Centre National de la Recherche Scientifique</r3d:institutionName>
        <r3d:institutionAdditionalName language="fra">CNRS</r3d:institutionAdditionalName>
        <r3d:institutionCountry>FRA</r3d:institutionCountry>
        <r3d:responsibilityType>general</r3d:responsibilityType>
        <r3d:responsibilityType>funding</r3d:responsibilityType>
        <r3d:institutionType>non-profit</r3d:institutionType>
        <r3d:institutionURL>http://www.cnrs.fr/index.php</r3d:institutionURL>
        <r3d:responsibilityStartDate>1998</r3d:responsibilityStartDate>
        <r3d:responsibilityEndDate></r3d:responsibilityEndDate>
        <r3d:institutionContact>http://cdpp.eu/index.php/Contact/CDPP.html</r3d:institutionContact>
    </r3d:institution>
    <r3d:institution>
        <r3d:institutionName language="fra">Institut de Recherche en Astrophysique et Planétologie</r3d:institutionName>
        <r3d:institutionAdditionalName language="fra">IRAP</r3d:institutionAdditionalName>
        <r3d:institutionCountry>FRA</r3d:institutionCountry>
        <r3d:responsibilityType>technical</r3d:responsibilityType>
        <r3d:institutionType>non-profit</r3d:institutionType>
        <r3d:institutionURL>http://www.irap.omp.eu/en</r3d:institutionURL>
        <r3d:responsibilityStartDate></r3d:responsibilityStartDate>
        <r3d:responsibilityEndDate></r3d:responsibilityEndDate>
        <r3d:institutionContact>cdpp@irap.omp.eu</r3d:institutionContact>
    </r3d:institution>
    <r3d:policy>
        <r3d:policyName>License for Data Centre Users</r3d:policyName>
        <r3d:policyURL>http://cdpp2.cnes.fr/cdpp/licenceAction.do</r3d:policyURL>
    </r3d:policy>
    <r3d:databaseAccess>
        <r3d:databaseAccessType>open</r3d:databaseAccessType>
    </r3d:databaseAccess>
    <r3d:dataAccess>
    <r3d:dataAccessType>restricted</r3d:dataAccessType>
    <r3d:dataAccessRestriction>other</r3d:dataAccessRestriction>
    </r3d:dataAccess>
    <r3d:dataAccess>
    <r3d:dataAccessType>restricted</r3d:dataAccessType>
    <r3d:dataAccessRestriction>registration</r3d:dataAccessRestriction>
    </r3d:dataAccess>
    <r3d:dataLicense>
        <r3d:dataLicenseName>other</r3d:dataLicenseName>
        <r3d:dataLicenseURL>http://cdpp.eu/index.php/Rules-of-the-road/</r3d:dataLicenseURL>
    </r3d:dataLicense>
    <r3d:dataUpload>
        <r3d:dataUploadType>closed</r3d:dataUploadType>
    </r3d:dataUpload>
    <r3d:software>
        <r3d:softwareName>other</r3d:softwareName>
    </r3d:software>
    <r3d:versioning></r3d:versioning>
    <r3d:api apiType="other">http://amda.cdpp.eu/</r3d:api>
    <r3d:pidSystem>none</r3d:pidSystem>
    <r3d:citationGuidelineURL></r3d:citationGuidelineURL>
    <r3d:enhancedPublication></r3d:enhancedPublication>
    <r3d:qualityManagement>unknown</r3d:qualityManagement>
    <r3d:remarks>The CDPP is a member of the PNST (Programme National Soleil-Terre) and of the ASOV (Action Spécifique Observatoire Virtuel).</r3d:remarks>
    <r3d:entryDate>2014-01-09</r3d:entryDate>
    <r3d:lastUpdate>2015-01-30</r3d:lastUpdate>
  </r3d:repository>
</r3d:re3data>