<?xml version="1.0" encoding="utf-8"?>
<!--re3data.org Schema for the Description of Research Data Repositories. Version 2.2, December 2014. doi:10.2312/re3.006-->
<r3d:re3data xmlns:r3d="http://www.re3data.org/schema/2-2" xmlns:xsi="http://www.w3.org/2001/XMLSchema-instance" xsi:schemaLocation="http://www.re3data.org/schema/2-2 http://schema.re3data.org/2-2/re3dataV2-2.xsd">
  <r3d:repository>
    <r3d:re3data.orgIdentifier>r3d100000018</r3d:re3data.orgIdentifier>
    <r3d:repositoryName language="eng">Cell Centered Database</r3d:repositoryName>
    <r3d:additionalName language="eng">CCDB</r3d:additionalName>
    <r3d:repositoryURL>http://ccdb.ucsd.edu/index.shtm</r3d:repositoryURL>
    <r3d:repositoryIdentifier>RRID:nif-0000-00007</r3d:repositoryIdentifier>
    <r3d:repositoryIdentifier>RRID:SCR_002168</r3d:repositoryIdentifier>
    <r3d:description language="eng">The CCDB project was started in 1998 under the auspices of the Human Brain Project to provide a venue for sharing and mining cellular and subcellular data derived from light and electron microscopy, including correlated imaging. It was one of the first web databases devoted to the then emerging technique of electron tomography. The CCDB has been on-line since 2002.</r3d:description>
    <r3d:repositoryContact>webmaster@ccdb.ucsd.edu</r3d:repositoryContact>
    <r3d:type>disciplinary</r3d:type>
    <r3d:size updated=""></r3d:size>
    <r3d:startDate>1998</r3d:startDate>
    <r3d:endDate></r3d:endDate>
    <r3d:repositoryLanguage>eng</r3d:repositoryLanguage>
    <r3d:subject subjectScheme="DFG">22 Medicine</r3d:subject>
    <r3d:subject subjectScheme="DFG">20503 Human Genetics</r3d:subject>
    <r3d:subject subjectScheme="DFG">206 Neurosciences</r3d:subject>
    <r3d:subject subjectScheme="DFG">2 Life Sciences</r3d:subject>
    <r3d:subject subjectScheme="DFG">205 Medicine</r3d:subject>
    <r3d:missionStatementURL>http://ccdb.ucsd.edu/about/index.shtm</r3d:missionStatementURL>
    <r3d:contentType contentTypeScheme="parse">Images</r3d:contentType>
    <r3d:contentType contentTypeScheme="parse">Structured graphics</r3d:contentType>
    <r3d:contentType contentTypeScheme="parse">Audiovisual data</r3d:contentType>
    <r3d:contentType contentTypeScheme="parse">Plain text</r3d:contentType>
    <r3d:contentType contentTypeScheme="parse">Raw data</r3d:contentType>
    <r3d:providerType>dataProvider</r3d:providerType>
    <r3d:keyword>Human Brain</r3d:keyword>
    <r3d:institution>
        <r3d:institutionName language="eng">National Center for Microscopy and Imaging Research</r3d:institutionName>
        <r3d:institutionAdditionalName language="eng">NCMIR</r3d:institutionAdditionalName>
        <r3d:institutionCountry>USA</r3d:institutionCountry>
        <r3d:responsibilityType>general</r3d:responsibilityType>
        <r3d:responsibilityType>funding</r3d:responsibilityType>
        <r3d:institutionType>non-profit</r3d:institutionType>
        <r3d:institutionURL>http://ncmir.ucsd.edu/</r3d:institutionURL>
        <r3d:responsibilityStartDate></r3d:responsibilityStartDate>
        <r3d:responsibilityEndDate></r3d:responsibilityEndDate>
        <r3d:institutionContact>webmaster@ccdb.ucsd.edu</r3d:institutionContact>
    </r3d:institution>
    <r3d:institution>
        <r3d:institutionName language="eng">University of California, San Diego, Center for Research in Biological Systems</r3d:institutionName>
        <r3d:institutionAdditionalName language="eng">CRBS</r3d:institutionAdditionalName>
        <r3d:institutionCountry>USA</r3d:institutionCountry>
        <r3d:responsibilityType>funding</r3d:responsibilityType>
        <r3d:institutionType>non-profit</r3d:institutionType>
        <r3d:institutionURL>http://crbs.ucsd.edu/</r3d:institutionURL>
        <r3d:responsibilityStartDate></r3d:responsibilityStartDate>
        <r3d:responsibilityEndDate></r3d:responsibilityEndDate>
        <r3d:institutionContact>http://crbs.ucsd.edu/contact-us</r3d:institutionContact>
    </r3d:institution>
    <r3d:institution>
        <r3d:institutionName language="eng">National Institute of Biomedical Imaging and Bioengineering</r3d:institutionName>
        <r3d:institutionAdditionalName language="eng">NIBIB</r3d:institutionAdditionalName>
        <r3d:institutionCountry>USA</r3d:institutionCountry>
        <r3d:responsibilityType>funding</r3d:responsibilityType>
        <r3d:institutionType>non-profit</r3d:institutionType>
        <r3d:institutionURL>http://www.nibib.nih.gov</r3d:institutionURL>
        <r3d:responsibilityStartDate></r3d:responsibilityStartDate>
        <r3d:responsibilityEndDate></r3d:responsibilityEndDate>
        <r3d:institutionContact>info@nibib.nih.gov</r3d:institutionContact>
    </r3d:institution>
    <r3d:institution>
        <r3d:institutionName language="eng">National Institute of Drug Abuse</r3d:institutionName>
        <r3d:institutionAdditionalName language="eng">NIDA</r3d:institutionAdditionalName>
        <r3d:institutionCountry>USA</r3d:institutionCountry>
        <r3d:responsibilityType>funding</r3d:responsibilityType>
        <r3d:institutionType>non-profit</r3d:institutionType>
        <r3d:institutionURL>http://www.drugabuse.gov</r3d:institutionURL>
        <r3d:responsibilityStartDate></r3d:responsibilityStartDate>
        <r3d:responsibilityEndDate></r3d:responsibilityEndDate>
        <r3d:institutionContact>https://www.drugabuse.gov/about-nida/contact-nida</r3d:institutionContact>
    </r3d:institution>
    <r3d:institution>
        <r3d:institutionName language="eng">National Institute of General Medical Sciences</r3d:institutionName>
        <r3d:institutionAdditionalName language="eng">NIGMS</r3d:institutionAdditionalName>
        <r3d:institutionCountry>USA</r3d:institutionCountry>
        <r3d:responsibilityType>funding</r3d:responsibilityType>
        <r3d:institutionType>non-profit</r3d:institutionType>
        <r3d:institutionURL>http://www.nigms.nih.gov/Pages/default.aspx</r3d:institutionURL>
        <r3d:responsibilityStartDate></r3d:responsibilityStartDate>
        <r3d:responsibilityEndDate></r3d:responsibilityEndDate>
        <r3d:institutionContact>http://www.nigms.nih.gov/Pages/ContactUs.aspx</r3d:institutionContact>
    </r3d:institution>
    <r3d:institution>
        <r3d:institutionName language="eng">National Biomedical Computation Resource</r3d:institutionName>
        <r3d:institutionAdditionalName language="eng">NBCR</r3d:institutionAdditionalName>
        <r3d:institutionCountry>USA</r3d:institutionCountry>
        <r3d:responsibilityType>funding</r3d:responsibilityType>
        <r3d:institutionType>non-profit</r3d:institutionType>
        <r3d:institutionURL>http://nbcr.ucsd.edu</r3d:institutionURL>
        <r3d:responsibilityStartDate></r3d:responsibilityStartDate>
        <r3d:responsibilityEndDate></r3d:responsibilityEndDate>
        <r3d:institutionContact>http://nbcr.ucsd.edu/wordpress2/?page_id=168</r3d:institutionContact>
    </r3d:institution>
    <r3d:institution>
        <r3d:institutionName language="eng">National Institutes of Health</r3d:institutionName>
        <r3d:institutionAdditionalName language="eng">NIH</r3d:institutionAdditionalName>
        <r3d:institutionCountry>USA</r3d:institutionCountry>
        <r3d:responsibilityType>funding</r3d:responsibilityType>
        <r3d:institutionType>non-profit</r3d:institutionType>
        <r3d:institutionURL>https://www.nih.gov/</r3d:institutionURL>
        <r3d:responsibilityStartDate></r3d:responsibilityStartDate>
        <r3d:responsibilityEndDate></r3d:responsibilityEndDate>
    </r3d:institution>
    <r3d:policy>
        <r3d:policyName>New user account agreement: terms &amp; conditions</r3d:policyName>
        <r3d:policyURL>http://ccdb.ucsd.edu/agreement/index.shtm</r3d:policyURL>
    </r3d:policy>
    <r3d:policy>
        <r3d:policyName>Privacy Notice</r3d:policyName>
        <r3d:policyURL>http://ccdb.ucsd.edu/privacy/index.shtm</r3d:policyURL>
    </r3d:policy>
    <r3d:databaseAccess>
        <r3d:databaseAccessType>open</r3d:databaseAccessType>
    </r3d:databaseAccess>
    <r3d:databaseLicense>
        <r3d:databaseLicenseName>Copyrights</r3d:databaseLicenseName>
        <r3d:databaseLicenseURL>http://ccdb.ucsd.edu/copyright/index.shtm</r3d:databaseLicenseURL>
    </r3d:databaseLicense>
    <r3d:dataAccess>
    <r3d:dataAccessType>open</r3d:dataAccessType>
    </r3d:dataAccess>
    <r3d:dataAccess>
    <r3d:dataAccessType>embargoed</r3d:dataAccessType>
    </r3d:dataAccess>
    <r3d:dataAccess>
    <r3d:dataAccessType>restricted</r3d:dataAccessType>
    <r3d:dataAccessRestriction>other</r3d:dataAccessRestriction>
    </r3d:dataAccess>
    <r3d:dataLicense>
        <r3d:dataLicenseName>CC</r3d:dataLicenseName>
        <r3d:dataLicenseURL>http://creativecommons.org/licenses/</r3d:dataLicenseURL>
    </r3d:dataLicense>
    <r3d:dataLicense>
        <r3d:dataLicenseName>other</r3d:dataLicenseName>
        <r3d:dataLicenseURL>http://ccdb.ucsd.edu/agreement/index.shtm</r3d:dataLicenseURL>
    </r3d:dataLicense>
    <r3d:dataUpload>
        <r3d:dataUploadType>restricted</r3d:dataUploadType>
        <r3d:dataUploadRestriction>other</r3d:dataUploadRestriction>
    </r3d:dataUpload>
    <r3d:dataUploadLicense>
        <r3d:dataUploadLicenseName>Depositing Data to the CCDB</r3d:dataUploadLicenseName>
        <r3d:dataUploadLicenseURL>http://ccdb.ucsd.edu/agreement/index.shtm</r3d:dataUploadLicenseURL>
    </r3d:dataUploadLicense>
    <r3d:software>
        <r3d:softwareName>unknown</r3d:softwareName>
    </r3d:software>
    <r3d:versioning>yes</r3d:versioning>
    <r3d:api apiType="SOAP">http://ccdb.ucsd.edu/software/ccdbAPIDoc.html</r3d:api>
    <r3d:pidSystem>none</r3d:pidSystem>
    <r3d:citationGuidelineURL>http://ccdb.ucsd.edu/data/index.shtm</r3d:citationGuidelineURL>
    <r3d:enhancedPublication>unknown</r3d:enhancedPublication>
    <r3d:qualityManagement>yes</r3d:qualityManagement>
    <r3d:remarks>Cell Centered Database is covered by Thomson Reuters Data Citation Index. The Cell Centered Database is now part of the Cell Image Library http://www.cellimagelibrary.org/</r3d:remarks>
    <r3d:entryDate>2012-08-27</r3d:entryDate>
    <r3d:lastUpdate>2017-01-24</r3d:lastUpdate>
  </r3d:repository>
</r3d:re3data>