<?xml version="1.0" encoding="utf-8"?>
<!--re3data.org Schema for the Description of Research Data Repositories. Version 2.2, December 2014. doi:10.2312/re3.006-->
<r3d:re3data xmlns:r3d="http://www.re3data.org/schema/2-2" xmlns:xsi="http://www.w3.org/2001/XMLSchema-instance" xsi:schemaLocation="http://www.re3data.org/schema/2-2 http://schema.re3data.org/2-2/re3dataV2-2.xsd">
  <r3d:repository>
    <r3d:re3data.orgIdentifier>r3d100010331</r3d:re3data.orgIdentifier>
    <r3d:repositoryName language="eng">Roper Centre Public Opinion Archives</r3d:repositoryName>
    <r3d:repositoryURL>https://ropercenter.cornell.edu/</r3d:repositoryURL>
    <r3d:description language="eng">The Roper Center for Public Opinion Research is one of the world&#039;s leading archives of social science data, specializing in data from surveys of public opinion. The data held by the Roper Center range from the 1930s, when survey research was in its infancy, to the present. Most of the data are from the United States, but over 50 nations are represented.</r3d:description>
    <r3d:repositoryContact>https://ropercenter.cornell.edu/contact-us/</r3d:repositoryContact>
    <r3d:type>disciplinary</r3d:type>
    <r3d:size updated="2017-02-24">22.000 datasets</r3d:size>
    <r3d:startDate></r3d:startDate>
    <r3d:endDate></r3d:endDate>
    <r3d:repositoryLanguage>eng</r3d:repositoryLanguage>
    <r3d:subject subjectScheme="DFG">111 Social Sciences</r3d:subject>
    <r3d:subject subjectScheme="DFG">12 Social and Behavioural Sciences</r3d:subject>
    <r3d:subject subjectScheme="DFG">1 Humanities and Social Sciences</r3d:subject>
    <r3d:missionStatementURL>https://ropercenter.cornell.edu/about-the-center/</r3d:missionStatementURL>
    <r3d:contentType contentTypeScheme="parse">Scientific and statistical data formats</r3d:contentType>
    <r3d:contentType contentTypeScheme="parse">Structured text</r3d:contentType>
    <r3d:contentType contentTypeScheme="parse">Plain text</r3d:contentType>
    <r3d:contentType contentTypeScheme="parse">Standard office documents</r3d:contentType>
    <r3d:providerType>serviceProvider</r3d:providerType>
    <r3d:providerType>dataProvider</r3d:providerType>
    <r3d:keyword>Public Opinion Research</r3d:keyword>
    <r3d:keyword>Public Surveys</r3d:keyword>
    <r3d:institution>
        <r3d:institutionName language="eng">Cornell University, Roper Center</r3d:institutionName>
        <r3d:institutionAdditionalName language="eng">UConn</r3d:institutionAdditionalName>
        <r3d:institutionCountry>USA</r3d:institutionCountry>
        <r3d:responsibilityType>general</r3d:responsibilityType>
        <r3d:institutionType>non-profit</r3d:institutionType>
        <r3d:institutionURL>https://ropercenter.cornell.edu/</r3d:institutionURL>
        <r3d:responsibilityStartDate></r3d:responsibilityStartDate>
        <r3d:responsibilityEndDate></r3d:responsibilityEndDate>
        <r3d:institutionContact>https://ropercenter.cornell.edu/contact-us/</r3d:institutionContact>
    </r3d:institution>
    <r3d:policy>
        <r3d:policyName>Roper Center DSA Assessment</r3d:policyName>
        <r3d:policyURL>https://assessment.datasealofapproval.org/assessment_154/seal/pdf/</r3d:policyURL>
    </r3d:policy>
    <r3d:policy>
        <r3d:policyName>Terms and Conditions</r3d:policyName>
        <r3d:policyURL>https://ropercenter.cornell.edu/terms-and-conditions/</r3d:policyURL>
    </r3d:policy>
    <r3d:policy>
        <r3d:policyName>The Roper Center Privacy Policy</r3d:policyName>
        <r3d:policyURL>https://ropercenter.cornell.edu/privacy-policy/</r3d:policyURL>
    </r3d:policy>
    <r3d:databaseAccess>
        <r3d:databaseAccessType>open</r3d:databaseAccessType>
    </r3d:databaseAccess>
    <r3d:dataAccess>
    <r3d:dataAccessType>restricted</r3d:dataAccessType>
    <r3d:dataAccessRestriction>registration</r3d:dataAccessRestriction>
    </r3d:dataAccess>
    <r3d:dataAccess>
    <r3d:dataAccessType>restricted</r3d:dataAccessType>
    <r3d:dataAccessRestriction>institutional membership</r3d:dataAccessRestriction>
    </r3d:dataAccess>
    <r3d:dataAccess>
    <r3d:dataAccessType>restricted</r3d:dataAccessType>
    <r3d:dataAccessRestriction>feeRequired</r3d:dataAccessRestriction>
    </r3d:dataAccess>
    <r3d:dataAccess>
    <r3d:dataAccessType>closed</r3d:dataAccessType>
    </r3d:dataAccess>
    <r3d:dataLicense>
        <r3d:dataLicenseName>other</r3d:dataLicenseName>
        <r3d:dataLicenseURL>http://www.ropercenter.uconn.edu/terms-conditions.html</r3d:dataLicenseURL>
    </r3d:dataLicense>
    <r3d:dataUpload>
        <r3d:dataUploadType>restricted</r3d:dataUploadType>
        <r3d:dataUploadRestriction>other</r3d:dataUploadRestriction>
    </r3d:dataUpload>
    <r3d:dataUploadLicense>
        <r3d:dataUploadLicenseName>Data Deposit Form: Collection Submission</r3d:dataUploadLicenseName>
        <r3d:dataUploadLicenseURL>http://www.ropercenter.uconn.edu/pdf/deposit_data_collection.pdf</r3d:dataUploadLicenseURL>
    </r3d:dataUploadLicense>
    <r3d:dataUploadLicense>
        <r3d:dataUploadLicenseName>Data Deposit Form: Single Survey Submission</r3d:dataUploadLicenseName>
        <r3d:dataUploadLicenseURL>https://ropercenter.cornell.edu/pdf/deposit_data.pdf</r3d:dataUploadLicenseURL>
    </r3d:dataUploadLicense>
    <r3d:software>
        <r3d:softwareName>unknown</r3d:softwareName>
    </r3d:software>
    <r3d:versioning>yes</r3d:versioning>
    <r3d:pidSystem>DOI</r3d:pidSystem>
    <r3d:citationGuidelineURL>https://ropercenter.cornell.edu/how-to-cite-roper-center-data/</r3d:citationGuidelineURL>
    <r3d:enhancedPublication>no</r3d:enhancedPublication>
    <r3d:qualityManagement>yes</r3d:qualityManagement>
    <r3d:certificate>DSA</r3d:certificate>
    <r3d:metadataStandard>
      <r3d:metadataStandardName metadataStandardScheme="DCC">DDI - Data Documentation Initiative</r3d:metadataStandardName>
      <r3d:metadataStandardURL>http://www.dcc.ac.uk/resources/metadata-standards/ddi-data-documentation-initiative</r3d:metadataStandardURL>
    </r3d:metadataStandard>
    <r3d:metadataStandard>
      <r3d:metadataStandardName metadataStandardScheme="DCC">Dublin Core</r3d:metadataStandardName>
      <r3d:metadataStandardURL>http://www.dcc.ac.uk/resources/metadata-standards/dublin-core</r3d:metadataStandardURL>
    </r3d:metadataStandard>
    <r3d:remarks>Roper Centre Public Opinion Archives is covered by Thomson Reuters Data Citation Index. Roper Center is a member of Data Preservation Alliance for the Social Sciences (Data-PASS). A list of Roper Members is available at https://ropercenter.cornell.edu/list-of-members/; Data fees are available at https://ropercenter.cornell.edu/fees/</r3d:remarks>
    <r3d:entryDate>2013-07-28</r3d:entryDate>
    <r3d:lastUpdate>2017-02-24</r3d:lastUpdate>
  </r3d:repository>
</r3d:re3data>