<?xml version="1.0" encoding="utf-8"?>
<!--re3data.org Schema for the Description of Research Data Repositories. Version 2.2, December 2014. doi:10.2312/re3.006-->
<r3d:re3data xmlns:r3d="http://www.re3data.org/schema/2-2" xmlns:xsi="http://www.w3.org/2001/XMLSchema-instance" xsi:schemaLocation="http://www.re3data.org/schema/2-2 http://schema.re3data.org/2-2/re3dataV2-2.xsd">
  <r3d:repository>
    <r3d:re3data.orgIdentifier>r3d100010386</r3d:re3data.orgIdentifier>
    <r3d:repositoryName language="eng">LINDAT/CLARIN repository</r3d:repositoryName>
    <r3d:repositoryURL>https://lindat.mff.cuni.cz/repository/xmlui/</r3d:repositoryURL>
    <r3d:description language="eng">LINDAT/CLARIN is designed as a Czech “node” of Clarin ERIC (Common Language
Resources and Technology Infrastructure). It also supports the goals of the META-NET language technology network. Both networks aim at collection, annotation, development and free sharing of language data and basic technologies between institutions and individuals both in science and in all types of research. The Clarin ERIC infrastructural project is more focused on humanities, while META-NET aims at the development of language technologies and applications. The data stored in the repository are already being used in scientific publications in the Czech Republic.</r3d:description>
    <r3d:repositoryContact>https://lindat.mff.cuni.cz/en/contact</r3d:repositoryContact>
    <r3d:type>disciplinary</r3d:type>
    <r3d:size updated=""></r3d:size>
    <r3d:startDate>2010</r3d:startDate>
    <r3d:endDate></r3d:endDate>
    <r3d:repositoryLanguage>eng</r3d:repositoryLanguage>
    <r3d:subject subjectScheme="DFG">11 Humanities</r3d:subject>
    <r3d:subject subjectScheme="DFG">104 Linguistics</r3d:subject>
    <r3d:subject subjectScheme="DFG">40904 Artificial Intelligence, Image and Language Processing</r3d:subject>
    <r3d:subject subjectScheme="DFG">1 Humanities and Social Sciences</r3d:subject>
    <r3d:subject subjectScheme="DFG">409 Computer Science</r3d:subject>
    <r3d:subject subjectScheme="DFG">44 Computer Science, Electrical and System Engineering</r3d:subject>
    <r3d:subject subjectScheme="DFG">4 Engineering Sciences</r3d:subject>
    <r3d:missionStatementURL>https://lindat.mff.cuni.cz/bits/documents/LINDAT-CLARIN-2010-2015-Attachment1-EN.pdf</r3d:missionStatementURL>
    <r3d:contentType contentTypeScheme="parse">Standard office documents</r3d:contentType>
    <r3d:contentType contentTypeScheme="parse">Audiovisual data</r3d:contentType>
    <r3d:contentType contentTypeScheme="parse">Plain text</r3d:contentType>
    <r3d:contentType contentTypeScheme="parse">Structured text</r3d:contentType>
    <r3d:contentType contentTypeScheme="parse">Archived data</r3d:contentType>
    <r3d:contentType contentTypeScheme="parse">Source code</r3d:contentType>
    <r3d:providerType>dataProvider</r3d:providerType>
    <r3d:keyword>corpora</r3d:keyword>
    <r3d:keyword>language resources</r3d:keyword>
    <r3d:keyword>natural language processing</r3d:keyword>
    <r3d:keyword>computational linguistics</r3d:keyword>
    <r3d:keyword>speech</r3d:keyword>
    <r3d:keyword>text</r3d:keyword>
    <r3d:keyword>corpus</r3d:keyword>
    <r3d:institution>
        <r3d:institutionName language="eng">Institute of Formal and Applied Linguistics, Charles University in Prague</r3d:institutionName>
        <r3d:institutionAdditionalName language="eng">UFAL</r3d:institutionAdditionalName>
        <r3d:institutionCountry>CZE</r3d:institutionCountry>
        <r3d:responsibilityType>general</r3d:responsibilityType>
        <r3d:responsibilityType>technical</r3d:responsibilityType>
        <r3d:institutionType>non-profit</r3d:institutionType>
        <r3d:institutionURL>https://ufal.mff.cuni.cz/</r3d:institutionURL>
        <r3d:responsibilityStartDate>2010</r3d:responsibilityStartDate>
        <r3d:responsibilityEndDate></r3d:responsibilityEndDate>
        <r3d:institutionContact>https://lindat.mff.cuni.cz/en/about-lindat-clarin</r3d:institutionContact>
    </r3d:institution>
    <r3d:institution>
        <r3d:institutionName language="eng">Ministry of Education, Youth and Sports</r3d:institutionName>
        <r3d:institutionAdditionalName language="eng">MSMT</r3d:institutionAdditionalName>
        <r3d:institutionCountry>CZE</r3d:institutionCountry>
        <r3d:responsibilityType>funding</r3d:responsibilityType>
        <r3d:institutionType>non-profit</r3d:institutionType>
        <r3d:institutionURL>http://www.msmt.cz/</r3d:institutionURL>
        <r3d:responsibilityStartDate></r3d:responsibilityStartDate>
        <r3d:responsibilityEndDate></r3d:responsibilityEndDate>
    </r3d:institution>
    <r3d:institution>
        <r3d:institutionName language="eng">CLARIN-ERIC</r3d:institutionName>
        <r3d:institutionAdditionalName language="eng">Common Language Resources and Technology Infrastructure - ERIC</r3d:institutionAdditionalName>
        <r3d:institutionCountry>EEC</r3d:institutionCountry>
        <r3d:responsibilityType>funding</r3d:responsibilityType>
        <r3d:institutionType>non-profit</r3d:institutionType>
        <r3d:institutionURL>http://www.clarin.eu</r3d:institutionURL>
        <r3d:responsibilityStartDate></r3d:responsibilityStartDate>
        <r3d:responsibilityEndDate></r3d:responsibilityEndDate>
    </r3d:institution>
    <r3d:institution>
        <r3d:institutionName language="eng">META-NET</r3d:institutionName>
        <r3d:institutionAdditionalName language="eng">A Network of Excellence forging the
Multilingual Europe Technology Alliance</r3d:institutionAdditionalName>
        <r3d:institutionCountry>EEC</r3d:institutionCountry>
        <r3d:responsibilityType>funding</r3d:responsibilityType>
        <r3d:institutionType>non-profit</r3d:institutionType>
        <r3d:institutionURL>http://www.meta-net.eu/</r3d:institutionURL>
        <r3d:responsibilityStartDate></r3d:responsibilityStartDate>
        <r3d:responsibilityEndDate></r3d:responsibilityEndDate>
    </r3d:institution>
    <r3d:institution>
        <r3d:institutionName language="eng">Masaryk University, Faculity of Informatics, Natural Language Processing Centre</r3d:institutionName>
        <r3d:institutionAdditionalName language="eng">NLP Center</r3d:institutionAdditionalName>
        <r3d:institutionCountry>CZE</r3d:institutionCountry>
        <r3d:responsibilityType>funding</r3d:responsibilityType>
        <r3d:institutionType>non-profit</r3d:institutionType>
        <r3d:institutionURL>http://nlp.fi.muni.cz/en/nlpc</r3d:institutionURL>
        <r3d:responsibilityStartDate></r3d:responsibilityStartDate>
        <r3d:responsibilityEndDate></r3d:responsibilityEndDate>
        <r3d:institutionContact>http://www.muni.cz/fi/335300/projects</r3d:institutionContact>
    </r3d:institution>
    <r3d:institution>
        <r3d:institutionName language="eng">University of West Bohemia, Faculty of Applied Sciences, Department of Cybernetics</r3d:institutionName>
        <r3d:institutionAdditionalName language="eng">KKY</r3d:institutionAdditionalName>
        <r3d:institutionCountry>CZE</r3d:institutionCountry>
        <r3d:responsibilityType>funding</r3d:responsibilityType>
        <r3d:institutionType>non-profit</r3d:institutionType>
        <r3d:institutionURL>http://www.fav.zcu.cz/en/</r3d:institutionURL>
        <r3d:responsibilityStartDate></r3d:responsibilityStartDate>
        <r3d:responsibilityEndDate></r3d:responsibilityEndDate>
    </r3d:institution>
    <r3d:institution>
        <r3d:institutionName language="eng">Academy of Sciences, Institute of the Czech Language</r3d:institutionName>
        <r3d:institutionCountry>CZE</r3d:institutionCountry>
        <r3d:responsibilityType>funding</r3d:responsibilityType>
        <r3d:institutionType>non-profit</r3d:institutionType>
        <r3d:institutionURL>http://www.ujc.cas.cz/index.html</r3d:institutionURL>
        <r3d:responsibilityStartDate></r3d:responsibilityStartDate>
        <r3d:responsibilityEndDate></r3d:responsibilityEndDate>
    </r3d:institution>
    <r3d:institution>
        <r3d:institutionName language="eng">LINDAT/CLARIN Centre for Language Research Infrastructure</r3d:institutionName>
        <r3d:institutionCountry>CZE</r3d:institutionCountry>
        <r3d:responsibilityType>general</r3d:responsibilityType>
        <r3d:institutionType>non-profit</r3d:institutionType>
        <r3d:institutionURL>https://lindat.mff.cuni.cz/en/</r3d:institutionURL>
        <r3d:responsibilityStartDate></r3d:responsibilityStartDate>
        <r3d:responsibilityEndDate></r3d:responsibilityEndDate>
        <r3d:institutionContact>https://lindat.mff.cuni.cz/en/about-lindat-clarin</r3d:institutionContact>
    </r3d:institution>
    <r3d:policy>
        <r3d:policyName>LINDAT/CLARIN repository About and Policies</r3d:policyName>
        <r3d:policyURL>https://lindat.mff.cuni.cz/repository/xmlui/page/about</r3d:policyURL>
    </r3d:policy>
    <r3d:policy>
        <r3d:policyName>CLARIN B-Centre certificate</r3d:policyName>
        <r3d:policyURL>http://www.clarin.eu/node/3905</r3d:policyURL>
    </r3d:policy>
    <r3d:databaseAccess>
        <r3d:databaseAccessType>open</r3d:databaseAccessType>
        <r3d:databaseAccessRestriction>registration</r3d:databaseAccessRestriction>
    </r3d:databaseAccess>
    <r3d:dataAccess>
    <r3d:dataAccessType>open</r3d:dataAccessType>
    <r3d:dataAccessRestriction>registration</r3d:dataAccessRestriction>
    </r3d:dataAccess>
    <r3d:dataAccess>
    <r3d:dataAccessType>restricted</r3d:dataAccessType>
    <r3d:dataAccessRestriction>registration</r3d:dataAccessRestriction>
    </r3d:dataAccess>
    <r3d:dataAccess>
    <r3d:dataAccessType>restricted</r3d:dataAccessType>
    <r3d:dataAccessRestriction>other</r3d:dataAccessRestriction>
    </r3d:dataAccess>
    <r3d:dataLicense>
        <r3d:dataLicenseName>CC</r3d:dataLicenseName>
        <r3d:dataLicenseURL>http://creativecommons.org/licenses/by-nc-nd/3.0/</r3d:dataLicenseURL>
    </r3d:dataLicense>
    <r3d:dataUpload>
        <r3d:dataUploadType>restricted</r3d:dataUploadType>
        <r3d:dataUploadRestriction>registration</r3d:dataUploadRestriction>
    </r3d:dataUpload>
    <r3d:software>
        <r3d:softwareName>DSpace</r3d:softwareName>
    </r3d:software>
    <r3d:versioning>yes</r3d:versioning>
    <r3d:api apiType="OAI-PMH">https://lindat.mff.cuni.cz/repository/oai/request</r3d:api>
    <r3d:api apiType="OAI-PMH">https://lindat.mff.cuni.cz/repository/oai/openaire_data</r3d:api>
    <r3d:pidSystem>hdl</r3d:pidSystem>
    <r3d:citationGuidelineURL>https://lindat.mff.cuni.cz/repository/xmlui/page/cite</r3d:citationGuidelineURL>
    <r3d:enhancedPublication>unknown</r3d:enhancedPublication>
    <r3d:qualityManagement>yes</r3d:qualityManagement>
    <r3d:certificate>DSA</r3d:certificate>
    <r3d:certificate>CLARIN certificate B</r3d:certificate>
    <r3d:syndication syndicationType="RSS">https://lindat.mff.cuni.cz/repository/xmlui/feed/rss_1.0/site</r3d:syndication>
    <r3d:syndication syndicationType="RSS">https://lindat.mff.cuni.cz/repository/xmlui/feed/rss_2.0/site</r3d:syndication>
    <r3d:syndication syndicationType="ATOM">https://lindat.mff.cuni.cz/repository/xmlui/feed/atom_1.0/site</r3d:syndication>
    <r3d:remarks>LINDAT/CLARIN repository is covered by Thomson Reuters Data Citation Index. LINDAT/CLARIN is a node of the Clarin ERIC network. Datasets: The PDT 2.0; NEW (beta) The EngVallex; he PDT-Vallex;  Prague English Dependency Treebank 1.0; Prague Czech-English Dependency Treebank 1.0; Prague Spoken Language Corpus; Vallex 2.5</r3d:remarks>
    <r3d:entryDate>2013-04-03</r3d:entryDate>
    <r3d:lastUpdate>2016-02-26</r3d:lastUpdate>
  </r3d:repository>
</r3d:re3data>