<?xml version="1.0" encoding="utf-8"?>
<!--re3data.org Schema for the Description of Research Data Repositories. Version 2.2, December 2014. doi:10.2312/re3.006-->
<r3d:re3data xmlns:r3d="http://www.re3data.org/schema/2-2" xmlns:xsi="http://www.w3.org/2001/XMLSchema-instance" xsi:schemaLocation="http://www.re3data.org/schema/2-2 http://schema.re3data.org/2-2/re3dataV2-2.xsd">
  <r3d:repository>
    <r3d:re3data.orgIdentifier>r3d100010305</r3d:re3data.orgIdentifier>
    <r3d:repositoryName language="eng">World Data Service  for Oceanography</r3d:repositoryName>
    <r3d:additionalName language="eng">formerly: WDC - A</r3d:additionalName>
    <r3d:additionalName language="eng">WDS for Oceanography</r3d:additionalName>
    <r3d:additionalName language="eng">formerly: WDC - Oceanography, Silver Spring</r3d:additionalName>
    <r3d:additionalName language="eng">formerly: World Data Center for Oceanography, Silver Spring</r3d:additionalName>
    <r3d:repositoryURL>http://www.nodc.noaa.gov/worlddatacenter/</r3d:repositoryURL>
    <r3d:description language="eng">World Data Service for Oceanography is one component of a global network of discipline subcenters that facilitate international exchange of scientific data. Originally established as the World Data Center system during the International Geophysical Year of 1957-58, the new World Data System continues to function under the guidance of the International Council for Science (ICSU). World Data Service for Oceanography is collocated with, and operated by, the U.S. National Oceanographic Data Center (NODC).</r3d:description>
    <r3d:repositoryContact>Hernan.Garcia@noaa.gov</r3d:repositoryContact>
    <r3d:type>disciplinary</r3d:type>
    <r3d:type>institutional</r3d:type>
    <r3d:size updated="2017-03-30">24366 records</r3d:size>
    <r3d:startDate>1970</r3d:startDate>
    <r3d:endDate></r3d:endDate>
    <r3d:repositoryLanguage>eng</r3d:repositoryLanguage>
    <r3d:subject subjectScheme="DFG">318 Water Research</r3d:subject>
    <r3d:subject subjectScheme="DFG">31302 Oceanography</r3d:subject>
    <r3d:subject subjectScheme="DFG">34 Geosciences (including Geography)</r3d:subject>
    <r3d:subject subjectScheme="DFG">3 Natural Sciences</r3d:subject>
    <r3d:subject subjectScheme="DFG">313 Atmospheric Science and Oceanography</r3d:subject>
    <r3d:missionStatementURL></r3d:missionStatementURL>
    <r3d:contentType contentTypeScheme="parse">Images</r3d:contentType>
    <r3d:contentType contentTypeScheme="parse">Structured text</r3d:contentType>
    <r3d:contentType contentTypeScheme="parse">Archived data</r3d:contentType>
    <r3d:contentType contentTypeScheme="parse">Raw data</r3d:contentType>
    <r3d:contentType contentTypeScheme="parse">Databases</r3d:contentType>
    <r3d:providerType>dataProvider</r3d:providerType>
    <r3d:keyword>oceanographic data</r3d:keyword>
    <r3d:keyword>ocean temperatures</r3d:keyword>
    <r3d:keyword>global environmental data</r3d:keyword>
    <r3d:keyword>sea surface</r3d:keyword>
    <r3d:keyword>water</r3d:keyword>
    <r3d:keyword>earth science</r3d:keyword>
    <r3d:keyword>ocean data</r3d:keyword>
    <r3d:institution>
        <r3d:institutionName language="eng">National Oceanic and Atmospheric Administration</r3d:institutionName>
        <r3d:institutionAdditionalName language="eng">NOAA</r3d:institutionAdditionalName>
        <r3d:institutionCountry>USA</r3d:institutionCountry>
        <r3d:responsibilityType>general</r3d:responsibilityType>
        <r3d:institutionType>non-profit</r3d:institutionType>
        <r3d:institutionURL>http://www.noaa.gov</r3d:institutionURL>
        <r3d:responsibilityStartDate></r3d:responsibilityStartDate>
        <r3d:responsibilityEndDate></r3d:responsibilityEndDate>
        <r3d:institutionContact>NODC.wdc@noaa.gov</r3d:institutionContact>
    </r3d:institution>
    <r3d:institution>
        <r3d:institutionName language="eng">NOAA&#039;s National Centers for Environmental Information</r3d:institutionName>
        <r3d:institutionAdditionalName language="eng">NCEI</r3d:institutionAdditionalName>
        <r3d:institutionCountry>USA</r3d:institutionCountry>
        <r3d:responsibilityType>technical</r3d:responsibilityType>
        <r3d:responsibilityType>general</r3d:responsibilityType>
        <r3d:institutionType>non-profit</r3d:institutionType>
        <r3d:institutionURL>https://www.ncei.noaa.gov/</r3d:institutionURL>
        <r3d:responsibilityStartDate></r3d:responsibilityStartDate>
        <r3d:responsibilityEndDate></r3d:responsibilityEndDate>
        <r3d:institutionContact>https://www.ncei.noaa.gov/contact</r3d:institutionContact>
    </r3d:institution>
    <r3d:policy>
        <r3d:policyName>Data Policy</r3d:policyName>
        <r3d:policyURL>https://www.nodc.noaa.gov/about/datapolicy.html</r3d:policyURL>
    </r3d:policy>
    <r3d:policy>
        <r3d:policyName>ICSU World Data System Constitution</r3d:policyName>
        <r3d:policyURL>http://www.icsu-wds.org/organization/constitution_and_bylaws</r3d:policyURL>
    </r3d:policy>
    <r3d:policy>
        <r3d:policyName>Certification of WDS Members</r3d:policyName>
        <r3d:policyURL>http://www.icsu-wds.org/services/certification</r3d:policyURL>
    </r3d:policy>
    <r3d:databaseAccess>
        <r3d:databaseAccessType>open</r3d:databaseAccessType>
    </r3d:databaseAccess>
    <r3d:dataAccess>
    <r3d:dataAccessType>open</r3d:dataAccessType>
    </r3d:dataAccess>
    <r3d:dataLicense>
        <r3d:dataLicenseName>other</r3d:dataLicenseName>
        <r3d:dataLicenseURL>http://www.icsu-wds.org/services/data-sharing-principles</r3d:dataLicenseURL>
    </r3d:dataLicense>
    <r3d:dataLicense>
        <r3d:dataLicenseName>Public Domain</r3d:dataLicenseName>
        <r3d:dataLicenseURL>https://www.nodc.noaa.gov/nodcdisclaimer.html</r3d:dataLicenseURL>
    </r3d:dataLicense>
    <r3d:dataLicense>
        <r3d:dataLicenseName>other</r3d:dataLicenseName>
        <r3d:dataLicenseURL>https://www.nodc.noaa.gov/about/datapolicy.html</r3d:dataLicenseURL>
    </r3d:dataLicense>
    <r3d:dataUpload>
        <r3d:dataUploadType>restricted</r3d:dataUploadType>
        <r3d:dataUploadRestriction>other</r3d:dataUploadRestriction>
    </r3d:dataUpload>
    <r3d:dataUploadLicense>
        <r3d:dataUploadLicenseName>NODC Submission Information Form</r3d:dataUploadLicenseName>
        <r3d:dataUploadLicenseURL>https://www.nodc.noaa.gov/General/NODC-Submit/NODC_SubmissionInfoForm_v1.3.pdf</r3d:dataUploadLicenseURL>
    </r3d:dataUploadLicense>
    <r3d:software>
        <r3d:softwareName>unknown</r3d:softwareName>
    </r3d:software>
    <r3d:versioning>no</r3d:versioning>
    <r3d:api apiType="OAI-PMH">http://data.nodc.noaa.gov/cgi-bin/oai-pmh?verb=identify</r3d:api>
    <r3d:api apiType="FTP">ftp://ftp.nodc.noaa.gov/</r3d:api>
    <r3d:api apiType="FTP">ftp://ftp.nodc.noaa.gov/pub/data.nodc/</r3d:api>
    <r3d:api apiType="OpenDAP">https://data.nodc.noaa.gov/opendap/</r3d:api>
    <r3d:api apiType="other">https://www.nodc.noaa.gov/access/</r3d:api>
    <r3d:pidSystem>DOI</r3d:pidSystem>
    <r3d:citationGuidelineURL>https://data.nodc.noaa.gov/cgi-bin/iso?id=gov.noaa.nodc:9700061</r3d:citationGuidelineURL>
    <r3d:enhancedPublication>yes</r3d:enhancedPublication>
    <r3d:qualityManagement>yes</r3d:qualityManagement>
    <r3d:certificate>WDS</r3d:certificate>
    <r3d:metadataStandard>
      <r3d:metadataStandardName metadataStandardScheme="DCC">FGDC/CSDGM - Federal Geographic Data Committee Content Standard for Digital Geospatial Metadata</r3d:metadataStandardName>
      <r3d:metadataStandardURL>http://www.dcc.ac.uk/resources/metadata-standards/fgdccsdgm-federal-geographic-data-committee-content-standard-digital-ge</r3d:metadataStandardURL>
    </r3d:metadataStandard>
    <r3d:metadataStandard>
      <r3d:metadataStandardName metadataStandardScheme="DCC">DIF - Directory Interchange Format</r3d:metadataStandardName>
      <r3d:metadataStandardURL>http://www.dcc.ac.uk/resources/metadata-standards/dif-directory-interchange-format</r3d:metadataStandardURL>
    </r3d:metadataStandard>
    <r3d:metadataStandard>
      <r3d:metadataStandardName metadataStandardScheme="DCC">EML - Ecological Metadata Language</r3d:metadataStandardName>
      <r3d:metadataStandardURL>http://www.dcc.ac.uk/resources/metadata-standards/eml-ecological-metadata-language</r3d:metadataStandardURL>
    </r3d:metadataStandard>
    <r3d:metadataStandard>
      <r3d:metadataStandardName metadataStandardScheme="DCC">ISO 19115</r3d:metadataStandardName>
      <r3d:metadataStandardURL>http://www.dcc.ac.uk/resources/metadata-standards/iso-19115</r3d:metadataStandardURL>
    </r3d:metadataStandard>
    <r3d:syndication syndicationType="RSS">https://www.nodc.noaa.gov/rss/</r3d:syndication>
    <r3d:remarks>The World Data Service (WDS) for Oceanography (formely The World Data Center for Oceanography, Silver Spring) is one component of a global network of discipline subcenters that facilitate international exchange of scientific data. Originally established as the World Data Center system during the International Geophysical Year of 1957-58, the new World Data System continues to function under the guidance of the International Council for Science (ICSU). WDS-Oceanography is hosted by NOAA&#039;s National Centers for Environmental Information (NCEI). NCEI also hosts the World Data Center for Meteorology and the World Data Service for Paleoclimatology. === The WDS-Oceanography Catalogue will no longer be updated. For accession to all data available through WDS-Oceanography, please go to the US National Oceanographic Data Center’s  http://www.nodc.noaa.gov/OC5/WOD/pr_wod.html. See &quot;World Ocean Database&quot;  - Citations in any entry.</r3d:remarks>
    <r3d:entryDate>2013-05-16</r3d:entryDate>
    <r3d:lastUpdate>2017-04-25</r3d:lastUpdate>
  </r3d:repository>
</r3d:re3data>