<?xml version="1.0" encoding="utf-8"?>
<!--re3data.org Schema for the Description of Research Data Repositories. Version 2.2, December 2014. doi:10.2312/re3.006-->
<r3d:re3data xmlns:r3d="http://www.re3data.org/schema/2-2" xmlns:xsi="http://www.w3.org/2001/XMLSchema-instance" xsi:schemaLocation="http://www.re3data.org/schema/2-2 http://schema.re3data.org/2-2/re3dataV2-2.xsd">
  <r3d:repository>
    <r3d:re3data.orgIdentifier>r3d100010216</r3d:re3data.orgIdentifier>
    <r3d:repositoryName language="eng">4TU.Centre for Research Data</r3d:repositoryName>
    <r3d:additionalName language="eng">formerly: 3TU.Datacentrum</r3d:additionalName>
    <r3d:additionalName language="eng">formerly: 3TU.DC</r3d:additionalName>
    <r3d:additionalName language="eng">4TU.ResearchData</r3d:additionalName>
    <r3d:repositoryURL>http://researchdata.4tu.nl/en/home/</r3d:repositoryURL>
    <r3d:repositoryIdentifier>RRID:SCR_006295</r3d:repositoryIdentifier>
    <r3d:repositoryIdentifier>nlx_151952</r3d:repositoryIdentifier>
    <r3d:description language="eng">4TU.ResearchData, previously known as 3TU.Datacentrum, is an archive for research data. It offers the knowledge, experience and the tools to share and safely store scientific research data in a standardized, secure and well-documented manner. 4TU.Centre for Research Data provides the research community with:
Advice and support on data management;
A long-term archive for scientific research data;
Support for current research projects;
Tools for reusing research data.</r3d:description>
    <r3d:repositoryContact>researchdata@4tu.nl</r3d:repositoryContact>
    <r3d:repositoryContact>http://researchdata.4tu.nl/en/about-4turesearchdata/contact/</r3d:repositoryContact>
    <r3d:type>institutional</r3d:type>
    <r3d:type>disciplinary</r3d:type>
    <r3d:size updated="2017-03-04">&gt;7.000 data sets</r3d:size>
    <r3d:startDate>2009</r3d:startDate>
    <r3d:endDate></r3d:endDate>
    <r3d:repositoryLanguage>eng</r3d:repositoryLanguage>
    <r3d:repositoryLanguage>nld</r3d:repositoryLanguage>
    <r3d:subject subjectScheme="DFG">21 Biology</r3d:subject>
    <r3d:subject subjectScheme="DFG">20102 Biophysics</r3d:subject>
    <r3d:subject subjectScheme="DFG">20107 Bioinformatics and Theoretical Biology</r3d:subject>
    <r3d:subject subjectScheme="DFG">20701 Soil Sciences</r3d:subject>
    <r3d:subject subjectScheme="DFG">31 Chemistry</r3d:subject>
    <r3d:subject subjectScheme="DFG">304 Analytical Chemistry, Method Development (Chemistry)</r3d:subject>
    <r3d:subject subjectScheme="DFG">32 Physics</r3d:subject>
    <r3d:subject subjectScheme="DFG">33 Mathematics</r3d:subject>
    <r3d:subject subjectScheme="DFG">34 Geosciences (including Geography)</r3d:subject>
    <r3d:subject subjectScheme="DFG">315 Geophysics and Geodesy</r3d:subject>
    <r3d:subject subjectScheme="DFG">31501 Geophysics</r3d:subject>
    <r3d:subject subjectScheme="DFG">316 Geochemistry, Mineralogy and Crystallography</r3d:subject>
    <r3d:subject subjectScheme="DFG">317 Geography</r3d:subject>
    <r3d:subject subjectScheme="DFG">318 Water Research</r3d:subject>
    <r3d:subject subjectScheme="DFG">43 Materials Science and Engineering</r3d:subject>
    <r3d:subject subjectScheme="DFG">406 Materials Science</r3d:subject>
    <r3d:subject subjectScheme="DFG">44 Computer Science, Electrical and System Engineering</r3d:subject>
    <r3d:subject subjectScheme="DFG">407 Systems Engineering</r3d:subject>
    <r3d:subject subjectScheme="DFG">40704 Traffic and Transport Systems, Logistics</r3d:subject>
    <r3d:subject subjectScheme="DFG">409 Computer Science</r3d:subject>
    <r3d:subject subjectScheme="DFG">45 Construction Engineering and Architecture</r3d:subject>
    <r3d:subject subjectScheme="DFG">41002 Urbanism, Spatial Planning, Transportation and Infrastructure Planning, Landscape Planning</r3d:subject>
    <r3d:subject subjectScheme="DFG">2 Life Sciences</r3d:subject>
    <r3d:subject subjectScheme="DFG">201 Basic Biological and Medical Research</r3d:subject>
    <r3d:subject subjectScheme="DFG">207 Agriculture, Forestry, Horticulture and Veterinary Medicine</r3d:subject>
    <r3d:subject subjectScheme="DFG">23 Agriculture, Forestry, Horticulture and Veterinary Medicine</r3d:subject>
    <r3d:subject subjectScheme="DFG">3 Natural Sciences</r3d:subject>
    <r3d:subject subjectScheme="DFG">4 Engineering Sciences</r3d:subject>
    <r3d:subject subjectScheme="DFG">410 Construction Engineering and Architecture</r3d:subject>
    <r3d:missionStatementURL>http://researchdata.4tu.nl/en/about-4turesearchdata/background-and-mission/</r3d:missionStatementURL>
    <r3d:contentType contentTypeScheme="parse">Standard office documents</r3d:contentType>
    <r3d:contentType contentTypeScheme="parse">Images</r3d:contentType>
    <r3d:contentType contentTypeScheme="parse">Audiovisual data</r3d:contentType>
    <r3d:contentType contentTypeScheme="parse">Scientific and statistical data formats</r3d:contentType>
    <r3d:contentType contentTypeScheme="parse">Raw data</r3d:contentType>
    <r3d:contentType contentTypeScheme="parse">Plain text</r3d:contentType>
    <r3d:contentType contentTypeScheme="parse">Structured text</r3d:contentType>
    <r3d:contentType contentTypeScheme="parse">Archived data</r3d:contentType>
    <r3d:providerType>dataProvider</r3d:providerType>
    <r3d:keyword>technology and construction</r3d:keyword>
    <r3d:keyword>civil engineering</r3d:keyword>
    <r3d:keyword>aerospace engineering</r3d:keyword>
    <r3d:keyword>mechanical engineering</r3d:keyword>
    <r3d:keyword>electrical engineering</r3d:keyword>
    <r3d:keyword>materials engineering</r3d:keyword>
    <r3d:keyword>chemical technology</r3d:keyword>
    <r3d:keyword>applied natural sciences</r3d:keyword>
    <r3d:keyword>earth sciences</r3d:keyword>
    <r3d:keyword>design</r3d:keyword>
    <r3d:keyword>architecture</r3d:keyword>
    <r3d:keyword>product development</r3d:keyword>
    <r3d:keyword>biomedical technology</r3d:keyword>
    <r3d:institution>
        <r3d:institutionName language="eng">TU Delft Library</r3d:institutionName>
        <r3d:institutionAdditionalName language="eng">Delft University of Technology Library</r3d:institutionAdditionalName>
        <r3d:institutionCountry>NLD</r3d:institutionCountry>
        <r3d:responsibilityType>funding</r3d:responsibilityType>
        <r3d:responsibilityType>general</r3d:responsibilityType>
        <r3d:responsibilityType>technical</r3d:responsibilityType>
        <r3d:institutionType>non-profit</r3d:institutionType>
        <r3d:institutionURL>http://www.library.tudelft.nl/en/</r3d:institutionURL>
        <r3d:responsibilityStartDate>2008</r3d:responsibilityStartDate>
        <r3d:responsibilityEndDate></r3d:responsibilityEndDate>
        <r3d:institutionContact>http://researchdata.4tu.nl/en/about-4turesearchdata/contact/</r3d:institutionContact>
    </r3d:institution>
    <r3d:institution>
        <r3d:institutionName language="nld">Technische Universiteit Eindhoven, Information Expertise Centre</r3d:institutionName>
        <r3d:institutionAdditionalName language="nld">TU/e Information Expertise Centre</r3d:institutionAdditionalName>
        <r3d:institutionAdditionalName language="eng">University of Techhnology Eindhoven, Information Expertise Centre</r3d:institutionAdditionalName>
        <r3d:institutionAdditionalName language="nld">Technische Universiteit Eindhoven, Informatie Expertise Centrum</r3d:institutionAdditionalName>
        <r3d:institutionCountry>NLD</r3d:institutionCountry>
        <r3d:responsibilityType>funding</r3d:responsibilityType>
        <r3d:institutionType>non-profit</r3d:institutionType>
        <r3d:institutionURL>https://www.tue.nl/en/university/about-the-university/organization/support-services/information-expertise-center/</r3d:institutionURL>
        <r3d:responsibilityStartDate>2008</r3d:responsibilityStartDate>
        <r3d:responsibilityEndDate></r3d:responsibilityEndDate>
        <r3d:institutionContact>http://researchdata.4tu.nl/en/about-4turesearchdata/contact/</r3d:institutionContact>
    </r3d:institution>
    <r3d:institution>
        <r3d:institutionName language="eng">4TU.Federation</r3d:institutionName>
        <r3d:institutionAdditionalName language="eng">4TU</r3d:institutionAdditionalName>
        <r3d:institutionCountry>NLD</r3d:institutionCountry>
        <r3d:responsibilityType>general</r3d:responsibilityType>
        <r3d:responsibilityType>technical</r3d:responsibilityType>
        <r3d:institutionType>non-profit</r3d:institutionType>
        <r3d:institutionURL>https://www.4tu.nl/en/</r3d:institutionURL>
        <r3d:responsibilityStartDate>2007</r3d:responsibilityStartDate>
        <r3d:responsibilityEndDate></r3d:responsibilityEndDate>
    </r3d:institution>
    <r3d:institution>
        <r3d:institutionName language="nld">Universiteit Twente, Servicecentrum Bibliotheek &amp; Archief</r3d:institutionName>
        <r3d:institutionAdditionalName language="eng">University of Twente, Library &amp; Archive Service Centre</r3d:institutionAdditionalName>
        <r3d:institutionCountry>NLD</r3d:institutionCountry>
        <r3d:responsibilityType>general</r3d:responsibilityType>
        <r3d:institutionType>non-profit</r3d:institutionType>
        <r3d:institutionURL>https://www.utwente.nl/en/</r3d:institutionURL>
        <r3d:responsibilityStartDate>2008</r3d:responsibilityStartDate>
        <r3d:responsibilityEndDate></r3d:responsibilityEndDate>
        <r3d:institutionContact>http://researchdata.4tu.nl/en/about-4turesearchdata/contact/</r3d:institutionContact>
    </r3d:institution>
    <r3d:institution>
        <r3d:institutionName language="eng">Wageningen University &amp; Research</r3d:institutionName>
        <r3d:institutionCountry>NLD</r3d:institutionCountry>
        <r3d:responsibilityType>general</r3d:responsibilityType>
        <r3d:responsibilityType>funding</r3d:responsibilityType>
        <r3d:institutionType>non-profit</r3d:institutionType>
        <r3d:institutionURL>http://www.wur.nl/</r3d:institutionURL>
        <r3d:responsibilityStartDate></r3d:responsibilityStartDate>
        <r3d:responsibilityEndDate></r3d:responsibilityEndDate>
        <r3d:institutionContact>http://www.wur.nl/en/newsarticle/Wageningen-Univeristy-and-3TU.Federation-stregthen-cross-overs-between-high-tech-with-agri-food-with-collabarion-in-4TU.Federation.htm</r3d:institutionContact>
    </r3d:institution>
    <r3d:policy>
        <r3d:policyName>General terms of use for 4TU.Centre for Research Data</r3d:policyName>
        <r3d:policyURL>http://researchdata.4tu.nl/fileadmin/editor_upload/pdf/Terms_of_use/General_terms_of_use_4TU.ResearchData.pdf</r3d:policyURL>
    </r3d:policy>
    <r3d:databaseAccess>
        <r3d:databaseAccessType>open</r3d:databaseAccessType>
    </r3d:databaseAccess>
    <r3d:dataAccess>
    <r3d:dataAccessType>open</r3d:dataAccessType>
    </r3d:dataAccess>
    <r3d:dataAccess>
    <r3d:dataAccessType>embargoed</r3d:dataAccessType>
    </r3d:dataAccess>
    <r3d:dataAccess>
    <r3d:dataAccessType>restricted</r3d:dataAccessType>
    <r3d:dataAccessRestriction>other</r3d:dataAccessRestriction>
    </r3d:dataAccess>
    <r3d:dataAccess>
    <r3d:dataAccessType>closed</r3d:dataAccessType>
    </r3d:dataAccess>
    <r3d:dataLicense>
        <r3d:dataLicenseName>CC</r3d:dataLicenseName>
        <r3d:dataLicenseURL>https://creativecommons.org/</r3d:dataLicenseURL>
    </r3d:dataLicense>
    <r3d:dataLicense>
        <r3d:dataLicenseName>Copyrights</r3d:dataLicenseName>
        <r3d:dataLicenseURL>http://researchdata.4tu.nl/fileadmin/editor_upload/pdf/Terms_of_use/General_terms_of_use_4TU.ResearchData.pdf</r3d:dataLicenseURL>
    </r3d:dataLicense>
    <r3d:dataUpload>
        <r3d:dataUploadType>restricted</r3d:dataUploadType>
        <r3d:dataUploadRestriction>registration</r3d:dataUploadRestriction>
        <r3d:dataUploadRestriction>feeRequired</r3d:dataUploadRestriction>
    </r3d:dataUpload>
    <r3d:dataUploadLicense>
        <r3d:dataUploadLicenseName>4TU. Deposit Guidelines</r3d:dataUploadLicenseName>
        <r3d:dataUploadLicenseURL>http://researchdata.4tu.nl/fileadmin/editor_upload/pdf/Deposit_Guidelines/Deposit_Guide</r3d:dataUploadLicenseURL>
    </r3d:dataUploadLicense>
    <r3d:software>
        <r3d:softwareName>Fedora</r3d:softwareName>
    </r3d:software>
    <r3d:versioning>yes</r3d:versioning>
    <r3d:api apiType="NetCDF">http://researchdata.4tu.nl/en/publishing-research/data-description-and-formats/</r3d:api>
    <r3d:api apiType="FTP">http://researchdata.4tu.nl/en/publishing-research/</r3d:api>
    <r3d:api apiType="OpenDAP">http://researchdata.4tu.nl/en/publishing-research/data-description-and-formats/</r3d:api>
    <r3d:pidSystem>DOI</r3d:pidSystem>
    <r3d:citationGuidelineURL>http://researchdata.4tu.nl/fileadmin/editor_upload/pdf/Terms_of_use/General_terms_of_use_4TU.ResearchData.pdf</r3d:citationGuidelineURL>
    <r3d:aidSystem>ORCID</r3d:aidSystem>
    <r3d:enhancedPublication>yes</r3d:enhancedPublication>
    <r3d:qualityManagement>yes</r3d:qualityManagement>
    <r3d:certificate>DSA</r3d:certificate>
    <r3d:metadataStandard>
      <r3d:metadataStandardName metadataStandardScheme="DCC">RDF Data Cube Vocabulary</r3d:metadataStandardName>
      <r3d:metadataStandardURL>http://www.dcc.ac.uk/resources/metadata-standards/rdf-data-cube-vocabulary</r3d:metadataStandardURL>
    </r3d:metadataStandard>
    <r3d:metadataStandard>
      <r3d:metadataStandardName metadataStandardScheme="DCC">Dublin Core</r3d:metadataStandardName>
      <r3d:metadataStandardURL>http://www.dcc.ac.uk/resources/metadata-standards/dublin-core</r3d:metadataStandardURL>
    </r3d:metadataStandard>
    <r3d:metadataStandard>
      <r3d:metadataStandardName metadataStandardScheme="DCC">DataCite Metadata Schema</r3d:metadataStandardName>
      <r3d:metadataStandardURL>http://www.dcc.ac.uk/resources/metadata-standards/datacite-metadata-schema</r3d:metadataStandardURL>
    </r3d:metadataStandard>
    <r3d:metadataStandard>
      <r3d:metadataStandardName metadataStandardScheme="DCC">DDI - Data Documentation Initiative</r3d:metadataStandardName>
      <r3d:metadataStandardURL>http://www.dcc.ac.uk/resources/metadata-standards/ddi-data-documentation-initiative</r3d:metadataStandardURL>
    </r3d:metadataStandard>
    <r3d:syndication syndicationType="RSS">http://researchdata.4tu.nl/index.php?L=1&amp;id=41&amp;type=100</r3d:syndication>
    <r3d:remarks>4TU.Center for Research Data is covered by Thomson Reuters Data Citation Index. 4TU.Center for Research Data is covered by SCOPUS. 4TU.Center for Research Data is covered by Elsevier DataSearch.
All metadata are provided under CC0 License. 
As of 27 May, Wageningen University &amp; Research Centre has joined the partnership between the three universities of technology in the Netherlands (3TU.Federation). From now  it will be known as 4TU, and the cooperation on education and research will be extended further. 3TU.Datacentrum was an initiative of the libraries of the three Dutch Technical Universities (TU Delft, TU Eindhoven and University of Twente).
All the data sets stored in the 4TU.Center for Research Data are now accessible also via the NARCIS repository. NARCIS is the gateway to scholarly information in The Netherlands. Due to the link between NARCIS and 4TU.Center for Research Data the research data sets can now be found even easier.</r3d:remarks>
    <r3d:entryDate>2013-02-25</r3d:entryDate>
    <r3d:lastUpdate>2017-10-26</r3d:lastUpdate>
  </r3d:repository>
</r3d:re3data>