<?xml version="1.0" encoding="utf-8"?>
<!--re3data.org Schema for the Description of Research Data Repositories. Version 2.2, December 2014. doi:10.2312/re3.006-->
<r3d:re3data xmlns:r3d="http://www.re3data.org/schema/2-2" xmlns:xsi="http://www.w3.org/2001/XMLSchema-instance" xsi:schemaLocation="http://www.re3data.org/schema/2-2 http://schema.re3data.org/2-2/re3dataV2-2.xsd">
  <r3d:repository>
    <r3d:re3data.orgIdentifier>r3d100010421</r3d:re3data.orgIdentifier>
    <r3d:repositoryName language="eng">The Zebrafish Model Organism Database</r3d:repositoryName>
    <r3d:additionalName language="eng">ZFIN</r3d:additionalName>
    <r3d:repositoryURL>http://zfin.org/</r3d:repositoryURL>
    <r3d:repositoryIdentifier>RRID:nif-0000-21427</r3d:repositoryIdentifier>
    <r3d:repositoryIdentifier>RRID:OMICS_01666</r3d:repositoryIdentifier>
    <r3d:repositoryIdentifier>RRID:SCR_002560</r3d:repositoryIdentifier>
    <r3d:description language="eng">ZFIN serves as the zebrafish model organism database. The long term goals for ZFIN are a) to be the community database resource for the laboratory use of zebrafish, b) to develop and support integrated zebrafish genetic, genomic and developmental information, c) to maintain the definitive reference data sets of zebrafish research information, d) to link this information extensively to corresponding data in other model organism and human databases, e) to facilitate the use of zebrafish as a model for human biology and f) to serve the needs of the research community.
ZIRC is the Zebrafish International Resource Center, an independent NIH-funded facility providing a wide range of zebrafish lines, probes and health services. ZFIN works closely with ZIRC to connect our genetic data with available probes and fish lines.</r3d:description>
    <r3d:repositoryContact>https://wiki.zfin.org/display/general/ZFIN+Contact+Information</r3d:repositoryContact>
    <r3d:repositoryContact>zfinadmn@zfin.org</r3d:repositoryContact>
    <r3d:type>disciplinary</r3d:type>
    <r3d:size updated=""></r3d:size>
    <r3d:startDate>1997</r3d:startDate>
    <r3d:endDate></r3d:endDate>
    <r3d:repositoryLanguage>eng</r3d:repositoryLanguage>
    <r3d:subject subjectScheme="DFG">21 Biology</r3d:subject>
    <r3d:subject subjectScheme="DFG">203 Zoology</r3d:subject>
    <r3d:subject subjectScheme="DFG">20306 Animal Genetics, Cell and Developmental Biology</r3d:subject>
    <r3d:subject subjectScheme="DFG">20303 Animal Ecology, Biodiversity and Ecosystem Research</r3d:subject>
    <r3d:subject subjectScheme="DFG">2 Life Sciences</r3d:subject>
    <r3d:missionStatementURL>https://wiki.zfin.org/display/general/ZFIN+db+information</r3d:missionStatementURL>
    <r3d:contentType contentTypeScheme="parse">Standard office documents</r3d:contentType>
    <r3d:contentType contentTypeScheme="parse">Images</r3d:contentType>
    <r3d:contentType contentTypeScheme="parse">Scientific and statistical data formats</r3d:contentType>
    <r3d:contentType contentTypeScheme="parse">Plain text</r3d:contentType>
    <r3d:contentType contentTypeScheme="parse">Structured graphics</r3d:contentType>
    <r3d:providerType>dataProvider</r3d:providerType>
    <r3d:keyword>freshwater fish</r3d:keyword>
    <r3d:keyword>genomics</r3d:keyword>
    <r3d:keyword>marine biology</r3d:keyword>
    <r3d:keyword>BLAST</r3d:keyword>
    <r3d:keyword>genetics</r3d:keyword>
    <r3d:keyword>gene expression</r3d:keyword>
    <r3d:keyword>genome sequence</r3d:keyword>
    <r3d:keyword>molecular neuroanatomy</r3d:keyword>
    <r3d:keyword>genotype</r3d:keyword>
    <r3d:keyword>vertebrates</r3d:keyword>
    <r3d:institution>
        <r3d:institutionName language="eng">University of Oregon</r3d:institutionName>
        <r3d:institutionCountry>USA</r3d:institutionCountry>
        <r3d:responsibilityType>general</r3d:responsibilityType>
        <r3d:responsibilityType>technical</r3d:responsibilityType>
        <r3d:institutionType>non-profit</r3d:institutionType>
        <r3d:institutionURL>http://uoregon.edu/</r3d:institutionURL>
        <r3d:responsibilityStartDate>1994</r3d:responsibilityStartDate>
        <r3d:responsibilityEndDate></r3d:responsibilityEndDate>
        <r3d:institutionContact>http://www.uoneuro.uoregon.edu/k12/websites.html</r3d:institutionContact>
    </r3d:institution>
    <r3d:institution>
        <r3d:institutionName language="eng">Zebrafish International Resource Center</r3d:institutionName>
        <r3d:institutionCountry>USA</r3d:institutionCountry>
        <r3d:responsibilityType>general</r3d:responsibilityType>
        <r3d:institutionType>non-profit</r3d:institutionType>
        <r3d:institutionURL>http://zebrafish.org/home/guide.php</r3d:institutionURL>
        <r3d:responsibilityStartDate></r3d:responsibilityStartDate>
        <r3d:responsibilityEndDate></r3d:responsibilityEndDate>
        <r3d:institutionContact>http://zebrafish.org/home/contact.php</r3d:institutionContact>
        <r3d:institutionContact>zirc@zebrafish.org</r3d:institutionContact>
    </r3d:institution>
    <r3d:institution>
        <r3d:institutionName language="eng">National Institutes of Health</r3d:institutionName>
        <r3d:institutionCountry>USA</r3d:institutionCountry>
        <r3d:responsibilityType>funding</r3d:responsibilityType>
        <r3d:institutionType>non-profit</r3d:institutionType>
        <r3d:institutionURL>https://www.nih.gov/</r3d:institutionURL>
        <r3d:responsibilityStartDate></r3d:responsibilityStartDate>
        <r3d:responsibilityEndDate></r3d:responsibilityEndDate>
        <r3d:institutionContact>https://www.nih.gov/about-nih/contact-us</r3d:institutionContact>
    </r3d:institution>
    <r3d:institution>
        <r3d:institutionName language="eng">National Institutes of Health, National Human Genome Research Institute</r3d:institutionName>
        <r3d:institutionAdditionalName language="eng">NHGRI</r3d:institutionAdditionalName>
        <r3d:institutionCountry>USA</r3d:institutionCountry>
        <r3d:responsibilityType>funding</r3d:responsibilityType>
        <r3d:institutionType>non-profit</r3d:institutionType>
        <r3d:institutionURL>https://www.genome.gov/</r3d:institutionURL>
        <r3d:responsibilityStartDate></r3d:responsibilityStartDate>
        <r3d:responsibilityEndDate></r3d:responsibilityEndDate>
        <r3d:institutionContact>https://www.genome.gov/10005049/questions-and-feedback/</r3d:institutionContact>
    </r3d:institution>
    <r3d:policy>
        <r3d:policyName>Warranty and liability disclaimer, ownership, and limits on use</r3d:policyName>
        <r3d:policyURL>http://zfin.org/warranty.html</r3d:policyURL>
    </r3d:policy>
    <r3d:policy>
        <r3d:policyName>ZIRC Terms of Use</r3d:policyName>
        <r3d:policyURL>http://zebrafish.org/documents/terms_of_use.php</r3d:policyURL>
    </r3d:policy>
    <r3d:databaseAccess>
        <r3d:databaseAccessType>open</r3d:databaseAccessType>
    </r3d:databaseAccess>
    <r3d:dataAccess>
    <r3d:dataAccessType>open</r3d:dataAccessType>
    </r3d:dataAccess>
    <r3d:dataLicense>
        <r3d:dataLicenseName>Copyrights</r3d:dataLicenseName>
        <r3d:dataLicenseURL>http://zfin.org/warranty.html</r3d:dataLicenseURL>
    </r3d:dataLicense>
    <r3d:dataUpload>
        <r3d:dataUploadType>restricted</r3d:dataUploadType>
        <r3d:dataUploadRestriction>registration</r3d:dataUploadRestriction>
    </r3d:dataUpload>
    <r3d:software>
        <r3d:softwareName>unknown</r3d:softwareName>
    </r3d:software>
    <r3d:versioning></r3d:versioning>
    <r3d:pidSystem>none</r3d:pidSystem>
    <r3d:citationGuidelineURL>http://wiki.zfin.org/display/general/ZFIN+db+information</r3d:citationGuidelineURL>
    <r3d:enhancedPublication>unknown</r3d:enhancedPublication>
    <r3d:qualityManagement>yes</r3d:qualityManagement>
    <r3d:syndication syndicationType="RSS">https://wiki.zfin.org/createrssfeed.action?types=blogpost&amp;spaces=news&amp;title=Zebrafish+News&amp;labelString%3D&amp;excludedSpaceKeys%3D&amp;sort=modified&amp;maxResults=10&amp;timeSpan=120&amp;showContent=true</r3d:syndication>
    <r3d:remarks>Zebrafisch FAQs: http://www.uoneuro.uoregon.edu/k12/FAQs.html  . - ZFIN is covered by SCOPUS.</r3d:remarks>
    <r3d:entryDate>2013-06-27</r3d:entryDate>
    <r3d:lastUpdate>2017-09-29</r3d:lastUpdate>
  </r3d:repository>
</r3d:re3data>