<?xml version="1.0" encoding="utf-8"?>
<!--re3data.org Schema for the Description of Research Data Repositories. Version 2.2, December 2014. doi:10.2312/re3.006-->
<r3d:re3data xmlns:r3d="http://www.re3data.org/schema/2-2" xmlns:xsi="http://www.w3.org/2001/XMLSchema-instance" xsi:schemaLocation="http://www.re3data.org/schema/2-2 http://schema.re3data.org/2-2/re3dataV2-2.xsd">
  <r3d:repository>
    <r3d:re3data.orgIdentifier>r3d100010283</r3d:re3data.orgIdentifier>
    <r3d:repositoryName language="eng">Gene Expression Omnibus</r3d:repositoryName>
    <r3d:additionalName language="eng">GEO</r3d:additionalName>
    <r3d:repositoryURL>http://www.ncbi.nlm.nih.gov/geo/</r3d:repositoryURL>
    <r3d:repositoryIdentifier>RRID:nif-0000-00142</r3d:repositoryIdentifier>
    <r3d:repositoryIdentifier>RRID:SCR_007303</r3d:repositoryIdentifier>
    <r3d:repositoryIdentifier>RRID:OMICS_01030</r3d:repositoryIdentifier>
    <r3d:description language="eng">Gene Expression Omnibus: a public functional genomics data repository supporting MIAME-compliant data submissions. Array- and sequence-based data are accepted. Tools are provided to help users query and download experiments and curated gene expression profiles.</r3d:description>
    <r3d:repositoryContact>geo@ncbi.nlm.nih.gov</r3d:repositoryContact>
    <r3d:type>disciplinary</r3d:type>
    <r3d:size updated="2017-05-15">Platforms 17.251 ; Samples 2.072.423 ; Series 84.386; DataSets 4.348</r3d:size>
    <r3d:startDate>2002</r3d:startDate>
    <r3d:endDate></r3d:endDate>
    <r3d:repositoryLanguage>eng</r3d:repositoryLanguage>
    <r3d:subject subjectScheme="DFG">20105 General Genetics</r3d:subject>
    <r3d:subject subjectScheme="DFG">201 Basic Biological and Medical Research</r3d:subject>
    <r3d:subject subjectScheme="DFG">21 Biology</r3d:subject>
    <r3d:subject subjectScheme="DFG">2 Life Sciences</r3d:subject>
    <r3d:missionStatementURL>http://www.ncbi.nlm.nih.gov/geo/info/overview.html</r3d:missionStatementURL>
    <r3d:contentType contentTypeScheme="parse">Plain text</r3d:contentType>
    <r3d:contentType contentTypeScheme="parse">Structured text</r3d:contentType>
    <r3d:contentType contentTypeScheme="parse">Scientific and statistical data formats</r3d:contentType>
    <r3d:contentType contentTypeScheme="parse">Archived data</r3d:contentType>
    <r3d:contentType contentTypeScheme="parse">Images</r3d:contentType>
    <r3d:providerType>serviceProvider</r3d:providerType>
    <r3d:keyword>Gene Expression</r3d:keyword>
    <r3d:keyword>Genetic Regulation</r3d:keyword>
    <r3d:keyword>Genomics Data</r3d:keyword>
    <r3d:institution>
        <r3d:institutionName language="eng">National Center for Biotechnology Information</r3d:institutionName>
        <r3d:institutionAdditionalName language="eng">NCBI</r3d:institutionAdditionalName>
        <r3d:institutionCountry>USA</r3d:institutionCountry>
        <r3d:responsibilityType>general</r3d:responsibilityType>
        <r3d:institutionType>non-profit</r3d:institutionType>
        <r3d:institutionURL>http://www.ncbi.nlm.nih.gov</r3d:institutionURL>
        <r3d:responsibilityStartDate></r3d:responsibilityStartDate>
        <r3d:responsibilityEndDate></r3d:responsibilityEndDate>
        <r3d:institutionContact>geo@ncbi.nlm.nih.gov</r3d:institutionContact>
    </r3d:institution>
    <r3d:institution>
        <r3d:institutionName language="eng">National Institutes of Health, U.S. National Library of Medicine</r3d:institutionName>
        <r3d:institutionCountry>USA</r3d:institutionCountry>
        <r3d:responsibilityType>general</r3d:responsibilityType>
        <r3d:institutionType>non-profit</r3d:institutionType>
        <r3d:institutionURL>https://www.nlm.nih.gov/</r3d:institutionURL>
        <r3d:responsibilityStartDate></r3d:responsibilityStartDate>
        <r3d:responsibilityEndDate></r3d:responsibilityEndDate>
    </r3d:institution>
    <r3d:policy>
        <r3d:policyName>Submitting data</r3d:policyName>
        <r3d:policyURL>http://www.ncbi.nlm.nih.gov/geo/info/submission.html</r3d:policyURL>
    </r3d:policy>
    <r3d:policy>
        <r3d:policyName>GEO and MIAME</r3d:policyName>
        <r3d:policyURL>http://www.ncbi.nlm.nih.gov/geo/info/MIAME.html</r3d:policyURL>
    </r3d:policy>
    <r3d:policy>
        <r3d:policyName>Guidelines for reviewers and journal editors</r3d:policyName>
        <r3d:policyURL>http://www.ncbi.nlm.nih.gov/geo/info/reviewer.html</r3d:policyURL>
    </r3d:policy>
    <r3d:databaseAccess>
        <r3d:databaseAccessType>open</r3d:databaseAccessType>
    </r3d:databaseAccess>
    <r3d:dataAccess>
    <r3d:dataAccessType>open</r3d:dataAccessType>
    </r3d:dataAccess>
    <r3d:dataAccess>
    <r3d:dataAccessType>restricted</r3d:dataAccessType>
    <r3d:dataAccessRestriction>other</r3d:dataAccessRestriction>
    </r3d:dataAccess>
    <r3d:dataLicense>
        <r3d:dataLicenseName>Copyrights</r3d:dataLicenseName>
        <r3d:dataLicenseURL>http://www.ncbi.nlm.nih.gov/geo/info/disclaimer.html</r3d:dataLicenseURL>
    </r3d:dataLicense>
    <r3d:dataUpload>
        <r3d:dataUploadType>restricted</r3d:dataUploadType>
        <r3d:dataUploadRestriction>registration</r3d:dataUploadRestriction>
    </r3d:dataUpload>
    <r3d:dataUploadLicense>
        <r3d:dataUploadLicenseName>Submitting data</r3d:dataUploadLicenseName>
        <r3d:dataUploadLicenseURL>https://www.ncbi.nlm.nih.gov/geo/info/submission.html</r3d:dataUploadLicenseURL>
    </r3d:dataUploadLicense>
    <r3d:software>
        <r3d:softwareName>unknown</r3d:softwareName>
    </r3d:software>
    <r3d:versioning></r3d:versioning>
    <r3d:api apiType="FTP">ftp://ftp.ncbi.nlm.nih.gov/geo/</r3d:api>
    <r3d:pidSystem>none</r3d:pidSystem>
    <r3d:citationGuidelineURL>http://www.ncbi.nlm.nih.gov/geo/info/linking.html</r3d:citationGuidelineURL>
    <r3d:enhancedPublication>yes</r3d:enhancedPublication>
    <r3d:qualityManagement>yes</r3d:qualityManagement>
    <r3d:syndication syndicationType="RSS">http://www.ncbi.nlm.nih.gov/geo/feed/series/</r3d:syndication>
    <r3d:remarks>GEO is covered by Thomson Reuters Data Citation Index. GEO is covered by SCOPUS. GEO include genomics data of the Beta Cell Biology Consortium (BCBC). This was a team science initiative that was established by the National Institute of Diabetes and Digestive and Kidney Diseases (NIDDK).</r3d:remarks>
    <r3d:entryDate>2013-06-11</r3d:entryDate>
    <r3d:lastUpdate>2017-10-04</r3d:lastUpdate>
  </r3d:repository>
</r3d:re3data>