<?xml version="1.0" encoding="utf-8"?>
<!--re3data.org Schema for the Description of Research Data Repositories. Version 2.2, December 2014. doi:10.2312/re3.006-->
<r3d:re3data xmlns:r3d="http://www.re3data.org/schema/2-2" xmlns:xsi="http://www.w3.org/2001/XMLSchema-instance" xsi:schemaLocation="http://www.re3data.org/schema/2-2 http://schema.re3data.org/2-2/re3dataV2-2.xsd">
  <r3d:repository>
    <r3d:re3data.orgIdentifier>r3d100010324</r3d:re3data.orgIdentifier>
    <r3d:repositoryName language="eng">OECD iLibrary Statistics</r3d:repositoryName>
    <r3d:repositoryURL>http://www.oecd-ilibrary.org/statistics</r3d:repositoryURL>
    <r3d:description language="eng">OECD iLibrary is the online library of the Organisation for Economic Cooperation and Development (OECD) featuring its books,  papers and statistics and is the gateway to OECD’s analysis and data. It  replaced SourceOECD in July 2010.
OECD iLibrary also contains content published by the International Energy Agency (IEA), the Nuclear Energy Agency (NEA), the OECD Development Centre, PISA (Programme for International Student Assessment), and the International Transport Forum (ITF).
OECD iLibrary presents all content so users can find - and cite - tables and databases as easily as articles or chapters in any available format: PDF, WEB, XLS, DATA, ePUB, READ.</r3d:description>
    <r3d:type>institutional</r3d:type>
    <r3d:type>other</r3d:type>
    <r3d:size updated=""></r3d:size>
    <r3d:startDate>2010-07</r3d:startDate>
    <r3d:endDate></r3d:endDate>
    <r3d:repositoryLanguage>eng</r3d:repositoryLanguage>
    <r3d:repositoryLanguage>fra</r3d:repositoryLanguage>
    <r3d:subject subjectScheme="DFG">111 Social Sciences</r3d:subject>
    <r3d:subject subjectScheme="DFG">112 Economics</r3d:subject>
    <r3d:subject subjectScheme="DFG">113 Jurisprudence</r3d:subject>
    <r3d:subject subjectScheme="DFG">12 Social and Behavioural Sciences</r3d:subject>
    <r3d:subject subjectScheme="DFG">1 Humanities and Social Sciences</r3d:subject>
    <r3d:missionStatementURL>http://www.oecd-ilibrary.org/about/about</r3d:missionStatementURL>
    <r3d:contentType contentTypeScheme="parse">Standard office documents</r3d:contentType>
    <r3d:contentType contentTypeScheme="parse">Images</r3d:contentType>
    <r3d:contentType contentTypeScheme="parse">Plain text</r3d:contentType>
    <r3d:providerType>dataProvider</r3d:providerType>
    <r3d:keyword>OECD</r3d:keyword>
    <r3d:keyword>statistics</r3d:keyword>
    <r3d:institution>
        <r3d:institutionName language="eng">Organisation for Economic Co-operation and Development</r3d:institutionName>
        <r3d:institutionAdditionalName language="eng">OECD</r3d:institutionAdditionalName>
        <r3d:institutionAdditionalName language="fra">L’Organisation de Coopération et de Développement Économiques</r3d:institutionAdditionalName>
        <r3d:institutionCountry>FRA</r3d:institutionCountry>
        <r3d:responsibilityType>general</r3d:responsibilityType>
        <r3d:institutionType>non-profit</r3d:institutionType>
        <r3d:institutionURL>http://www.oecd.org</r3d:institutionURL>
        <r3d:responsibilityStartDate></r3d:responsibilityStartDate>
        <r3d:responsibilityEndDate></r3d:responsibilityEndDate>
        <r3d:institutionContact>http://www.oecd-ilibrary.org/contact</r3d:institutionContact>
    </r3d:institution>
    <r3d:policy>
        <r3d:policyName>Privacy Policy</r3d:policyName>
        <r3d:policyURL>http://www.oecd-ilibrary.org/about/privacy</r3d:policyURL>
    </r3d:policy>
    <r3d:policy>
        <r3d:policyName>Terms and Conditions</r3d:policyName>
        <r3d:policyURL>http://www.oecd-ilibrary.org/about/terms</r3d:policyURL>
    </r3d:policy>
    <r3d:databaseAccess>
        <r3d:databaseAccessType>open</r3d:databaseAccessType>
    </r3d:databaseAccess>
    <r3d:databaseLicense>
        <r3d:databaseLicenseName>Copyrights</r3d:databaseLicenseName>
        <r3d:databaseLicenseURL>http://www.oecd-ilibrary.org/about/copyright</r3d:databaseLicenseURL>
    </r3d:databaseLicense>
    <r3d:dataAccess>
    <r3d:dataAccessType>open</r3d:dataAccessType>
    </r3d:dataAccess>
    <r3d:dataAccess>
    <r3d:dataAccessType>restricted</r3d:dataAccessType>
    <r3d:dataAccessRestriction>registration</r3d:dataAccessRestriction>
    </r3d:dataAccess>
    <r3d:dataAccess>
    <r3d:dataAccessType>restricted</r3d:dataAccessType>
    <r3d:dataAccessRestriction>feeRequired</r3d:dataAccessRestriction>
    </r3d:dataAccess>
    <r3d:dataLicense>
        <r3d:dataLicenseName>other</r3d:dataLicenseName>
        <r3d:dataLicenseURL>http://www.oecd-ilibrary.org/about/terms</r3d:dataLicenseURL>
    </r3d:dataLicense>
    <r3d:dataLicense>
        <r3d:dataLicenseName>Copyrights</r3d:dataLicenseName>
        <r3d:dataLicenseURL>http://www.oecd-ilibrary.org/about/copyright</r3d:dataLicenseURL>
    </r3d:dataLicense>
    <r3d:dataUpload>
        <r3d:dataUploadType>closed</r3d:dataUploadType>
    </r3d:dataUpload>
    <r3d:software>
        <r3d:softwareName>unknown</r3d:softwareName>
    </r3d:software>
    <r3d:versioning></r3d:versioning>
    <r3d:api apiType="REST">https://data.oecd.org/api/sdmx-ml-documentation/</r3d:api>
    <r3d:pidSystem>DOI</r3d:pidSystem>
    <r3d:citationGuidelineURL></r3d:citationGuidelineURL>
    <r3d:enhancedPublication>unknown</r3d:enhancedPublication>
    <r3d:qualityManagement>yes</r3d:qualityManagement>
    <r3d:remarks>RSS notifications available for the different subject categories.</r3d:remarks>
    <r3d:entryDate>2013-06-13</r3d:entryDate>
    <r3d:lastUpdate>2017-04-26</r3d:lastUpdate>
  </r3d:repository>
</r3d:re3data>