<?xml version="1.0" encoding="utf-8"?>
<!--re3data.org Schema for the Description of Research Data Repositories. Version 2.2, December 2014. doi:10.2312/re3.006-->
<r3d:re3data xmlns:r3d="http://www.re3data.org/schema/2-2" xmlns:xsi="http://www.w3.org/2001/XMLSchema-instance" xsi:schemaLocation="http://www.re3data.org/schema/2-2 http://schema.re3data.org/2-2/re3dataV2-2.xsd">
  <r3d:repository>
    <r3d:re3data.orgIdentifier>r3d100010160</r3d:re3data.orgIdentifier>
    <r3d:repositoryName language="eng">World Data Center for Human Interactions in the Environments</r3d:repositoryName>
    <r3d:additionalName language="eng">WDC for Human Interactions in the Environment</r3d:additionalName>
    <r3d:repositoryURL>http://sedac.ciesin.columbia.edu/</r3d:repositoryURL>
    <r3d:description language="eng">This record is combined with &#039;NASA Socioeconomic Data and Applications Center&#039; (see: http://service.re3data.org/repository/r3d100010159 )  
The World Data Center for Human Interactions in the Environment has been superseded by the NASA Socioeconomic Data and Applications Center (SEDAC), which is a regular member of the World Data System (WDS). The International Council for Science (ICSU) replaced the World Data Centers (WDC) with the WDS, which supports the provision of trusted scientific data services by certifying its members to ensure that they maintain the organizational capabilities and infrastructure for managing the data products and services that they offer. SEDAC focuses on human interactions in the environment and is one of the Distributed Active Archive Centers (DAACs) in the NASA Earth Observing System Data and Information System (EOSDIS). The NASA Earth Science Data and Information System (ESDIS) Project, a WDS Network Member, manages the EOSDIS science systems.</r3d:description>
    <r3d:type>disciplinary</r3d:type>
    <r3d:size updated=""></r3d:size>
    <r3d:startDate>1997</r3d:startDate>
    <r3d:endDate>2012</r3d:endDate>
    <r3d:repositoryLanguage>eng</r3d:repositoryLanguage>
    <r3d:subject subjectScheme="DFG">11 Humanities</r3d:subject>
    <r3d:subject subjectScheme="DFG">1 Humanities and Social Sciences</r3d:subject>
    <r3d:missionStatementURL></r3d:missionStatementURL>
    <r3d:contentType contentTypeScheme="parse">Standard office documents</r3d:contentType>
    <r3d:contentType contentTypeScheme="parse">Structured graphics</r3d:contentType>
    <r3d:contentType contentTypeScheme="parse">Scientific and statistical data formats</r3d:contentType>
    <r3d:providerType>dataProvider</r3d:providerType>
    <r3d:providerType>serviceProvider</r3d:providerType>
    <r3d:keyword>climate</r3d:keyword>
    <r3d:keyword>conservation</r3d:keyword>
    <r3d:keyword>governance</r3d:keyword>
    <r3d:keyword>hazards</r3d:keyword>
    <r3d:keyword>health</r3d:keyword>
    <r3d:keyword>population</r3d:keyword>
    <r3d:keyword>poverty</r3d:keyword>
    <r3d:keyword>sustainability</r3d:keyword>
    <r3d:keyword>global environment</r3d:keyword>
    <r3d:keyword>socioeconomics</r3d:keyword>
    <r3d:institution>
        <r3d:institutionName language="eng">Columbia University, Earth Institute, Center for International Earth Science Information Networks</r3d:institutionName>
        <r3d:institutionAdditionalName language="eng">CIESIN</r3d:institutionAdditionalName>
        <r3d:institutionCountry>USA</r3d:institutionCountry>
        <r3d:responsibilityType>technical</r3d:responsibilityType>
        <r3d:institutionType>non-profit</r3d:institutionType>
        <r3d:institutionURL>http://www.ciesin.columbia.edu/</r3d:institutionURL>
        <r3d:responsibilityStartDate>1997</r3d:responsibilityStartDate>
        <r3d:responsibilityEndDate>2012</r3d:responsibilityEndDate>
    </r3d:institution>
    <r3d:institution>
        <r3d:institutionName language="eng">National Aeronautics and Space Administration, Socioeconomic Data and Applications Center</r3d:institutionName>
        <r3d:institutionAdditionalName language="eng">NASA SEDAC</r3d:institutionAdditionalName>
        <r3d:institutionCountry>USA</r3d:institutionCountry>
        <r3d:responsibilityType>technical</r3d:responsibilityType>
        <r3d:responsibilityType>general</r3d:responsibilityType>
        <r3d:institutionType>non-profit</r3d:institutionType>
        <r3d:institutionURL>http://sedac.ciesin.columbia.edu/</r3d:institutionURL>
        <r3d:responsibilityStartDate>1997</r3d:responsibilityStartDate>
        <r3d:responsibilityEndDate>2012</r3d:responsibilityEndDate>
    </r3d:institution>
    <r3d:institution>
        <r3d:institutionName language="eng">National Oceanic and Atmospheric Administration, National Environmental Satellite, Data, and Information Service, National Geophysical Data Center</r3d:institutionName>
        <r3d:institutionAdditionalName language="eng">NOAA NESDIS NGDC</r3d:institutionAdditionalName>
        <r3d:institutionCountry>USA</r3d:institutionCountry>
        <r3d:responsibilityType>funding</r3d:responsibilityType>
        <r3d:institutionType>non-profit</r3d:institutionType>
        <r3d:institutionURL>https://www.ngdc.noaa.gov/</r3d:institutionURL>
        <r3d:responsibilityStartDate>1997</r3d:responsibilityStartDate>
        <r3d:responsibilityEndDate>2012</r3d:responsibilityEndDate>
    </r3d:institution>
    <r3d:policy>
        <r3d:policyName>WDC data policy</r3d:policyName>
        <r3d:policyURL>https://www.icsu-wds.org/services/data-sharing-principles</r3d:policyURL>
    </r3d:policy>
    <r3d:databaseAccess>
        <r3d:databaseAccessType>open</r3d:databaseAccessType>
    </r3d:databaseAccess>
    <r3d:dataAccess>
    <r3d:dataAccessType>open</r3d:dataAccessType>
    </r3d:dataAccess>
    <r3d:dataLicense>
        <r3d:dataLicenseName>Copyrights</r3d:dataLicenseName>
        <r3d:dataLicenseURL>http://ciesin.columbia.edu/copyright.html</r3d:dataLicenseURL>
    </r3d:dataLicense>
    <r3d:dataUpload>
        <r3d:dataUploadType>open</r3d:dataUploadType>
    </r3d:dataUpload>
    <r3d:software>
        <r3d:softwareName>unknown</r3d:softwareName>
    </r3d:software>
    <r3d:versioning></r3d:versioning>
    <r3d:pidSystem>none</r3d:pidSystem>
    <r3d:citationGuidelineURL></r3d:citationGuidelineURL>
    <r3d:enhancedPublication>unknown</r3d:enhancedPublication>
    <r3d:qualityManagement>yes</r3d:qualityManagement>
    <r3d:syndication syndicationType="RSS">http://ciesin.columbia.edu/rest/rss/wdcnews</r3d:syndication>
    <r3d:remarks>The World Data Center for Human Interactions in the Environment is one of 51 data centers of the World Data Center System. We are hosted by the Center for International Earth Science Information Network (CIESIN), a center within The Earth Institute at Columbia University.</r3d:remarks>
    <r3d:entryDate>2012-12-09</r3d:entryDate>
    <r3d:lastUpdate>2017-04-20</r3d:lastUpdate>
  </r3d:repository>
</r3d:re3data>