<?xml version="1.0" encoding="utf-8"?>
<!--re3data.org Schema for the Description of Research Data Repositories. Version 2.2, December 2014. doi:10.2312/re3.006-->
<r3d:re3data xmlns:r3d="http://www.re3data.org/schema/2-2" xmlns:xsi="http://www.w3.org/2001/XMLSchema-instance" xsi:schemaLocation="http://www.re3data.org/schema/2-2 http://schema.re3data.org/2-2/re3dataV2-2.xsd">
  <r3d:repository>
    <r3d:re3data.orgIdentifier>r3d100010190</r3d:re3data.orgIdentifier>
    <r3d:repositoryName language="deu">Forschungsdatenzentrum im Bundesinstitut für Berufsbildung</r3d:repositoryName>
    <r3d:additionalName language="deu">bibb fdz</r3d:additionalName>
    <r3d:additionalName language="eng">Research Data Centre at BIBB</r3d:additionalName>
    <r3d:repositoryURL>http://www.bibb.de/de/53.php</r3d:repositoryURL>
    <r3d:description language="eng">BIBB has a strong tradition of survey-based research.  It initiates and realises the collection of individual and firm-level data on crucial positions and transitions in the education and labour market system. The BIBB-FDZ covers a variety of data deploying different units of analysis and temporal designs and focusing on various thematic issues. Standard access to well prepared firm- and individual-level data on the attainment and utilization of vocational education and training
Documentation of these data sets, i.e. a description of their central characteristics, main issues and variables, data collection, anonymisation, weighting and recoding etc.
Advisory service on data choice, data access and handling, research potential and scope and validity of the data.
Supply of a range of data tools such as standard measures and classifications in the fields of education, occupations, industries and regions (if possible also including cross-national fields), formally anonymous data for remote data access, or references to publications with the data.</r3d:description>
    <r3d:repositoryContact>http://www.bibb.de/en/1408.php</r3d:repositoryContact>
    <r3d:type>institutional</r3d:type>
    <r3d:size updated=""></r3d:size>
    <r3d:startDate>2008</r3d:startDate>
    <r3d:endDate></r3d:endDate>
    <r3d:repositoryLanguage>deu</r3d:repositoryLanguage>
    <r3d:repositoryLanguage>eng</r3d:repositoryLanguage>
    <r3d:subject subjectScheme="DFG">109 Education Sciences</r3d:subject>
    <r3d:subject subjectScheme="DFG">10902 Research on Teaching, Learning and Training</r3d:subject>
    <r3d:subject subjectScheme="DFG">10903 Research on Socialization and Educational Institutions and Professions</r3d:subject>
    <r3d:subject subjectScheme="DFG">12 Social and Behavioural Sciences</r3d:subject>
    <r3d:subject subjectScheme="DFG">1 Humanities and Social Sciences</r3d:subject>
    <r3d:missionStatementURL>http://www.bibb.de/en/14512.php</r3d:missionStatementURL>
    <r3d:contentType contentTypeScheme="parse">Standard office documents</r3d:contentType>
    <r3d:contentType contentTypeScheme="parse">Images</r3d:contentType>
    <r3d:contentType contentTypeScheme="parse">Structured graphics</r3d:contentType>
    <r3d:contentType contentTypeScheme="parse">Audiovisual data</r3d:contentType>
    <r3d:contentType contentTypeScheme="parse">Scientific and statistical data formats</r3d:contentType>
    <r3d:contentType contentTypeScheme="parse">Raw data</r3d:contentType>
    <r3d:contentType contentTypeScheme="parse">Plain text</r3d:contentType>
    <r3d:providerType>dataProvider</r3d:providerType>
    <r3d:keyword>census data</r3d:keyword>
    <r3d:keyword>student survey</r3d:keyword>
    <r3d:keyword>school graduate survey</r3d:keyword>
    <r3d:keyword>transition survey</r3d:keyword>
    <r3d:keyword>employment</r3d:keyword>
    <r3d:keyword>vocational training</r3d:keyword>
    <r3d:keyword>adult education</r3d:keyword>
    <r3d:keyword>apprenticeship training</r3d:keyword>
    <r3d:institution>
        <r3d:institutionName language="deu">Bundesinstitut für Berufsbildung, Forschungsdatenzentrum</r3d:institutionName>
        <r3d:institutionAdditionalName language="deu">bibb</r3d:institutionAdditionalName>
        <r3d:institutionAdditionalName language="eng">Federal Institute for Vocational Education and Training</r3d:institutionAdditionalName>
        <r3d:institutionCountry>DEU</r3d:institutionCountry>
        <r3d:responsibilityType>funding</r3d:responsibilityType>
        <r3d:responsibilityType>general</r3d:responsibilityType>
        <r3d:responsibilityType>technical</r3d:responsibilityType>
        <r3d:institutionType>non-profit</r3d:institutionType>
        <r3d:institutionURL>http://www.bibb.de/</r3d:institutionURL>
        <r3d:responsibilityStartDate>2008</r3d:responsibilityStartDate>
        <r3d:responsibilityEndDate></r3d:responsibilityEndDate>
        <r3d:institutionContact>https://www2.bibb.de/bibbtools/en/ssl/contact.php?maid=4164</r3d:institutionContact>
    </r3d:institution>
    <r3d:institution>
        <r3d:institutionName language="deu">Rat für Sozial- und WirtschaftsDaten</r3d:institutionName>
        <r3d:institutionAdditionalName language="deu">RatSWD</r3d:institutionAdditionalName>
        <r3d:institutionCountry>DEU</r3d:institutionCountry>
        <r3d:responsibilityType>funding</r3d:responsibilityType>
        <r3d:institutionType>non-profit</r3d:institutionType>
        <r3d:institutionURL>http://www.ratswd.de</r3d:institutionURL>
        <r3d:responsibilityStartDate>2008</r3d:responsibilityStartDate>
        <r3d:responsibilityEndDate></r3d:responsibilityEndDate>
    </r3d:institution>
    <r3d:institution>
        <r3d:institutionName language="deu">Gesis - Leibniz-Institut für Sozialwissenschaften</r3d:institutionName>
        <r3d:institutionAdditionalName language="eng">gesis - Leibniz Institute for the Social Sciences</r3d:institutionAdditionalName>
        <r3d:institutionCountry>DEU</r3d:institutionCountry>
        <r3d:responsibilityType>technical</r3d:responsibilityType>
        <r3d:institutionType>non-profit</r3d:institutionType>
        <r3d:institutionURL>http://www.gesis.org/en/home/</r3d:institutionURL>
        <r3d:responsibilityStartDate>2008</r3d:responsibilityStartDate>
        <r3d:responsibilityEndDate></r3d:responsibilityEndDate>
    </r3d:institution>
    <r3d:policy>
        <r3d:policyName>Kriterien des RatSWD</r3d:policyName>
        <r3d:policyURL>http://www.ratswd.de/download/publikationen_rat/RatSWD_FDZKriterien.PDF</r3d:policyURL>
    </r3d:policy>
    <r3d:policy>
        <r3d:policyName>Datenzugang</r3d:policyName>
        <r3d:policyURL>http://www.bibb.de/de/1400.php</r3d:policyURL>
    </r3d:policy>
    <r3d:databaseAccess>
        <r3d:databaseAccessType>open</r3d:databaseAccessType>
    </r3d:databaseAccess>
    <r3d:dataAccess>
    <r3d:dataAccessType>open</r3d:dataAccessType>
    </r3d:dataAccess>
    <r3d:dataAccess>
    <r3d:dataAccessType>restricted</r3d:dataAccessType>
    <r3d:dataAccessRestriction>other</r3d:dataAccessRestriction>
    </r3d:dataAccess>
    <r3d:dataLicense>
        <r3d:dataLicenseName>other</r3d:dataLicenseName>
        <r3d:dataLicenseURL>http://www.bibb.de/de/1403.php</r3d:dataLicenseURL>
    </r3d:dataLicense>
    <r3d:dataLicense>
        <r3d:dataLicenseName>CC</r3d:dataLicenseName>
        <r3d:dataLicenseURL>http://creativecommons.org/licenses/by-nc-nd/4.0/deed.dead</r3d:dataLicenseURL>
    </r3d:dataLicense>
    <r3d:dataLicense>
        <r3d:dataLicenseName>Copyrights</r3d:dataLicenseName>
        <r3d:dataLicenseURL>http://www.bibb.de/de/impressum.php</r3d:dataLicenseURL>
    </r3d:dataLicense>
    <r3d:dataUpload>
        <r3d:dataUploadType>restricted</r3d:dataUploadType>
        <r3d:dataUploadRestriction>registration</r3d:dataUploadRestriction>
    </r3d:dataUpload>
    <r3d:dataUploadLicense>
        <r3d:dataUploadLicenseName>Verpflichtungserklärung</r3d:dataUploadLicenseName>
        <r3d:dataUploadLicenseURL>http://www.bibb.de/dokumente/pdf/Verpflichtungserklaerung.pdf</r3d:dataUploadLicenseURL>
    </r3d:dataUploadLicense>
    <r3d:software>
        <r3d:softwareName>unknown</r3d:softwareName>
    </r3d:software>
    <r3d:versioning></r3d:versioning>
    <r3d:pidSystem>DOI</r3d:pidSystem>
    <r3d:citationGuidelineURL>http://www.bibb.de/de/1405.php</r3d:citationGuidelineURL>
    <r3d:enhancedPublication>unknown</r3d:enhancedPublication>
    <r3d:qualityManagement>yes</r3d:qualityManagement>
    <r3d:certificate>RatSWD</r3d:certificate>
    <r3d:metadataStandard>
      <r3d:metadataStandardName metadataStandardScheme="DCC">DDI - Data Documentation Initiative</r3d:metadataStandardName>
      <r3d:metadataStandardURL>http://www.dcc.ac.uk/resources/metadata-standards/ddi-data-documentation-initiative</r3d:metadataStandardURL>
    </r3d:metadataStandard>
    <r3d:syndication syndicationType="RSS">http://www.bibb.de/de/beschluesseundempfehlungen.xml</r3d:syndication>
    <r3d:remarks>The BIBB-FDZ forms part of the data infrastructure of the German Council for Social and Economic Data (RatSWD) and operates in alignment with the Council&#039;s criteria.</r3d:remarks>
    <r3d:entryDate>2013-01-31</r3d:entryDate>
    <r3d:lastUpdate>2017-04-05</r3d:lastUpdate>
  </r3d:repository>
</r3d:re3data>