<?xml version="1.0" encoding="utf-8"?>
<!--re3data.org Schema for the Description of Research Data Repositories. Version 2.2, December 2014. doi:10.2312/re3.006-->
<r3d:re3data xmlns:r3d="http://www.re3data.org/schema/2-2" xmlns:xsi="http://www.w3.org/2001/XMLSchema-instance" xsi:schemaLocation="http://www.re3data.org/schema/2-2 http://schema.re3data.org/2-2/re3dataV2-2.xsd">
  <r3d:repository>
    <r3d:re3data.orgIdentifier>r3d100010351</r3d:re3data.orgIdentifier>
    <r3d:repositoryName language="eng">Tree of Life Web Project</r3d:repositoryName>
    <r3d:additionalName language="eng">ToL</r3d:additionalName>
    <r3d:repositoryURL>http://www.tolweb.org/tree/phylogeny.html</r3d:repositoryURL>
    <r3d:repositoryIdentifier>RRID:nif-0000-03586</r3d:repositoryIdentifier>
    <r3d:repositoryIdentifier>RRID:SCR_005673</r3d:repositoryIdentifier>
    <r3d:description language="eng">The Tree of Life Web Project is a collection of information about biodiversity compiled collaboratively by hundreds of expert and amateur contributors. Its goal is to contain a page with pictures, text, and other information for every species and for each group of organisms, living or extinct. Connections between Tree of Life web pages follow phylogenetic branching patterns between groups of organisms, so visitors can browse the hierarchy of life and learn about phylogeny and evolution as well as the characteristics of individual groups.</r3d:description>
    <r3d:repositoryContact>http://www.tolweb.org/tree/home.pages/feedback.html</r3d:repositoryContact>
    <r3d:type>disciplinary</r3d:type>
    <r3d:size updated=""></r3d:size>
    <r3d:startDate>1995</r3d:startDate>
    <r3d:endDate></r3d:endDate>
    <r3d:repositoryLanguage>eng</r3d:repositoryLanguage>
    <r3d:subject subjectScheme="DFG">20302 Evolution, Anthropology</r3d:subject>
    <r3d:subject subjectScheme="DFG">203 Zoology</r3d:subject>
    <r3d:subject subjectScheme="DFG">21 Biology</r3d:subject>
    <r3d:subject subjectScheme="DFG">2 Life Sciences</r3d:subject>
    <r3d:missionStatementURL>http://www.tolweb.org/tree/home.pages/goals.html</r3d:missionStatementURL>
    <r3d:contentType contentTypeScheme="parse">Images</r3d:contentType>
    <r3d:contentType contentTypeScheme="parse">Plain text</r3d:contentType>
    <r3d:contentType contentTypeScheme="parse">Structured text</r3d:contentType>
    <r3d:providerType>dataProvider</r3d:providerType>
    <r3d:providerType>serviceProvider</r3d:providerType>
    <r3d:keyword>Biodiversity</r3d:keyword>
    <r3d:institution>
        <r3d:institutionName language="eng">Tree of Life Project</r3d:institutionName>
        <r3d:institutionAdditionalName language="eng">ToL</r3d:institutionAdditionalName>
        <r3d:institutionCountry>USA</r3d:institutionCountry>
        <r3d:responsibilityType>general</r3d:responsibilityType>
        <r3d:responsibilityType>technical</r3d:responsibilityType>
        <r3d:institutionType>non-profit</r3d:institutionType>
        <r3d:institutionURL>http://www.tolweb.org/tree/phylogeny.html</r3d:institutionURL>
        <r3d:responsibilityStartDate></r3d:responsibilityStartDate>
        <r3d:responsibilityEndDate></r3d:responsibilityEndDate>
        <r3d:institutionContact>http://www.tolweb.org/tree/home.pages/feedback.html</r3d:institutionContact>
    </r3d:institution>
    <r3d:institution>
        <r3d:institutionName language="eng">National Science Foundation</r3d:institutionName>
        <r3d:institutionAdditionalName language="eng">NSF</r3d:institutionAdditionalName>
        <r3d:institutionCountry>USA</r3d:institutionCountry>
        <r3d:responsibilityType>funding</r3d:responsibilityType>
        <r3d:institutionType>non-profit</r3d:institutionType>
        <r3d:institutionURL>https://www.nsf.gov/</r3d:institutionURL>
        <r3d:responsibilityStartDate></r3d:responsibilityStartDate>
        <r3d:responsibilityEndDate></r3d:responsibilityEndDate>
    </r3d:institution>
    <r3d:institution>
        <r3d:institutionName language="eng">University of Arizona Library</r3d:institutionName>
        <r3d:institutionCountry>USA</r3d:institutionCountry>
        <r3d:responsibilityType>technical</r3d:responsibilityType>
        <r3d:institutionType>non-profit</r3d:institutionType>
        <r3d:institutionURL>http://new.library.arizona.edu/</r3d:institutionURL>
        <r3d:responsibilityStartDate></r3d:responsibilityStartDate>
        <r3d:responsibilityEndDate></r3d:responsibilityEndDate>
    </r3d:institution>
    <r3d:policy>
        <r3d:policyName>Privacy Policy</r3d:policyName>
        <r3d:policyURL>http://www.tolweb.org/tree/home.pages/ToLPrivacyPolicy.html</r3d:policyURL>
    </r3d:policy>
    <r3d:policy>
        <r3d:policyName>Copyrights Policy</r3d:policyName>
        <r3d:policyURL>http://www.tolweb.org/tree/home.pages/tolcopyright.html</r3d:policyURL>
    </r3d:policy>
    <r3d:policy>
        <r3d:policyName>Use of Contributions</r3d:policyName>
        <r3d:policyURL>http://www.tolweb.org/tree/home.pages/toluse.html</r3d:policyURL>
    </r3d:policy>
    <r3d:policy>
        <r3d:policyName>Disclaimer</r3d:policyName>
        <r3d:policyURL>http://www.tolweb.org/tree/home.pages/disclaimers.html</r3d:policyURL>
    </r3d:policy>
    <r3d:databaseAccess>
        <r3d:databaseAccessType>open</r3d:databaseAccessType>
    </r3d:databaseAccess>
    <r3d:dataAccess>
    <r3d:dataAccessType>open</r3d:dataAccessType>
    </r3d:dataAccess>
    <r3d:dataLicense>
        <r3d:dataLicenseName>other</r3d:dataLicenseName>
        <r3d:dataLicenseURL>http://www.tolweb.org/tree/home.pages/tolcopyright.html</r3d:dataLicenseURL>
    </r3d:dataLicense>
    <r3d:dataLicense>
        <r3d:dataLicenseName>CC</r3d:dataLicenseName>
        <r3d:dataLicenseURL>https://creativecommons.org/licenses/</r3d:dataLicenseURL>
    </r3d:dataLicense>
    <r3d:dataUpload>
        <r3d:dataUploadType>restricted</r3d:dataUploadType>
        <r3d:dataUploadRestriction>registration</r3d:dataUploadRestriction>
    </r3d:dataUpload>
    <r3d:dataUploadLicense>
        <r3d:dataUploadLicenseName>Tree of Life Use of Contributions</r3d:dataUploadLicenseName>
        <r3d:dataUploadLicenseURL>http://www.tolweb.org/tree/home.pages/toluse.html</r3d:dataUploadLicenseURL>
    </r3d:dataUploadLicense>
    <r3d:dataUploadLicense>
        <r3d:dataUploadLicenseName>Ways to Contribute to the Tree of Life</r3d:dataUploadLicenseName>
        <r3d:dataUploadLicenseURL>http://www.tolweb.org/tree/home.pages/contcat.html</r3d:dataUploadLicenseURL>
    </r3d:dataUploadLicense>
    <r3d:software>
        <r3d:softwareName>other</r3d:softwareName>
    </r3d:software>
    <r3d:versioning>yes</r3d:versioning>
    <r3d:pidSystem>none</r3d:pidSystem>
    <r3d:citationGuidelineURL>http://www.tolweb.org/tree/home.pages/citation.html</r3d:citationGuidelineURL>
    <r3d:enhancedPublication>unknown</r3d:enhancedPublication>
    <r3d:qualityManagement>yes</r3d:qualityManagement>
    <r3d:remarks></r3d:remarks>
    <r3d:entryDate>2013-04-06</r3d:entryDate>
    <r3d:lastUpdate>2017-04-07</r3d:lastUpdate>
  </r3d:repository>
</r3d:re3data>