<?xml version="1.0" encoding="utf-8"?>
<!--re3data.org Schema for the Description of Research Data Repositories. Version 2.2, December 2014. doi:10.2312/re3.006-->
<r3d:re3data xmlns:r3d="http://www.re3data.org/schema/2-2" xmlns:xsi="http://www.w3.org/2001/XMLSchema-instance" xsi:schemaLocation="http://www.re3data.org/schema/2-2 http://schema.re3data.org/2-2/re3dataV2-2.xsd">
  <r3d:repository>
    <r3d:re3data.orgIdentifier>r3d100010136</r3d:re3data.orgIdentifier>
    <r3d:repositoryName language="eng">ICSU World Data System</r3d:repositoryName>
    <r3d:additionalName language="eng">International Council for Science World Data System</r3d:additionalName>
    <r3d:repositoryURL>http://www.icsu-wds.org/</r3d:repositoryURL>
    <r3d:description language="eng">The Prototype Data Portal allows to retrieve Data from World Data System (WDS) members. WDS ensures the long-term stewardship and provision of quality-assessed data and data services to the international science community and other stakeholders</r3d:description>
    <r3d:type>other</r3d:type>
    <r3d:size updated=""></r3d:size>
    <r3d:startDate>2008</r3d:startDate>
    <r3d:endDate></r3d:endDate>
    <r3d:repositoryLanguage>eng</r3d:repositoryLanguage>
    <r3d:subject subjectScheme="DFG">1 Humanities and Social Sciences</r3d:subject>
    <r3d:subject subjectScheme="DFG">2 Life Sciences</r3d:subject>
    <r3d:subject subjectScheme="DFG">3 Natural Sciences</r3d:subject>
    <r3d:subject subjectScheme="DFG">4 Engineering Sciences</r3d:subject>
    <r3d:missionStatementURL>http://www.icsu-wds.org</r3d:missionStatementURL>
    <r3d:contentType contentTypeScheme="parse">Standard office documents</r3d:contentType>
    <r3d:contentType contentTypeScheme="parse">Images</r3d:contentType>
    <r3d:contentType contentTypeScheme="parse">Scientific and statistical data formats</r3d:contentType>
    <r3d:contentType contentTypeScheme="parse">Raw data</r3d:contentType>
    <r3d:contentType contentTypeScheme="parse">Plain text</r3d:contentType>
    <r3d:contentType contentTypeScheme="parse">Archived data</r3d:contentType>
    <r3d:contentType contentTypeScheme="parse">Structured text</r3d:contentType>
    <r3d:providerType>serviceProvider</r3d:providerType>
    <r3d:keyword>space sciences</r3d:keyword>
    <r3d:keyword>earth sciences</r3d:keyword>
    <r3d:keyword>geodesy</r3d:keyword>
    <r3d:keyword>economics</r3d:keyword>
    <r3d:keyword>health sciences</r3d:keyword>
    <r3d:keyword>computer sciences</r3d:keyword>
    <r3d:keyword>multidisciplinary</r3d:keyword>
    <r3d:keyword>agriculture</r3d:keyword>
    <r3d:keyword>meteorology</r3d:keyword>
    <r3d:institution>
        <r3d:institutionName language="eng">International Council for Science</r3d:institutionName>
        <r3d:institutionAdditionalName language="eng">ICSU</r3d:institutionAdditionalName>
        <r3d:institutionCountry>AAA</r3d:institutionCountry>
        <r3d:responsibilityType>general</r3d:responsibilityType>
        <r3d:responsibilityType>funding</r3d:responsibilityType>
        <r3d:institutionType>non-profit</r3d:institutionType>
        <r3d:institutionURL>http://www.icsu.org/what-we-do/interdisciplinary-bodies/wds</r3d:institutionURL>
        <r3d:responsibilityStartDate>2008</r3d:responsibilityStartDate>
        <r3d:responsibilityEndDate></r3d:responsibilityEndDate>
        <r3d:institutionContact>http://www.icsu.org/what-we-do/interdisciplinary-bodies/wds/?icsudocid=contacts</r3d:institutionContact>
    </r3d:institution>
    <r3d:institution>
        <r3d:institutionName language="eng">National Institute of Information and Communications Technology</r3d:institutionName>
        <r3d:institutionAdditionalName language="eng">NICT</r3d:institutionAdditionalName>
        <r3d:institutionCountry>JPN</r3d:institutionCountry>
        <r3d:responsibilityType>technical</r3d:responsibilityType>
        <r3d:institutionType>non-profit</r3d:institutionType>
        <r3d:institutionURL>http://www.nict.go.jp/en/index.html</r3d:institutionURL>
        <r3d:responsibilityStartDate>2008</r3d:responsibilityStartDate>
        <r3d:responsibilityEndDate></r3d:responsibilityEndDate>
        <r3d:institutionContact>http://www.nict.go.jp/en/contact.html</r3d:institutionContact>
    </r3d:institution>
    <r3d:institution>
        <r3d:institutionName language="eng">International Council for Science, World Data System International Programme Office</r3d:institutionName>
        <r3d:institutionAdditionalName language="eng">WDS-IPO</r3d:institutionAdditionalName>
        <r3d:institutionCountry>AAA</r3d:institutionCountry>
        <r3d:responsibilityType>general</r3d:responsibilityType>
        <r3d:responsibilityType>funding</r3d:responsibilityType>
        <r3d:responsibilityType>technical</r3d:responsibilityType>
        <r3d:institutionType>non-profit</r3d:institutionType>
        <r3d:institutionURL>https://www.icsu-wds.org/organization/international-programme-office</r3d:institutionURL>
        <r3d:responsibilityStartDate>2008</r3d:responsibilityStartDate>
        <r3d:responsibilityEndDate></r3d:responsibilityEndDate>
        <r3d:institutionContact>https://www.icsu-wds.org/contact-info</r3d:institutionContact>
        <r3d:institutionContact>ipo@icsu-wds.org</r3d:institutionContact>
    </r3d:institution>
    <r3d:policy>
        <r3d:policyName>ICSU World Data System Constitution</r3d:policyName>
        <r3d:policyURL>http://www.icsu-wds.org/organization/constitution_and_bylaws</r3d:policyURL>
    </r3d:policy>
    <r3d:policy>
        <r3d:policyName>Certification of WDS Members</r3d:policyName>
        <r3d:policyURL>http://www.icsu-wds.org/services/certification</r3d:policyURL>
    </r3d:policy>
    <r3d:databaseAccess>
        <r3d:databaseAccessType>open</r3d:databaseAccessType>
    </r3d:databaseAccess>
    <r3d:dataAccess>
    <r3d:dataAccessType>open</r3d:dataAccessType>
    </r3d:dataAccess>
    <r3d:dataLicense>
        <r3d:dataLicenseName>CC</r3d:dataLicenseName>
        <r3d:dataLicenseURL>http://creativecommons.org/licenses/by/3.0/deed.en_GB</r3d:dataLicenseURL>
    </r3d:dataLicense>
    <r3d:dataLicense>
        <r3d:dataLicenseName>other</r3d:dataLicenseName>
        <r3d:dataLicenseURL>http://www.icsu-wds.org/services/data-sharing-principles</r3d:dataLicenseURL>
    </r3d:dataLicense>
    <r3d:dataUpload>
        <r3d:dataUploadType>restricted</r3d:dataUploadType>
        <r3d:dataUploadRestriction>other</r3d:dataUploadRestriction>
    </r3d:dataUpload>
    <r3d:versioning></r3d:versioning>
    <r3d:pidSystem>DOI</r3d:pidSystem>
    <r3d:citationGuidelineURL></r3d:citationGuidelineURL>
    <r3d:enhancedPublication>unknown</r3d:enhancedPublication>
    <r3d:qualityManagement>unknown</r3d:qualityManagement>
    <r3d:remarks>The prototype of the Data Portal is hosted by PANGAEA. The ICSU World Data System (WDS) was created by the 29th General Assembly of the International Council for Science (ICSU) and builds on the 50-year legacy of the former ICSU World Data Centres (WDCs) and former Federation of Astronomical and Geophysical data-analysis Services (FAGS)</r3d:remarks>
    <r3d:entryDate>2013-06-17</r3d:entryDate>
    <r3d:lastUpdate>2017-08-24</r3d:lastUpdate>
  </r3d:repository>
</r3d:re3data>