<?xml version="1.0" encoding="utf-8"?>
<!--re3data.org Schema for the Description of Research Data Repositories. Version 2.2, December 2014. doi:10.2312/re3.006-->
<r3d:re3data xmlns:r3d="http://www.re3data.org/schema/2-2" xmlns:xsi="http://www.w3.org/2001/XMLSchema-instance" xsi:schemaLocation="http://www.re3data.org/schema/2-2 http://schema.re3data.org/2-2/re3dataV2-2.xsd">
  <r3d:repository>
    <r3d:re3data.orgIdentifier>r3d100010180</r3d:re3data.orgIdentifier>
    <r3d:repositoryName language="eng">1000 Genomes</r3d:repositoryName>
    <r3d:additionalName language="eng">Thousand Genomes</r3d:additionalName>
    <r3d:additionalName language="eng">A deep catalog of human genetic variation</r3d:additionalName>
    <r3d:repositoryURL>http://www.1000genomes.org/</r3d:repositoryURL>
    <r3d:repositoryIdentifier>RRID:nlx_143819</r3d:repositoryIdentifier>
    <r3d:description language="eng">The 1000 Genomes Project is an international collaboration to produce an extensive public catalog of human genetic variation, including SNPs and structural variants, and their haplotype contexts. This resource will support genome-wide association studies and other medical research studies.
The genomes of about 2500 unidentified people from about 25 populations around the world will be sequenced using next-generation sequencing technologies. The results of the study will be freely and publicly accessible to researchers worldwide.</r3d:description>
    <r3d:type>disciplinary</r3d:type>
    <r3d:type>institutional</r3d:type>
    <r3d:size updated="2013-01-08">200 terabases of data</r3d:size>
    <r3d:startDate>2008</r3d:startDate>
    <r3d:endDate></r3d:endDate>
    <r3d:repositoryLanguage>eng</r3d:repositoryLanguage>
    <r3d:subject subjectScheme="DFG">201 Basic Biological and Medical Research</r3d:subject>
    <r3d:subject subjectScheme="DFG">20503 Human Genetics</r3d:subject>
    <r3d:subject subjectScheme="DFG">20509 Pharmacology</r3d:subject>
    <r3d:subject subjectScheme="DFG">30501 Biological and Biomimetic Chemistry</r3d:subject>
    <r3d:subject subjectScheme="DFG">21 Biology</r3d:subject>
    <r3d:subject subjectScheme="DFG">2 Life Sciences</r3d:subject>
    <r3d:subject subjectScheme="DFG">205 Medicine</r3d:subject>
    <r3d:subject subjectScheme="DFG">22 Medicine</r3d:subject>
    <r3d:subject subjectScheme="DFG">305 Biological Chemistry and Food Chemistry</r3d:subject>
    <r3d:subject subjectScheme="DFG">31 Chemistry</r3d:subject>
    <r3d:subject subjectScheme="DFG">3 Natural Sciences</r3d:subject>
    <r3d:missionStatementURL>http://www.1000genomes.org/about#ProjectDataUse</r3d:missionStatementURL>
    <r3d:contentType contentTypeScheme="parse">Standard office documents</r3d:contentType>
    <r3d:contentType contentTypeScheme="parse">Images</r3d:contentType>
    <r3d:contentType contentTypeScheme="parse">Structured graphics</r3d:contentType>
    <r3d:contentType contentTypeScheme="parse">Scientific and statistical data formats</r3d:contentType>
    <r3d:contentType contentTypeScheme="parse">Raw data</r3d:contentType>
    <r3d:contentType contentTypeScheme="parse">Plain text</r3d:contentType>
    <r3d:providerType>dataProvider</r3d:providerType>
    <r3d:keyword>genetics</r3d:keyword>
    <r3d:keyword>genomics</r3d:keyword>
    <r3d:keyword>DNA</r3d:keyword>
    <r3d:keyword>gene</r3d:keyword>
    <r3d:keyword>SNP - single nucleotide polymorphism</r3d:keyword>
    <r3d:keyword>medicine</r3d:keyword>
    <r3d:keyword>pharmacology</r3d:keyword>
    <r3d:keyword>biochemistry</r3d:keyword>
    <r3d:keyword>bioinformatics</r3d:keyword>
    <r3d:institution>
        <r3d:institutionName language="eng">European Bioinformatics Institute</r3d:institutionName>
        <r3d:institutionAdditionalName language="eng">EBI</r3d:institutionAdditionalName>
        <r3d:institutionCountry>GBR</r3d:institutionCountry>
        <r3d:responsibilityType>technical</r3d:responsibilityType>
        <r3d:responsibilityType>general</r3d:responsibilityType>
        <r3d:institutionType>non-profit</r3d:institutionType>
        <r3d:institutionURL>http://www.ebi.ac.uk/</r3d:institutionURL>
        <r3d:responsibilityStartDate></r3d:responsibilityStartDate>
        <r3d:responsibilityEndDate></r3d:responsibilityEndDate>
        <r3d:institutionContact>http://www.1000genomes.org/contact</r3d:institutionContact>
    </r3d:institution>
    <r3d:institution>
        <r3d:institutionName language="eng">Wellcome Trust Sanger Institute</r3d:institutionName>
        <r3d:institutionAdditionalName language="eng">Sanger</r3d:institutionAdditionalName>
        <r3d:institutionCountry>GBR</r3d:institutionCountry>
        <r3d:responsibilityType>funding</r3d:responsibilityType>
        <r3d:institutionType>non-profit</r3d:institutionType>
        <r3d:institutionURL>http://www.sanger.ac.uk/</r3d:institutionURL>
        <r3d:responsibilityStartDate></r3d:responsibilityStartDate>
        <r3d:responsibilityEndDate></r3d:responsibilityEndDate>
        <r3d:institutionContact>http://www.1000genomes.org/contact</r3d:institutionContact>
    </r3d:institution>
    <r3d:institution>
        <r3d:institutionName language="eng">National Institutes of Health, National Human Genome Research Institute</r3d:institutionName>
        <r3d:institutionAdditionalName language="eng">NHGRI</r3d:institutionAdditionalName>
        <r3d:institutionAdditionalName language="eng">genome.gov</r3d:institutionAdditionalName>
        <r3d:institutionCountry>USA</r3d:institutionCountry>
        <r3d:responsibilityType>funding</r3d:responsibilityType>
        <r3d:institutionType>non-profit</r3d:institutionType>
        <r3d:institutionURL>http://www.genome.gov/</r3d:institutionURL>
        <r3d:responsibilityStartDate>2007</r3d:responsibilityStartDate>
        <r3d:responsibilityEndDate></r3d:responsibilityEndDate>
        <r3d:institutionContact>http://www.1000genomes.org/contact</r3d:institutionContact>
    </r3d:institution>
    <r3d:institution>
        <r3d:institutionName language="eng">National Center for Biotechnology Information</r3d:institutionName>
        <r3d:institutionAdditionalName language="eng">NCBI</r3d:institutionAdditionalName>
        <r3d:institutionCountry>USA</r3d:institutionCountry>
        <r3d:responsibilityType>funding</r3d:responsibilityType>
        <r3d:responsibilityType>general</r3d:responsibilityType>
        <r3d:institutionType>non-profit</r3d:institutionType>
        <r3d:institutionURL>http://www.ncbi.nlm.nih.gov/</r3d:institutionURL>
        <r3d:responsibilityStartDate></r3d:responsibilityStartDate>
        <r3d:responsibilityEndDate></r3d:responsibilityEndDate>
    </r3d:institution>
    <r3d:policy>
        <r3d:policyName>EBI Privacy statement</r3d:policyName>
        <r3d:policyURL>http://www.ebi.ac.uk/about/privacy</r3d:policyURL>
    </r3d:policy>
    <r3d:policy>
        <r3d:policyName>EMBL-EBI privacy policy</r3d:policyName>
        <r3d:policyURL>http://www.ebi.ac.uk/about/cookies</r3d:policyURL>
    </r3d:policy>
    <r3d:policy>
        <r3d:policyName>Data portal beta</r3d:policyName>
        <r3d:policyURL>http://www.1000genomes.org/data</r3d:policyURL>
    </r3d:policy>
    <r3d:databaseAccess>
        <r3d:databaseAccessType>open</r3d:databaseAccessType>
    </r3d:databaseAccess>
    <r3d:dataAccess>
    <r3d:dataAccessType>open</r3d:dataAccessType>
    </r3d:dataAccess>
    <r3d:dataLicense>
        <r3d:dataLicenseName>other</r3d:dataLicenseName>
        <r3d:dataLicenseURL>http://www.1000genomes.org/data#DataAccess</r3d:dataLicenseURL>
    </r3d:dataLicense>
    <r3d:dataUpload>
        <r3d:dataUploadType>closed</r3d:dataUploadType>
    </r3d:dataUpload>
    <r3d:software>
        <r3d:softwareName>unknown</r3d:softwareName>
    </r3d:software>
    <r3d:versioning>yes</r3d:versioning>
    <r3d:api apiType="FTP">ftp://ftp.1000genomes.ebi.ac.uk/vol1/ftp/</r3d:api>
    <r3d:pidSystem>none</r3d:pidSystem>
    <r3d:citationGuidelineURL>http://www.1000genomes.org/faq/how-do-i-cite-1000-genomes-project</r3d:citationGuidelineURL>
    <r3d:enhancedPublication>unknown</r3d:enhancedPublication>
    <r3d:qualityManagement>yes</r3d:qualityManagement>
    <r3d:syndication syndicationType="RSS">http://www.1000genomes.org/announcements/rss.xml</r3d:syndication>
    <r3d:remarks>1000 Genomes is covered by Thomson Reuters Data Citation Index. The project unites multidisciplinary research teams from institutes around the world, including China, Italy, Japan, Kenya, Nigeria, Peru, the United Kingdom, and the United States. Each will contribute to the enormous sequence dataset and to a refined human genome map, which will be freely accessible through public databases to the scientific community and the general public alike</r3d:remarks>
    <r3d:entryDate>2013-01-08</r3d:entryDate>
    <r3d:lastUpdate>2017-03-30</r3d:lastUpdate>
  </r3d:repository>
</r3d:re3data>