<?xml version="1.0" encoding="utf-8"?>
<!--re3data.org Schema for the Description of Research Data Repositories. Version 2.2, December 2014. doi:10.2312/re3.006-->
<r3d:re3data xmlns:r3d="http://www.re3data.org/schema/2-2" xmlns:xsi="http://www.w3.org/2001/XMLSchema-instance" xsi:schemaLocation="http://www.re3data.org/schema/2-2 http://schema.re3data.org/2-2/re3dataV2-2.xsd">
  <r3d:repository>
    <r3d:re3data.orgIdentifier>r3d100010051</r3d:re3data.orgIdentifier>
    <r3d:repositoryName language="eng">Harvard Dataverse</r3d:repositoryName>
    <r3d:additionalName language="eng">The Dataverse Project</r3d:additionalName>
    <r3d:repositoryURL>https://dataverse.harvard.edu/</r3d:repositoryURL>
    <r3d:repositoryIdentifier>RRID:SCR_001997</r3d:repositoryIdentifier>
    <r3d:repositoryIdentifier>RRID:nif-0000-00316</r3d:repositoryIdentifier>
    <r3d:description language="eng">The Harvard Dataverse is open to all scientific data from all disciplines worldwide. It includes the world&#039;s largest collection of social science research data. It is hosting data for projects, archives, researchers, journals, organizations, and institutions.</r3d:description>
    <r3d:type>disciplinary</r3d:type>
    <r3d:type>institutional</r3d:type>
    <r3d:size updated="2015-07-02">1.100 dataverses,58.235 datasets,274.958 files</r3d:size>
    <r3d:startDate>2006</r3d:startDate>
    <r3d:endDate></r3d:endDate>
    <r3d:repositoryLanguage>eng</r3d:repositoryLanguage>
    <r3d:subject subjectScheme="DFG">111 Social Sciences</r3d:subject>
    <r3d:subject subjectScheme="DFG">112 Economics</r3d:subject>
    <r3d:subject subjectScheme="DFG">311 Astrophysics and Astronomy</r3d:subject>
    <r3d:subject subjectScheme="DFG">201 Basic Biological and Medical Research</r3d:subject>
    <r3d:subject subjectScheme="DFG">12 Social and Behavioural Sciences</r3d:subject>
    <r3d:subject subjectScheme="DFG">1 Humanities and Social Sciences</r3d:subject>
    <r3d:subject subjectScheme="DFG">32 Physics</r3d:subject>
    <r3d:subject subjectScheme="DFG">3 Natural Sciences</r3d:subject>
    <r3d:subject subjectScheme="DFG">21 Biology</r3d:subject>
    <r3d:subject subjectScheme="DFG">2 Life Sciences</r3d:subject>
    <r3d:missionStatementURL>http://dataverse.org/about/</r3d:missionStatementURL>
    <r3d:contentType contentTypeScheme="parse">Standard office documents</r3d:contentType>
    <r3d:contentType contentTypeScheme="parse">Databases</r3d:contentType>
    <r3d:contentType contentTypeScheme="parse">Scientific and statistical data formats</r3d:contentType>
    <r3d:contentType contentTypeScheme="parse">Raw data</r3d:contentType>
    <r3d:contentType contentTypeScheme="parse">Archived data</r3d:contentType>
    <r3d:contentType contentTypeScheme="parse">Source code</r3d:contentType>
    <r3d:contentType contentTypeScheme="parse">Software applications</r3d:contentType>
    <r3d:providerType>dataProvider</r3d:providerType>
    <r3d:providerType>serviceProvider</r3d:providerType>
    <r3d:keyword>human  societies</r3d:keyword>
    <r3d:keyword>social societies</r3d:keyword>
    <r3d:keyword>human behavior</r3d:keyword>
    <r3d:keyword>epidemiology</r3d:keyword>
    <r3d:keyword>automes research</r3d:keyword>
    <r3d:keyword>multidisciplinary</r3d:keyword>
    <r3d:keyword>demography</r3d:keyword>
    <r3d:institution>
        <r3d:institutionName language="eng">Harvard University, Institute for Quantitative Social Sciences</r3d:institutionName>
        <r3d:institutionAdditionalName language="eng">IQSS</r3d:institutionAdditionalName>
        <r3d:institutionCountry>USA</r3d:institutionCountry>
        <r3d:responsibilityType>general</r3d:responsibilityType>
        <r3d:responsibilityType>technical</r3d:responsibilityType>
        <r3d:responsibilityType>funding</r3d:responsibilityType>
        <r3d:institutionType>non-profit</r3d:institutionType>
        <r3d:institutionURL>http://www.iq.harvard.edu/</r3d:institutionURL>
        <r3d:responsibilityStartDate>2006</r3d:responsibilityStartDate>
        <r3d:responsibilityEndDate></r3d:responsibilityEndDate>
        <r3d:institutionContact>support@thedata.org</r3d:institutionContact>
    </r3d:institution>
    <r3d:policy>
        <r3d:policyName>Terms of use</r3d:policyName>
        <r3d:policyURL>http://best-practices.dataverse.org/harvard-policies/harvard-terms-of-use.html</r3d:policyURL>
    </r3d:policy>
    <r3d:policy>
        <r3d:policyName>Privacy policy</r3d:policyName>
        <r3d:policyURL>http://best-practices.dataverse.org/harvard-policies/harvard-privacy-policy.html</r3d:policyURL>
    </r3d:policy>
    <r3d:policy>
        <r3d:policyName>API Terms of Use</r3d:policyName>
        <r3d:policyURL>http://best-practices.dataverse.org/harvard-policies/harvard-api-tou.html</r3d:policyURL>
    </r3d:policy>
    <r3d:databaseAccess>
        <r3d:databaseAccessType>open</r3d:databaseAccessType>
    </r3d:databaseAccess>
    <r3d:databaseLicense>
        <r3d:databaseLicenseName>Apache License 2.0</r3d:databaseLicenseName>
        <r3d:databaseLicenseURL>http://www.apache.org/licenses/LICENSE-2.0</r3d:databaseLicenseURL>
    </r3d:databaseLicense>
    <r3d:dataAccess>
    <r3d:dataAccessType>open</r3d:dataAccessType>
    </r3d:dataAccess>
    <r3d:dataLicense>
        <r3d:dataLicenseName>CC0</r3d:dataLicenseName>
        <r3d:dataLicenseURL>https://creativecommons.org/publicdomain/zero/1.0/</r3d:dataLicenseURL>
    </r3d:dataLicense>
    <r3d:dataUpload>
        <r3d:dataUploadType>restricted</r3d:dataUploadType>
        <r3d:dataUploadRestriction>registration</r3d:dataUploadRestriction>
    </r3d:dataUpload>
    <r3d:dataUploadLicense>
        <r3d:dataUploadLicenseName>Data deposit terms</r3d:dataUploadLicenseName>
        <r3d:dataUploadLicenseURL>http://best-practices.dataverse.org/harvard-policies/harvard-terms-of-use.html#user-uploads</r3d:dataUploadLicenseURL>
    </r3d:dataUploadLicense>
    <r3d:software>
        <r3d:softwareName>DataVerse</r3d:softwareName>
    </r3d:software>
    <r3d:versioning>yes</r3d:versioning>
    <r3d:api apiType="SWORD">http://guides.dataverse.org/en/latest/api/sword.html</r3d:api>
    <r3d:api apiType="other">http://guides.dataverse.org/en/latest/api/dataaccess.html</r3d:api>
    <r3d:api apiType="other">http://guides.dataverse.org/en/latest/api/native-api.html</r3d:api>
    <r3d:api apiType="other">http://guides.dataverse.org/en/4.2/api/search.html</r3d:api>
    <r3d:pidSystem>DOI</r3d:pidSystem>
    <r3d:citationGuidelineURL>http://best-practices.dataverse.org/data-citation/</r3d:citationGuidelineURL>
    <r3d:enhancedPublication>unknown</r3d:enhancedPublication>
    <r3d:qualityManagement>no</r3d:qualityManagement>
    <r3d:metadataStandard>
      <r3d:metadataStandardName metadataStandardScheme="DCC">DDI - Data Documentation Initiative</r3d:metadataStandardName>
      <r3d:metadataStandardURL>http://www.dcc.ac.uk/resources/metadata-standards/ddi-data-documentation-initiative</r3d:metadataStandardURL>
    </r3d:metadataStandard>
    <r3d:remarks>Harvard Dataverse is covered by Thomson Reuters Data Citation Index. Harvard Dataverse is covered by SCOPUS. Harvard Dataverse is covered by Elsevier DataSearch. A collaboration with Harvard Library, Harvard University IT, and IQSS</r3d:remarks>
    <r3d:entryDate>2012-07-30</r3d:entryDate>
    <r3d:lastUpdate>2017-10-26</r3d:lastUpdate>
  </r3d:repository>
</r3d:re3data>