<?xml version="1.0" encoding="utf-8"?>
<!--re3data.org Schema for the Description of Research Data Repositories. Version 2.2, December 2014. doi:10.2312/re3.006-->
<r3d:re3data xmlns:r3d="http://www.re3data.org/schema/2-2" xmlns:xsi="http://www.w3.org/2001/XMLSchema-instance" xsi:schemaLocation="http://www.re3data.org/schema/2-2 http://schema.re3data.org/2-2/re3dataV2-2.xsd">
  <r3d:repository>
    <r3d:re3data.orgIdentifier>r3d100010490</r3d:re3data.orgIdentifier>
    <r3d:repositoryName language="eng">Finnish Social Science Data Archive</r3d:repositoryName>
    <r3d:additionalName language="eng">Data Service Portal Aila</r3d:additionalName>
    <r3d:additionalName language="eng">FSD</r3d:additionalName>
    <r3d:additionalName language="fin">Yhteiskuntatieteellinen tietoarkisto</r3d:additionalName>
    <r3d:repositoryURL>https://services.fsd.uta.fi/catalogue/index?study_language=en&amp;lang=en</r3d:repositoryURL>
    <r3d:description language="eng">The Finnish Social Science Data Archive (FSD) is a national resource centre for social science research and teaching. FSD archives, promotes and disseminates digital research data for research, teaching and learning purposes. Data descriptions are published in Finnish and English. Quantitative datasets are translated from Finnish to English on request. Several data are already in English. All services are free of charge.
FSD promotes open access to research data, and transparency, accumulation and efficient reuse of scientific research. FSD is a national Service Provider for CESSDA ERIC.</r3d:description>
    <r3d:repositoryContact>http://www.fsd.uta.fi/en/contact/index.html</r3d:repositoryContact>
    <r3d:repositoryContact>fsd@uta.fi</r3d:repositoryContact>
    <r3d:type>disciplinary</r3d:type>
    <r3d:size updated="2016-02-23">Over 1.200 datasets</r3d:size>
    <r3d:startDate></r3d:startDate>
    <r3d:endDate></r3d:endDate>
    <r3d:repositoryLanguage>eng</r3d:repositoryLanguage>
    <r3d:repositoryLanguage>fin</r3d:repositoryLanguage>
    <r3d:repositoryLanguage>swe</r3d:repositoryLanguage>
    <r3d:subject subjectScheme="DFG">111 Social Sciences</r3d:subject>
    <r3d:subject subjectScheme="DFG">12 Social and Behavioural Sciences</r3d:subject>
    <r3d:subject subjectScheme="DFG">1 Humanities and Social Sciences</r3d:subject>
    <r3d:missionStatementURL></r3d:missionStatementURL>
    <r3d:contentType contentTypeScheme="parse">Scientific and statistical data formats</r3d:contentType>
    <r3d:contentType contentTypeScheme="parse">Structured text</r3d:contentType>
    <r3d:providerType>dataProvider</r3d:providerType>
    <r3d:providerType>serviceProvider</r3d:providerType>
    <r3d:keyword>quantitative data</r3d:keyword>
    <r3d:keyword>qualitative data</r3d:keyword>
    <r3d:keyword>data archives</r3d:keyword>
    <r3d:keyword>data curation</r3d:keyword>
    <r3d:keyword>long-term preservation</r3d:keyword>
    <r3d:keyword>secondary research</r3d:keyword>
    <r3d:institution>
        <r3d:institutionName language="eng">University of Tampere</r3d:institutionName>
        <r3d:institutionAdditionalName language="fin">Tampereen yliopisto</r3d:institutionAdditionalName>
        <r3d:institutionCountry>FIN</r3d:institutionCountry>
        <r3d:responsibilityType>general</r3d:responsibilityType>
        <r3d:institutionType>non-profit</r3d:institutionType>
        <r3d:institutionURL>http://www.uta.fi/english/</r3d:institutionURL>
        <r3d:responsibilityStartDate></r3d:responsibilityStartDate>
        <r3d:responsibilityEndDate></r3d:responsibilityEndDate>
        <r3d:institutionContact>http://www.fsd.uta.fi/en/contact/</r3d:institutionContact>
    </r3d:institution>
    <r3d:policy>
        <r3d:policyName>Terms and Conditions for the Use of the Aila Data Service</r3d:policyName>
        <r3d:policyURL>https://services.fsd.uta.fi/docs/eula?lang=en</r3d:policyURL>
    </r3d:policy>
    <r3d:policy>
        <r3d:policyName>General Terms and Conditions for Data Use</r3d:policyName>
        <r3d:policyURL>https://services.fsd.uta.fi/docs/terms-of-use?lang=en</r3d:policyURL>
    </r3d:policy>
    <r3d:policy>
        <r3d:policyName>Guidelines of
the Finnish Advisory Board on Research Integrity 2012</r3d:policyName>
        <r3d:policyURL>http://www.tenk.fi/en/resposible-conduct-research-guidelines</r3d:policyURL>
    </r3d:policy>
    <r3d:policy>
        <r3d:policyName>Depositing Data</r3d:policyName>
        <r3d:policyURL>http://www.fsd.uta.fi/en/data/depositing/index.html</r3d:policyURL>
    </r3d:policy>
    <r3d:policy>
        <r3d:policyName>CESSDA Data Access Policy</r3d:policyName>
        <r3d:policyURL>https://www.cessda.eu/content/download/963/8608/file/CESSDA%20Data%20Access%20Policy.pdf</r3d:policyURL>
    </r3d:policy>
    <r3d:policy>
        <r3d:policyName>Implementation of the CoreTrustSeal</r3d:policyName>
        <r3d:policyURL>https://www.coretrustseal.org/wp-content/uploads/2017/10/Finnishrepository.pdf</r3d:policyURL>
    </r3d:policy>
    <r3d:databaseAccess>
        <r3d:databaseAccessType>open</r3d:databaseAccessType>
    </r3d:databaseAccess>
    <r3d:dataAccess>
    <r3d:dataAccessType>open</r3d:dataAccessType>
    </r3d:dataAccess>
    <r3d:dataAccess>
    <r3d:dataAccessType>restricted</r3d:dataAccessType>
    <r3d:dataAccessRestriction>registration</r3d:dataAccessRestriction>
    </r3d:dataAccess>
    <r3d:dataAccess>
    <r3d:dataAccessType>restricted</r3d:dataAccessType>
    <r3d:dataAccessRestriction>other</r3d:dataAccessRestriction>
    </r3d:dataAccess>
    <r3d:dataAccess>
    <r3d:dataAccessType>embargoed</r3d:dataAccessType>
    </r3d:dataAccess>
    <r3d:dataLicense>
        <r3d:dataLicenseName>CC</r3d:dataLicenseName>
        <r3d:dataLicenseURL>https://creativecommons.org/licenses/by/4.0/</r3d:dataLicenseURL>
    </r3d:dataLicense>
    <r3d:dataLicense>
        <r3d:dataLicenseName>other</r3d:dataLicenseName>
        <r3d:dataLicenseURL>http://www.fsd.uta.fi/en/forms/conditions.pdf</r3d:dataLicenseURL>
    </r3d:dataLicense>
    <r3d:dataUpload>
        <r3d:dataUploadType>restricted</r3d:dataUploadType>
        <r3d:dataUploadRestriction>other</r3d:dataUploadRestriction>
    </r3d:dataUpload>
    <r3d:dataUploadLicense>
        <r3d:dataUploadLicenseName>other</r3d:dataUploadLicenseName>
        <r3d:dataUploadLicenseURL>http://www.fsd.uta.fi/en/forms/deposit.pdf</r3d:dataUploadLicenseURL>
    </r3d:dataUploadLicense>
    <r3d:versioning>yes</r3d:versioning>
    <r3d:pidSystem>other</r3d:pidSystem>
    <r3d:citationGuidelineURL>http://www.fsd.uta.fi/en/data/ordering/citing_data.html</r3d:citationGuidelineURL>
    <r3d:enhancedPublication>yes</r3d:enhancedPublication>
    <r3d:qualityManagement>yes</r3d:qualityManagement>
    <r3d:certificate>other</r3d:certificate>
    <r3d:metadataStandard>
      <r3d:metadataStandardName metadataStandardScheme="DCC">DDI - Data Documentation Initiative</r3d:metadataStandardName>
      <r3d:metadataStandardURL>http://www.dcc.ac.uk/resources/metadata-standards/ddi-data-documentation-initiative</r3d:metadataStandardURL>
    </r3d:metadataStandard>
    <r3d:syndication syndicationType="RSS">http://www.fsd.uta.fi/en/data/catalogue/new_data_rss.xml</r3d:syndication>
    <r3d:remarks>Finnish Social Science Data Archive is covered by Thomson Reuters Data Citation Index. Further information about accessing and ordering data: http://www.fsd.uta.fi/en/data/ordering/index.html
FSD is a national service provider for CESSDA ERIC https://www.cessda.eu/. FSD uses DDI metadata standard.</r3d:remarks>
    <r3d:entryDate>2013-08-14</r3d:entryDate>
    <r3d:lastUpdate>2017-10-05</r3d:lastUpdate>
  </r3d:repository>
</r3d:re3data>