<?xml version="1.0" encoding="utf-8"?>
<!--re3data.org Schema for the Description of Research Data Repositories. Version 2.2, December 2014. doi:10.2312/re3.006-->
<r3d:re3data xmlns:r3d="http://www.re3data.org/schema/2-2" xmlns:xsi="http://www.w3.org/2001/XMLSchema-instance" xsi:schemaLocation="http://www.re3data.org/schema/2-2 http://schema.re3data.org/2-2/re3dataV2-2.xsd">
  <r3d:repository>
    <r3d:re3data.orgIdentifier>r3d100010381</r3d:re3data.orgIdentifier>
    <r3d:repositoryName language="eng">Bavarian Archive for Speech Signals</r3d:repositoryName>
    <r3d:additionalName language="deu">Bayerisches Archiv für Sprachsignale</r3d:additionalName>
    <r3d:additionalName language="deu">BAS Repository</r3d:additionalName>
    <r3d:repositoryURL>http://www.phonetik.uni-muenchen.de/Bas/BasHomeeng.html</r3d:repositoryURL>
    <r3d:repositoryIdentifier>hdl: hdl.handle.net/11858/00-1779-0000-000C-DAAF-B</r3d:repositoryIdentifier>
    <r3d:description language="eng">The Bavarian Archive for Speech Signals (BAS) is a public institution hosted by the University of Munich. This institution was founded with the aim of making corpora of current spoken German available to both the basic research and the speech technology communities via a maximally comprehensive digital speech-signal database. The speech material will be structured in a manner allowing flexible and precise access, with acoustic-phonetic and linguistic-phonetic evaluation forming an integral part of it.</r3d:description>
    <r3d:repositoryContact>http://www.en.phonetik.uni-muenchen.de/institute/contact/index.html</r3d:repositoryContact>
    <r3d:type>disciplinary</r3d:type>
    <r3d:size updated=""></r3d:size>
    <r3d:startDate>1995</r3d:startDate>
    <r3d:endDate></r3d:endDate>
    <r3d:repositoryLanguage>deu</r3d:repositoryLanguage>
    <r3d:repositoryLanguage>eng</r3d:repositoryLanguage>
    <r3d:subject subjectScheme="DFG">104 Linguistics</r3d:subject>
    <r3d:subject subjectScheme="DFG">11 Humanities</r3d:subject>
    <r3d:subject subjectScheme="DFG">1 Humanities and Social Sciences</r3d:subject>
    <r3d:missionStatementURL>http://www.phonetik.uni-muenchen.de/Bas/BasHomeeng.html</r3d:missionStatementURL>
    <r3d:contentType contentTypeScheme="parse">Standard office documents</r3d:contentType>
    <r3d:contentType contentTypeScheme="parse">Structured graphics</r3d:contentType>
    <r3d:contentType contentTypeScheme="parse">Audiovisual data</r3d:contentType>
    <r3d:contentType contentTypeScheme="parse">Raw data</r3d:contentType>
    <r3d:contentType contentTypeScheme="parse">Plain text</r3d:contentType>
    <r3d:providerType>dataProvider</r3d:providerType>
    <r3d:keyword>german speech</r3d:keyword>
    <r3d:keyword>corpora</r3d:keyword>
    <r3d:keyword>pronaunciation</r3d:keyword>
    <r3d:keyword>spoken language processing SLP</r3d:keyword>
    <r3d:keyword>ELDA</r3d:keyword>
    <r3d:institution>
        <r3d:institutionName language="eng">CLARIN-D</r3d:institutionName>
        <r3d:institutionAdditionalName language="eng">Common Language Resources and Technology Infrastructure - D</r3d:institutionAdditionalName>
        <r3d:institutionCountry>DEU</r3d:institutionCountry>
        <r3d:responsibilityType>general</r3d:responsibilityType>
        <r3d:responsibilityType>funding</r3d:responsibilityType>
        <r3d:institutionType>non-profit</r3d:institutionType>
        <r3d:institutionURL>http://www.clarin-d.de/</r3d:institutionURL>
        <r3d:responsibilityStartDate></r3d:responsibilityStartDate>
        <r3d:responsibilityEndDate></r3d:responsibilityEndDate>
    </r3d:institution>
    <r3d:institution>
        <r3d:institutionName language="deu">Bundesministerium für Bildung, Wissenschaft, Forschung und Technologie</r3d:institutionName>
        <r3d:institutionAdditionalName language="deu">BMBF</r3d:institutionAdditionalName>
        <r3d:institutionCountry>DEU</r3d:institutionCountry>
        <r3d:responsibilityType>funding</r3d:responsibilityType>
        <r3d:institutionType>non-profit</r3d:institutionType>
        <r3d:institutionURL>http://www.bmbf.de/</r3d:institutionURL>
        <r3d:responsibilityStartDate>2011</r3d:responsibilityStartDate>
        <r3d:responsibilityEndDate></r3d:responsibilityEndDate>
    </r3d:institution>
    <r3d:institution>
        <r3d:institutionName language="deu">Leibniz Rechenzentrum München</r3d:institutionName>
        <r3d:institutionAdditionalName language="deu">LRZ</r3d:institutionAdditionalName>
        <r3d:institutionCountry>DEU</r3d:institutionCountry>
        <r3d:responsibilityType>technical</r3d:responsibilityType>
        <r3d:institutionType>non-profit</r3d:institutionType>
        <r3d:institutionURL>https://www.lrz.de/</r3d:institutionURL>
        <r3d:responsibilityStartDate>1995</r3d:responsibilityStartDate>
        <r3d:responsibilityEndDate></r3d:responsibilityEndDate>
    </r3d:institution>
    <r3d:institution>
        <r3d:institutionName language="deu">Ludwig-Maximilians-Universität, Institut für Phonetik und Sprachverarbeitung</r3d:institutionName>
        <r3d:institutionAdditionalName language="deu">IPS</r3d:institutionAdditionalName>
        <r3d:institutionCountry>DEU</r3d:institutionCountry>
        <r3d:responsibilityType>general</r3d:responsibilityType>
        <r3d:responsibilityType>technical</r3d:responsibilityType>
        <r3d:institutionType>non-profit</r3d:institutionType>
        <r3d:institutionURL>http://www.en.uni-muenchen.de/index.html</r3d:institutionURL>
        <r3d:responsibilityStartDate>1995</r3d:responsibilityStartDate>
        <r3d:responsibilityEndDate></r3d:responsibilityEndDate>
        <r3d:institutionContact>http://www.phonetik.uni-muenchen.de/forschung/Bas/BasGeneraleng.html</r3d:institutionContact>
    </r3d:institution>
    <r3d:institution>
        <r3d:institutionName language="eng">CLARIN ERIC</r3d:institutionName>
        <r3d:institutionAdditionalName language="eng">Common Language Resources and Technology Infrastructure European Research Infrastructure Consortium</r3d:institutionAdditionalName>
        <r3d:institutionCountry>EEC</r3d:institutionCountry>
        <r3d:responsibilityType>general</r3d:responsibilityType>
        <r3d:institutionType>non-profit</r3d:institutionType>
        <r3d:institutionURL>http://clarin.eu/</r3d:institutionURL>
        <r3d:responsibilityStartDate></r3d:responsibilityStartDate>
        <r3d:responsibilityEndDate></r3d:responsibilityEndDate>
        <r3d:institutionContact>http://clarin.eu/contact</r3d:institutionContact>
    </r3d:institution>
    <r3d:policy>
        <r3d:policyName>Conditions of use</r3d:policyName>
        <r3d:policyURL>https://clarin.phonetik.uni-muenchen.de/BASRepository/</r3d:policyURL>
    </r3d:policy>
    <r3d:databaseAccess>
        <r3d:databaseAccessType>restricted</r3d:databaseAccessType>
        <r3d:databaseAccessRestriction>registration</r3d:databaseAccessRestriction>
    </r3d:databaseAccess>
    <r3d:dataAccess>
    <r3d:dataAccessType>restricted</r3d:dataAccessType>
    <r3d:dataAccessRestriction>registration</r3d:dataAccessRestriction>
    </r3d:dataAccess>
    <r3d:dataLicense>
        <r3d:dataLicenseName>Copyrights</r3d:dataLicenseName>
        <r3d:dataLicenseURL>https://clarin.phonetik.uni-muenchen.de/BASRepository/</r3d:dataLicenseURL>
    </r3d:dataLicense>
    <r3d:dataUpload>
        <r3d:dataUploadType>restricted</r3d:dataUploadType>
        <r3d:dataUploadRestriction>other</r3d:dataUploadRestriction>
    </r3d:dataUpload>
    <r3d:software>
        <r3d:softwareName>other</r3d:softwareName>
    </r3d:software>
    <r3d:versioning>yes</r3d:versioning>
    <r3d:api apiType="OAI-PMH">http://www.phonetik.uni-muenchen.de/cgi-bin/BASRepository/oaipmh/oai.pl</r3d:api>
    <r3d:api apiType="OAI-PMH">https://webapp.phonetik.uni-muenchen.de/BASSRU/</r3d:api>
    <r3d:api apiType="FTP">ftp://ftp.bas.uni-muenchen.de/</r3d:api>
    <r3d:pidSystem>hdl</r3d:pidSystem>
    <r3d:citationGuidelineURL></r3d:citationGuidelineURL>
    <r3d:enhancedPublication>unknown</r3d:enhancedPublication>
    <r3d:qualityManagement>yes</r3d:qualityManagement>
    <r3d:certificate>DSA</r3d:certificate>
    <r3d:certificate>CLARIN certificate B</r3d:certificate>
    <r3d:metadataStandard>
      <r3d:metadataStandardName metadataStandardScheme="DCC">Dublin Core</r3d:metadataStandardName>
      <r3d:metadataStandardURL>http://www.dcc.ac.uk/resources/metadata-standards/dublin-core</r3d:metadataStandardURL>
    </r3d:metadataStandard>
    <r3d:remarks>BAS is covered by Thomson Reuters Data Citation Index. BAS is one of the CLARIN-D service centres. It&#039;s a part of the backbone of the German section of the CLARIN European research infrastructure federation. You do not have full access to this resource, since you are authentified neither
(1) as a member of a European university nor
(2) as a BAS licence holder for this resource.</r3d:remarks>
    <r3d:entryDate>2013-03-26</r3d:entryDate>
    <r3d:lastUpdate>2017-07-24</r3d:lastUpdate>
  </r3d:repository>
</r3d:re3data>