<?xml version="1.0" encoding="utf-8"?>
<!--re3data.org Schema for the Description of Research Data Repositories. Version 2.2, December 2014. doi:10.2312/re3.006-->
<r3d:re3data xmlns:r3d="http://www.re3data.org/schema/2-2" xmlns:xsi="http://www.w3.org/2001/XMLSchema-instance" xsi:schemaLocation="http://www.re3data.org/schema/2-2 http://schema.re3data.org/2-2/re3dataV2-2.xsd">
  <r3d:repository>
    <r3d:re3data.orgIdentifier>r3d100010373</r3d:re3data.orgIdentifier>
    <r3d:repositoryName language="eng">Launchpad</r3d:repositoryName>
    <r3d:repositoryURL>https://code.launchpad.net</r3d:repositoryURL>
    <r3d:repositoryIdentifier>RRID:nif-0000-10278</r3d:repositoryIdentifier>
    <r3d:repositoryIdentifier>RRID:SCR_006853</r3d:repositoryIdentifier>
    <r3d:description language="eng">Launchpad is a software collaboration platform that provides: Bug tracking, Code hosting using Bazaar, Code reviews
      Ubuntu package building and hosting, Translations, Mailing lists, Answer tracking and FAQs, Specification tracking. Launchpad can host your project’s source code using the Bazaar version control system</r3d:description>
    <r3d:repositoryContact>https://help.launchpad.net/Feedback</r3d:repositoryContact>
    <r3d:repositoryContact>feedback@launchpad.net</r3d:repositoryContact>
    <r3d:type>other</r3d:type>
    <r3d:size updated="2017-04-19">993873 branches;  24977 projects; 5210 imported branches</r3d:size>
    <r3d:startDate>2004</r3d:startDate>
    <r3d:endDate></r3d:endDate>
    <r3d:repositoryLanguage>eng</r3d:repositoryLanguage>
    <r3d:subject subjectScheme="DFG">409 Computer Science</r3d:subject>
    <r3d:subject subjectScheme="DFG">44 Computer Science, Electrical and System Engineering</r3d:subject>
    <r3d:subject subjectScheme="DFG">4 Engineering Sciences</r3d:subject>
    <r3d:missionStatementURL></r3d:missionStatementURL>
    <r3d:contentType contentTypeScheme="parse">Source code</r3d:contentType>
    <r3d:contentType contentTypeScheme="parse">Structured text</r3d:contentType>
    <r3d:contentType contentTypeScheme="parse">Software applications</r3d:contentType>
    <r3d:contentType contentTypeScheme="parse">Configuration data</r3d:contentType>
    <r3d:providerType>dataProvider</r3d:providerType>
    <r3d:keyword>open source software</r3d:keyword>
    <r3d:keyword>collaboration platform</r3d:keyword>
    <r3d:institution>
        <r3d:institutionName language="eng">Canonical</r3d:institutionName>
        <r3d:institutionCountry>GBR</r3d:institutionCountry>
        <r3d:responsibilityType>general</r3d:responsibilityType>
        <r3d:responsibilityType>technical</r3d:responsibilityType>
        <r3d:institutionType>commercial</r3d:institutionType>
        <r3d:institutionURL>https://www.canonical.com/</r3d:institutionURL>
        <r3d:responsibilityStartDate>2004</r3d:responsibilityStartDate>
        <r3d:responsibilityEndDate></r3d:responsibilityEndDate>
    </r3d:institution>
    <r3d:policy>
        <r3d:policyName>Privacy Policy and Data Retention Statement</r3d:policyName>
        <r3d:policyURL>https://help.launchpad.net/PrivacyPolicy</r3d:policyURL>
    </r3d:policy>
    <r3d:policy>
        <r3d:policyName>Terms of Use</r3d:policyName>
        <r3d:policyURL>https://help.launchpad.net/TermsofUse</r3d:policyURL>
    </r3d:policy>
    <r3d:policy>
        <r3d:policyName>Terms and policies</r3d:policyName>
        <r3d:policyURL>https://help.launchpad.net/Legal</r3d:policyURL>
    </r3d:policy>
    <r3d:databaseAccess>
        <r3d:databaseAccessType>open</r3d:databaseAccessType>
    </r3d:databaseAccess>
    <r3d:databaseLicense>
        <r3d:databaseLicenseName>other</r3d:databaseLicenseName>
        <r3d:databaseLicenseURL>https://dev.launchpad.net/LaunchpadLicense</r3d:databaseLicenseURL>
    </r3d:databaseLicense>
    <r3d:dataAccess>
    <r3d:dataAccessType>open</r3d:dataAccessType>
    </r3d:dataAccess>
    <r3d:dataLicense>
        <r3d:dataLicenseName>other</r3d:dataLicenseName>
        <r3d:dataLicenseURL>https://help.launchpad.net/TermsofUse</r3d:dataLicenseURL>
    </r3d:dataLicense>
    <r3d:dataLicense>
        <r3d:dataLicenseName>BSD</r3d:dataLicenseName>
        <r3d:dataLicenseURL>https://help.launchpad.net/Translations/LicensingFAQ#Why_the_BSD_license.3F</r3d:dataLicenseURL>
    </r3d:dataLicense>
    <r3d:dataLicense>
        <r3d:dataLicenseName>other</r3d:dataLicenseName>
        <r3d:dataLicenseURL>https://help.launchpad.net/Legal/ProjectLicensing</r3d:dataLicenseURL>
    </r3d:dataLicense>
    <r3d:dataUpload>
        <r3d:dataUploadType>restricted</r3d:dataUploadType>
        <r3d:dataUploadRestriction>registration</r3d:dataUploadRestriction>
    </r3d:dataUpload>
    <r3d:dataUploadLicense>
        <r3d:dataUploadLicenseName>Personal Package Archive Terms of Use</r3d:dataUploadLicenseName>
        <r3d:dataUploadLicenseURL>https://help.launchpad.net/PPATermsofUse</r3d:dataUploadLicenseURL>
    </r3d:dataUploadLicense>
    <r3d:software>
        <r3d:softwareName>other</r3d:softwareName>
    </r3d:software>
    <r3d:versioning>yes</r3d:versioning>
    <r3d:api apiType="REST">https://help.launchpad.net/API</r3d:api>
    <r3d:pidSystem>none</r3d:pidSystem>
    <r3d:citationGuidelineURL></r3d:citationGuidelineURL>
    <r3d:enhancedPublication>unknown</r3d:enhancedPublication>
    <r3d:qualityManagement>unknown</r3d:qualityManagement>
    <r3d:remarks></r3d:remarks>
    <r3d:entryDate>2013-02-27</r3d:entryDate>
    <r3d:lastUpdate>2017-04-19</r3d:lastUpdate>
  </r3d:repository>
</r3d:re3data>