<?xml version="1.0" encoding="utf-8"?>
<!--re3data.org Schema for the Description of Research Data Repositories. Version 2.2, December 2014. doi:10.2312/re3.006-->
<r3d:re3data xmlns:r3d="http://www.re3data.org/schema/2-2" xmlns:xsi="http://www.w3.org/2001/XMLSchema-instance" xsi:schemaLocation="http://www.re3data.org/schema/2-2 http://schema.re3data.org/2-2/re3dataV2-2.xsd">
  <r3d:repository>
    <r3d:re3data.orgIdentifier>r3d100010246</r3d:re3data.orgIdentifier>
    <r3d:repositoryName language="eng">GEON</r3d:repositoryName>
    <r3d:additionalName language="eng">GEONGRID</r3d:additionalName>
    <r3d:additionalName language="eng">Global Earth Observation Network</r3d:additionalName>
    <r3d:repositoryURL>http://www.geongrid.org/</r3d:repositoryURL>
    <r3d:description language="eng">GEON is an open collaborative project that is developing cyberinfrastructure for integration of 3 and 4 dimensional earth science data. GEON will develop services for data integration and model integration, and associated model execution and visualization. Mid-Atlantic test bed will focus on tectonothermal, paleogeographic, and biotic history from the late-Proterozoicto mid-Paleozoic. Rockies test bed will focus on integration of data with dynamic models, to better understand deformation history. GEON will develop the most comprehensive regional datasets in test bed areas.</r3d:description>
    <r3d:type>disciplinary</r3d:type>
    <r3d:size updated=""></r3d:size>
    <r3d:startDate>2002</r3d:startDate>
    <r3d:endDate></r3d:endDate>
    <r3d:repositoryLanguage>eng</r3d:repositoryLanguage>
    <r3d:subject subjectScheme="DFG">34 Geosciences (including Geography)</r3d:subject>
    <r3d:subject subjectScheme="DFG">40904 Artificial Intelligence, Image and Language Processing</r3d:subject>
    <r3d:subject subjectScheme="DFG">3 Natural Sciences</r3d:subject>
    <r3d:subject subjectScheme="DFG">409 Computer Science</r3d:subject>
    <r3d:subject subjectScheme="DFG">44 Computer Science, Electrical and System Engineering</r3d:subject>
    <r3d:subject subjectScheme="DFG">4 Engineering Sciences</r3d:subject>
    <r3d:missionStatementURL>https://www.nsf.gov/geo/adgeo/geoedu/centers_eo/geon.jsp</r3d:missionStatementURL>
    <r3d:contentType contentTypeScheme="parse">Standard office documents</r3d:contentType>
    <r3d:contentType contentTypeScheme="parse">Databases</r3d:contentType>
    <r3d:contentType contentTypeScheme="parse">Images</r3d:contentType>
    <r3d:contentType contentTypeScheme="parse">Structured graphics</r3d:contentType>
    <r3d:contentType contentTypeScheme="parse">Scientific and statistical data formats</r3d:contentType>
    <r3d:contentType contentTypeScheme="parse">Raw data</r3d:contentType>
    <r3d:contentType contentTypeScheme="parse">Plain text</r3d:contentType>
    <r3d:contentType contentTypeScheme="parse">Structured text</r3d:contentType>
    <r3d:providerType>dataProvider</r3d:providerType>
    <r3d:providerType>serviceProvider</r3d:providerType>
    <r3d:keyword>earth sciences</r3d:keyword>
    <r3d:keyword>geosciences</r3d:keyword>
    <r3d:keyword>earthquake</r3d:keyword>
    <r3d:keyword>earth science data</r3d:keyword>
    <r3d:keyword>3D structural models</r3d:keyword>
    <r3d:keyword>4D structural models</r3d:keyword>
    <r3d:keyword>geophysical data</r3d:keyword>
    <r3d:keyword>DEM Digital Elevation Model</r3d:keyword>
    <r3d:keyword>LiDAR</r3d:keyword>
    <r3d:keyword>remote sensing</r3d:keyword>
    <r3d:keyword>bore hole</r3d:keyword>
    <r3d:keyword>well data</r3d:keyword>
    <r3d:keyword>satellite images</r3d:keyword>
    <r3d:keyword>maps</r3d:keyword>
    <r3d:institution>
        <r3d:institutionName language="eng">San Diego Supercomputer Center, Advanced CyberInfrastructure Development</r3d:institutionName>
        <r3d:institutionAdditionalName language="eng">ACID</r3d:institutionAdditionalName>
        <r3d:institutionCountry>USA</r3d:institutionCountry>
        <r3d:responsibilityType>general</r3d:responsibilityType>
        <r3d:responsibilityType>technical</r3d:responsibilityType>
        <r3d:institutionType>non-profit</r3d:institutionType>
        <r3d:institutionURL>http://acid.sdsc.edu/projects/geon</r3d:institutionURL>
        <r3d:responsibilityStartDate>2002</r3d:responsibilityStartDate>
        <r3d:responsibilityEndDate></r3d:responsibilityEndDate>
    </r3d:institution>
    <r3d:institution>
        <r3d:institutionName language="eng">National Science Foundation</r3d:institutionName>
        <r3d:institutionAdditionalName language="eng">NSF</r3d:institutionAdditionalName>
        <r3d:institutionCountry>USA</r3d:institutionCountry>
        <r3d:responsibilityType>funding</r3d:responsibilityType>
        <r3d:institutionType>non-profit</r3d:institutionType>
        <r3d:institutionURL>https://www.nsf.gov/</r3d:institutionURL>
        <r3d:responsibilityStartDate>2002</r3d:responsibilityStartDate>
        <r3d:responsibilityEndDate></r3d:responsibilityEndDate>
        <r3d:institutionContact>https://www.nsf.gov/geo/adgeo/geoedu/centers_eo/geon.jsp</r3d:institutionContact>
    </r3d:institution>
    <r3d:databaseAccess>
        <r3d:databaseAccessType>open</r3d:databaseAccessType>
    </r3d:databaseAccess>
    <r3d:dataAccess>
    <r3d:dataAccessType>open</r3d:dataAccessType>
    </r3d:dataAccess>
    <r3d:dataAccess>
    <r3d:dataAccessType>restricted</r3d:dataAccessType>
    <r3d:dataAccessRestriction>registration</r3d:dataAccessRestriction>
    </r3d:dataAccess>
    <r3d:dataLicense>
        <r3d:dataLicenseName>Copyrights</r3d:dataLicenseName>
        <r3d:dataLicenseURL>http://www.geongrid.org/index.php</r3d:dataLicenseURL>
    </r3d:dataLicense>
    <r3d:dataUpload>
        <r3d:dataUploadType>restricted</r3d:dataUploadType>
        <r3d:dataUploadRestriction>registration</r3d:dataUploadRestriction>
    </r3d:dataUpload>
    <r3d:software>
        <r3d:softwareName>unknown</r3d:softwareName>
    </r3d:software>
    <r3d:versioning></r3d:versioning>
    <r3d:pidSystem>none</r3d:pidSystem>
    <r3d:citationGuidelineURL></r3d:citationGuidelineURL>
    <r3d:enhancedPublication>unknown</r3d:enhancedPublication>
    <r3d:qualityManagement>yes</r3d:qualityManagement>
    <r3d:syndication syndicationType="RSS">http://www.geongrid.org/index.php/news/rss_2.0</r3d:syndication>
    <r3d:remarks>Geon projects are: Open Earth Framework, Integrated Date Viewer, Interface, SYNSEIS, Paleointegration Project.   GEON partnerships and hosting relations exist with &#039;Gravity and Magnetics Database&#039;, &#039;Morphobank&#039;, &#039;Open Topography Facility&#039;, &#039;EarthScope Data Portal&#039;, &#039;GEO Grid&#039; and &#039;SWGEONET&#039;.</r3d:remarks>
    <r3d:entryDate>2013-04-18</r3d:entryDate>
    <r3d:lastUpdate>2017-02-03</r3d:lastUpdate>
  </r3d:repository>
</r3d:re3data>