<?xml version="1.0" encoding="utf-8"?>
<!--re3data.org Schema for the Description of Research Data Repositories. Version 2.2, December 2014. doi:10.2312/re3.006-->
<r3d:re3data xmlns:r3d="http://www.re3data.org/schema/2-2" xmlns:xsi="http://www.w3.org/2001/XMLSchema-instance" xsi:schemaLocation="http://www.re3data.org/schema/2-2 http://schema.re3data.org/2-2/re3dataV2-2.xsd">
  <r3d:repository>
    <r3d:re3data.orgIdentifier>r3d100010152</r3d:re3data.orgIdentifier>
    <r3d:repositoryName language="eng">CLARIN repository at the University of Tübingen</r3d:repositoryName>
    <r3d:additionalName language="eng">CLARIN Center Tübingen</r3d:additionalName>
    <r3d:additionalName language="eng">sfs CLARIN Center Tübingen</r3d:additionalName>
    <r3d:repositoryURL>http://www.sfs.uni-tuebingen.de/de/ascl/clarin-center.html</r3d:repositoryURL>
    <r3d:description language="eng">The repository is part of the eScience infrastructure of the University of Tübingen, which is a core facility that strongly cooperates with the library and computing center of the university.
Integration of the repository into the national CLARIN-D and international CLARIN infrastructures gives it wide exposure, increasing the likelihood that the resources will be used and further developed beyond the lifetime of the projects in which they were developed.
Among the resources currently available in the Tübingen Center Repository, researchers can find widely used treebanks of German (e.g. TüBa-D/Z), the German wordnet (GermaNet), the first manually annotated digital treebank (Index Thomisticus), as well as descriptions of the tools used by the WebLicht ecosystem for natural language processing.</r3d:description>
    <r3d:repositoryContact>clarin-repository@sfs.uni-tuebingen.de</r3d:repositoryContact>
    <r3d:type>disciplinary</r3d:type>
    <r3d:type>institutional</r3d:type>
    <r3d:size updated=""></r3d:size>
    <r3d:startDate>2012</r3d:startDate>
    <r3d:endDate></r3d:endDate>
    <r3d:repositoryLanguage>eng</r3d:repositoryLanguage>
    <r3d:subject subjectScheme="DFG">1 Humanities and Social Sciences</r3d:subject>
    <r3d:subject subjectScheme="DFG">104 Linguistics</r3d:subject>
    <r3d:subject subjectScheme="DFG">40904 Artificial Intelligence, Image and Language Processing</r3d:subject>
    <r3d:subject subjectScheme="DFG">11 Humanities</r3d:subject>
    <r3d:subject subjectScheme="DFG">409 Computer Science</r3d:subject>
    <r3d:subject subjectScheme="DFG">44 Computer Science, Electrical and System Engineering</r3d:subject>
    <r3d:subject subjectScheme="DFG">4 Engineering Sciences</r3d:subject>
    <r3d:missionStatementURL>http://www.sfs.uni-tuebingen.de/en/ascl/clarin-center/repository.html</r3d:missionStatementURL>
    <r3d:contentType contentTypeScheme="parse">Standard office documents</r3d:contentType>
    <r3d:contentType contentTypeScheme="parse">Audiovisual data</r3d:contentType>
    <r3d:contentType contentTypeScheme="parse">Plain text</r3d:contentType>
    <r3d:providerType>dataProvider</r3d:providerType>
    <r3d:providerType>serviceProvider</r3d:providerType>
    <r3d:keyword>Philology</r3d:keyword>
    <r3d:keyword>textual humanities</r3d:keyword>
    <r3d:keyword>corpora</r3d:keyword>
    <r3d:keyword>german treebanks</r3d:keyword>
    <r3d:keyword>german newspaper</r3d:keyword>
    <r3d:keyword>Thomas von Aquin</r3d:keyword>
    <r3d:keyword>Index Thomisticus</r3d:keyword>
    <r3d:keyword>Lexica</r3d:keyword>
    <r3d:keyword>Stuttgart-Tübingen tagset</r3d:keyword>
    <r3d:keyword>spontaneous speech</r3d:keyword>
    <r3d:keyword>spoken English</r3d:keyword>
    <r3d:institution>
        <r3d:institutionName language="deu">Eberhard Karls Universität Tübingen, Philosophische Fakultät, Seminar für Sprachwissenschaft</r3d:institutionName>
        <r3d:institutionAdditionalName language="deu">sfs</r3d:institutionAdditionalName>
        <r3d:institutionCountry>DEU</r3d:institutionCountry>
        <r3d:responsibilityType>general</r3d:responsibilityType>
        <r3d:responsibilityType>technical</r3d:responsibilityType>
        <r3d:institutionType>non-profit</r3d:institutionType>
        <r3d:institutionURL>http://www.sfs.uni-tuebingen.de/en/ascl/clarin-center.html</r3d:institutionURL>
        <r3d:responsibilityStartDate></r3d:responsibilityStartDate>
        <r3d:responsibilityEndDate></r3d:responsibilityEndDate>
    </r3d:institution>
    <r3d:institution>
        <r3d:institutionName language="deu">CLARIN-D</r3d:institutionName>
        <r3d:institutionAdditionalName language="eng">Common Language Resources and Technology Infrastructure - D</r3d:institutionAdditionalName>
        <r3d:institutionCountry>DEU</r3d:institutionCountry>
        <r3d:responsibilityType>general</r3d:responsibilityType>
        <r3d:institutionType>non-profit</r3d:institutionType>
        <r3d:institutionURL>http://www.clarin-d.de/</r3d:institutionURL>
        <r3d:responsibilityStartDate></r3d:responsibilityStartDate>
        <r3d:responsibilityEndDate></r3d:responsibilityEndDate>
        <r3d:institutionContact>http://www.clarin-d.de/de/kontakt-impressum</r3d:institutionContact>
    </r3d:institution>
    <r3d:institution>
        <r3d:institutionName language="deu">CLARIN-ERIC</r3d:institutionName>
        <r3d:institutionAdditionalName language="eng">Common Language Resources and Technology Infrastructure - European Research Infrastructure Consortium</r3d:institutionAdditionalName>
        <r3d:institutionCountry>EEC</r3d:institutionCountry>
        <r3d:responsibilityType>general</r3d:responsibilityType>
        <r3d:institutionType>non-profit</r3d:institutionType>
        <r3d:institutionURL>http://clarin.eu/</r3d:institutionURL>
        <r3d:responsibilityStartDate></r3d:responsibilityStartDate>
        <r3d:responsibilityEndDate></r3d:responsibilityEndDate>
        <r3d:institutionContact>http://clarin.eu/contact</r3d:institutionContact>
    </r3d:institution>
    <r3d:policy>
        <r3d:policyName>CLARIN Centre B assessment procedure</r3d:policyName>
        <r3d:policyURL>http://www.clarin.eu/node/3767</r3d:policyURL>
    </r3d:policy>
    <r3d:databaseAccess>
        <r3d:databaseAccessType>open</r3d:databaseAccessType>
    </r3d:databaseAccess>
    <r3d:dataAccess>
    <r3d:dataAccessType>open</r3d:dataAccessType>
    </r3d:dataAccess>
    <r3d:dataAccess>
    <r3d:dataAccessType>restricted</r3d:dataAccessType>
    <r3d:dataAccessRestriction>registration</r3d:dataAccessRestriction>
    </r3d:dataAccess>
    <r3d:dataAccess>
    <r3d:dataAccessType>restricted</r3d:dataAccessType>
    <r3d:dataAccessRestriction>other</r3d:dataAccessRestriction>
    </r3d:dataAccess>
    <r3d:dataAccess>
    <r3d:dataAccessType>closed</r3d:dataAccessType>
    </r3d:dataAccess>
    <r3d:dataLicense>
        <r3d:dataLicenseName>other</r3d:dataLicenseName>
        <r3d:dataLicenseURL>http://www.sfs.uni-tuebingen.de/en/ascl/clarin-center/repository/agreements-and-guidelines.html</r3d:dataLicenseURL>
    </r3d:dataLicense>
    <r3d:dataLicense>
        <r3d:dataLicenseName>other</r3d:dataLicenseName>
        <r3d:dataLicenseURL>https://www.clarin.eu/content/licenses-agreements-legal-terms</r3d:dataLicenseURL>
    </r3d:dataLicense>
    <r3d:dataUpload>
        <r3d:dataUploadType>restricted</r3d:dataUploadType>
        <r3d:dataUploadRestriction>registration</r3d:dataUploadRestriction>
    </r3d:dataUpload>
    <r3d:dataUploadLicense>
        <r3d:dataUploadLicenseName>Depositor&#039;s agreement</r3d:dataUploadLicenseName>
        <r3d:dataUploadLicenseURL>http://www.sfs.uni-tuebingen.de/fileadmin/user_upload/ascl/CLARINRepositoryTuebingen-DepositorsAgreement.pdf</r3d:dataUploadLicenseURL>
    </r3d:dataUploadLicense>
    <r3d:software>
        <r3d:softwareName>Fedora</r3d:softwareName>
    </r3d:software>
    <r3d:versioning>yes</r3d:versioning>
    <r3d:api apiType="OAI-PMH">https://repository.sfb833.uni-tuebingen.de:8443/oaiprovider/</r3d:api>
    <r3d:api apiType="other">http://catalog.clarin.eu/oai-harvester/Clarin_D_Repository_Tubingen.html</r3d:api>
    <r3d:pidSystem>hdl</r3d:pidSystem>
    <r3d:citationGuidelineURL></r3d:citationGuidelineURL>
    <r3d:enhancedPublication>unknown</r3d:enhancedPublication>
    <r3d:qualityManagement>yes</r3d:qualityManagement>
    <r3d:certificate>DSA</r3d:certificate>
    <r3d:certificate>CLARIN certificate B</r3d:certificate>
    <r3d:metadataStandard>
      <r3d:metadataStandardName metadataStandardScheme="DCC">Dublin Core</r3d:metadataStandardName>
      <r3d:metadataStandardURL>http://www.dcc.ac.uk/resources/metadata-standards/dublin-core</r3d:metadataStandardURL>
    </r3d:metadataStandard>
    <r3d:remarks>The metadata is publicly accessible via the CLARIN Virtual Language Observatory (VLO)http://catalog.clarin.eu/vlo/?1. CLARIN-D is developing a digital infrastructure for language-centered research in the social sciences and humanities. The main function of the service centers in CLARIN-D is to provide relevant, useful data and tools in an integrated, interoperable and scalable way. CLARIN-D will roll this infrastructure out in close collaboration with expert scholars in the humanities and social sciences, to ensure that it meets the needs of users in a systematic and easily accessible way.
CLARIN-D is building on the achievements of the preparatory phase of the European CLARIN initiative as well as CLARIN-D&#039;s Germany-specific predecessor project D-SPIN.
Tübingen, as coordinator of the CLARIN-D project, participates in nearly all aspects of the project.</r3d:remarks>
    <r3d:entryDate>2013-09-06</r3d:entryDate>
    <r3d:lastUpdate>2017-03-09</r3d:lastUpdate>
  </r3d:repository>
</r3d:re3data>