<?xml version="1.0" encoding="utf-8"?>
<!--re3data.org Schema for the Description of Research Data Repositories. Version 2.2, December 2014. doi:10.2312/re3.006-->
<r3d:re3data xmlns:r3d="http://www.re3data.org/schema/2-2" xmlns:xsi="http://www.w3.org/2001/XMLSchema-instance" xsi:schemaLocation="http://www.re3data.org/schema/2-2 http://schema.re3data.org/2-2/re3dataV2-2.xsd">
  <r3d:repository>
    <r3d:re3data.orgIdentifier>r3d100010541</r3d:re3data.orgIdentifier>
    <r3d:repositoryName language="eng">National Archives</r3d:repositoryName>
    <r3d:additionalName language="eng">NARA</r3d:additionalName>
    <r3d:repositoryURL>https://www.archives.gov/</r3d:repositoryURL>
    <r3d:description language="eng">The National Archives and Records Administration (NARA) is the nation&#039;s record keeper. Of all documents and materials created in the course of business conducted by the United States Federal government, only 1%-3% are so important for legal or historical reasons that they are kept by us forever.
Those valuable records are preserved and are available to you, whether you want to see if they contain clues about your family’s history, need to prove a veteran’s military service, or are researching an historical topic that interests you.</r3d:description>
    <r3d:repositoryContact>http://www.archives.gov/contact/</r3d:repositoryContact>
    <r3d:type>institutional</r3d:type>
    <r3d:type>disciplinary</r3d:type>
    <r3d:size updated=""></r3d:size>
    <r3d:startDate></r3d:startDate>
    <r3d:endDate></r3d:endDate>
    <r3d:repositoryLanguage>eng</r3d:repositoryLanguage>
    <r3d:repositoryLanguage>spa</r3d:repositoryLanguage>
    <r3d:subject subjectScheme="DFG">1 Humanities and Social Sciences</r3d:subject>
    <r3d:subject subjectScheme="DFG">102 History</r3d:subject>
    <r3d:subject subjectScheme="DFG">10203 Modern and Current History</r3d:subject>
    <r3d:subject subjectScheme="DFG">12 Social and Behavioural Sciences</r3d:subject>
    <r3d:subject subjectScheme="DFG">113 Jurisprudence</r3d:subject>
    <r3d:subject subjectScheme="DFG">11 Humanities</r3d:subject>
    <r3d:missionStatementURL>https://www.archives.gov/about/info/mission.html</r3d:missionStatementURL>
    <r3d:contentType contentTypeScheme="parse">Databases</r3d:contentType>
    <r3d:contentType contentTypeScheme="parse">Audiovisual data</r3d:contentType>
    <r3d:contentType contentTypeScheme="parse">Plain text</r3d:contentType>
    <r3d:contentType contentTypeScheme="parse">Images</r3d:contentType>
    <r3d:contentType contentTypeScheme="parse">Structured text</r3d:contentType>
    <r3d:contentType contentTypeScheme="parse">Raw data</r3d:contentType>
    <r3d:providerType>dataProvider</r3d:providerType>
    <r3d:providerType>serviceProvider</r3d:providerType>
    <r3d:keyword>military history</r3d:keyword>
    <r3d:keyword>black studies</r3d:keyword>
    <r3d:keyword>presidential materials</r3d:keyword>
    <r3d:keyword>popular interest</r3d:keyword>
    <r3d:keyword>federal register</r3d:keyword>
    <r3d:keyword>presidential libraries</r3d:keyword>
    <r3d:keyword>laws and regulations</r3d:keyword>
    <r3d:institution>
        <r3d:institutionName language="eng">The USA.gov</r3d:institutionName>
        <r3d:institutionCountry>USA</r3d:institutionCountry>
        <r3d:responsibilityType>funding</r3d:responsibilityType>
        <r3d:institutionType>non-profit</r3d:institutionType>
        <r3d:institutionURL>http://www.usa.gov/</r3d:institutionURL>
        <r3d:responsibilityStartDate></r3d:responsibilityStartDate>
        <r3d:responsibilityEndDate></r3d:responsibilityEndDate>
    </r3d:institution>
    <r3d:institution>
        <r3d:institutionName language="eng">U.S. National Archives and Records Administration</r3d:institutionName>
        <r3d:institutionAdditionalName language="eng">NARA</r3d:institutionAdditionalName>
        <r3d:institutionCountry>USA</r3d:institutionCountry>
        <r3d:responsibilityType>general</r3d:responsibilityType>
        <r3d:institutionType>non-profit</r3d:institutionType>
        <r3d:institutionURL>https://www.archives.gov/</r3d:institutionURL>
        <r3d:responsibilityStartDate></r3d:responsibilityStartDate>
        <r3d:responsibilityEndDate></r3d:responsibilityEndDate>
        <r3d:institutionContact>https://www.archives.gov/contact</r3d:institutionContact>
    </r3d:institution>
    <r3d:policy>
        <r3d:policyName>Privacy Policy</r3d:policyName>
        <r3d:policyURL>https://www.archives.gov/global-pages/privacy.html</r3d:policyURL>
    </r3d:policy>
    <r3d:databaseAccess>
        <r3d:databaseAccessType>open</r3d:databaseAccessType>
    </r3d:databaseAccess>
    <r3d:databaseLicense>
        <r3d:databaseLicenseName>other</r3d:databaseLicenseName>
        <r3d:databaseLicenseURL>https://www.archives.gov/global-pages/privacy.html</r3d:databaseLicenseURL>
    </r3d:databaseLicense>
    <r3d:dataAccess>
    <r3d:dataAccessType>open</r3d:dataAccessType>
    </r3d:dataAccess>
    <r3d:dataAccess>
    <r3d:dataAccessType>restricted</r3d:dataAccessType>
    <r3d:dataAccessRestriction>other</r3d:dataAccessRestriction>
    </r3d:dataAccess>
    <r3d:dataAccess>
    <r3d:dataAccessType>restricted</r3d:dataAccessType>
    <r3d:dataAccessRestriction>feeRequired</r3d:dataAccessRestriction>
    </r3d:dataAccess>
    <r3d:dataLicense>
        <r3d:dataLicenseName>Copyrights</r3d:dataLicenseName>
        <r3d:dataLicenseURL>https://www.archives.gov/global-pages/privacy.html</r3d:dataLicenseURL>
    </r3d:dataLicense>
    <r3d:dataLicense>
        <r3d:dataLicenseName>Copyrights</r3d:dataLicenseName>
        <r3d:dataLicenseURL>https://www.archives.gov/global-pages/privacy.html#copyright</r3d:dataLicenseURL>
    </r3d:dataLicense>
    <r3d:dataLicense>
        <r3d:dataLicenseName>Public Domain</r3d:dataLicenseName>
        <r3d:dataLicenseURL>https://www.archives.gov/global-pages/privacy.html#copyright</r3d:dataLicenseURL>
    </r3d:dataLicense>
    <r3d:dataUpload>
        <r3d:dataUploadType>closed</r3d:dataUploadType>
    </r3d:dataUpload>
    <r3d:software>
        <r3d:softwareName>unknown</r3d:softwareName>
    </r3d:software>
    <r3d:versioning></r3d:versioning>
    <r3d:api apiType="REST">https://www.federalregister.gov/reader-aids/developer-resources</r3d:api>
    <r3d:pidSystem>none</r3d:pidSystem>
    <r3d:citationGuidelineURL></r3d:citationGuidelineURL>
    <r3d:enhancedPublication>unknown</r3d:enhancedPublication>
    <r3d:qualityManagement>unknown</r3d:qualityManagement>
    <r3d:syndication syndicationType="RSS">https://www.archives.gov/social-media/rss-feeds.html</r3d:syndication>
    <r3d:remarks>National Archives is a meta-portal with access to collections of the different locations of the nationwide network of archives facilities http://www.archives.gov/locations/. A full list of RSS Feeds can be found at http://www.archives.gov/social-media/rss-feeds.html</r3d:remarks>
    <r3d:entryDate>2013-11-10</r3d:entryDate>
    <r3d:lastUpdate>2017-08-25</r3d:lastUpdate>
  </r3d:repository>
</r3d:re3data>