<?xml version="1.0" encoding="utf-8"?>
<!--re3data.org Schema for the Description of Research Data Repositories. Version 2.2, December 2014. doi:10.2312/re3.006-->
<r3d:re3data xmlns:r3d="http://www.re3data.org/schema/2-2" xmlns:xsi="http://www.w3.org/2001/XMLSchema-instance" xsi:schemaLocation="http://www.re3data.org/schema/2-2 http://schema.re3data.org/2-2/re3dataV2-2.xsd">
  <r3d:repository>
    <r3d:re3data.orgIdentifier>r3d100000031</r3d:re3data.orgIdentifier>
    <r3d:repositoryName language="eng">Google Code Project Hosting</r3d:repositoryName>
    <r3d:additionalName language="eng">Google Code</r3d:additionalName>
    <r3d:additionalName language="eng">Google Project Hosting</r3d:additionalName>
    <r3d:additionalName language="eng">Google Code Archive</r3d:additionalName>
    <r3d:repositoryURL>https://code.google.com/archive/</r3d:repositoryURL>
    <r3d:description language="eng">The Google Code Archive contains the data found on the Google Code Project Hosting Service, which turned down in early 2016. This archive contains over 1.4 million projects, 1.5 million downloads, and 12.6 million issues.
Google Project Hosting powers Project Hosting on Google Code and Eclipse Labs. Project Hosting on Google Code Eclipse Labs. It provides a fast, reliable, and easy open source hosting service with the following features: Instant project creation on any topic; Git, Mercurial and Subversion code hosting with 2 gigabyte of storage space and download hosting support with 2 gigabytes of storage space; Integrated source code browsing and code review tools to make it easy to view code, review contributions, and maintain a high quality code base; An issue tracker and project wiki that are simple, yet flexible and powerful, and can adapt to any development process; Starring and update streams that make it easy to keep track of projects and developers that you care about.</r3d:description>
    <r3d:type>other</r3d:type>
    <r3d:size updated=""></r3d:size>
    <r3d:startDate>2007</r3d:startDate>
    <r3d:endDate>2016</r3d:endDate>
    <r3d:repositoryLanguage>eng</r3d:repositoryLanguage>
    <r3d:repositoryLanguage>spa</r3d:repositoryLanguage>
    <r3d:repositoryLanguage>jpn</r3d:repositoryLanguage>
    <r3d:repositoryLanguage>kor</r3d:repositoryLanguage>
    <r3d:repositoryLanguage>por</r3d:repositoryLanguage>
    <r3d:repositoryLanguage>rus</r3d:repositoryLanguage>
    <r3d:repositoryLanguage>zho</r3d:repositoryLanguage>
    <r3d:subject subjectScheme="DFG">44 Computer Science, Electrical and System Engineering</r3d:subject>
    <r3d:subject subjectScheme="DFG">4 Engineering Sciences</r3d:subject>
    <r3d:missionStatementURL></r3d:missionStatementURL>
    <r3d:contentType contentTypeScheme="parse">Standard office documents</r3d:contentType>
    <r3d:contentType contentTypeScheme="parse">Source code</r3d:contentType>
    <r3d:providerType>serviceProvider</r3d:providerType>
    <r3d:keyword>open source projects</r3d:keyword>
    <r3d:institution>
        <r3d:institutionName language="eng">Google</r3d:institutionName>
        <r3d:institutionCountry>USA</r3d:institutionCountry>
        <r3d:responsibilityType>general</r3d:responsibilityType>
        <r3d:responsibilityType>technical</r3d:responsibilityType>
        <r3d:institutionType>commercial</r3d:institutionType>
        <r3d:institutionURL>http://www.google.com/intl/com/about/</r3d:institutionURL>
        <r3d:responsibilityStartDate></r3d:responsibilityStartDate>
        <r3d:responsibilityEndDate></r3d:responsibilityEndDate>
        <r3d:institutionContact>http://www.google.com/intl/com/contact/</r3d:institutionContact>
    </r3d:institution>
    <r3d:policy>
        <r3d:policyName>Google Terms of Service</r3d:policyName>
        <r3d:policyURL>http://www.google.com/intl/com/policies/terms/</r3d:policyURL>
    </r3d:policy>
    <r3d:policy>
        <r3d:policyName>Google Project Hosting: User Content and Conduct Policy</r3d:policyName>
        <r3d:policyURL>https://code.google.com/projecthosting/policy.html</r3d:policyURL>
    </r3d:policy>
    <r3d:databaseAccess>
        <r3d:databaseAccessType>open</r3d:databaseAccessType>
    </r3d:databaseAccess>
    <r3d:dataAccess>
    <r3d:dataAccessType>open</r3d:dataAccessType>
    </r3d:dataAccess>
    <r3d:dataLicense>
        <r3d:dataLicenseName>other</r3d:dataLicenseName>
        <r3d:dataLicenseURL>http://www.gnu.org/licenses/gpl-3.0.en.html</r3d:dataLicenseURL>
    </r3d:dataLicense>
    <r3d:dataLicense>
        <r3d:dataLicenseName>CC</r3d:dataLicenseName>
        <r3d:dataLicenseURL>https://creativecommons.org/licenses/</r3d:dataLicenseURL>
    </r3d:dataLicense>
    <r3d:dataUpload>
        <r3d:dataUploadType>closed</r3d:dataUploadType>
    </r3d:dataUpload>
    <r3d:software>
        <r3d:softwareName>other</r3d:softwareName>
    </r3d:software>
    <r3d:versioning>no</r3d:versioning>
    <r3d:api apiType="REST">https://cloud.google.com/storage/docs/json_api/v1/</r3d:api>
    <r3d:pidSystem>none</r3d:pidSystem>
    <r3d:citationGuidelineURL></r3d:citationGuidelineURL>
    <r3d:enhancedPublication>unknown</r3d:enhancedPublication>
    <r3d:qualityManagement>no</r3d:qualityManagement>
    <r3d:remarks></r3d:remarks>
    <r3d:entryDate>2012-10-14</r3d:entryDate>
    <r3d:lastUpdate>2017-11-03</r3d:lastUpdate>
  </r3d:repository>
</r3d:re3data>