<?xml version="1.0" encoding="utf-8"?>
<!--re3data.org Schema for the Description of Research Data Repositories. Version 2.2, December 2014. doi:10.2312/re3.006-->
<r3d:re3data xmlns:r3d="http://www.re3data.org/schema/2-2" xmlns:xsi="http://www.w3.org/2001/XMLSchema-instance" xsi:schemaLocation="http://www.re3data.org/schema/2-2 http://schema.re3data.org/2-2/re3dataV2-2.xsd">
  <r3d:repository>
    <r3d:re3data.orgIdentifier>r3d100000049</r3d:re3data.orgIdentifier>
    <r3d:repositoryName language="fra">Potsdam Carte du Ciel Plates</r3d:repositoryName>
    <r3d:repositoryURL>http://dc.zah.uni-heidelberg.de/potsdam/q/raw/info</r3d:repositoryURL>
    <r3d:description language="eng">Publication of scans of photographic plates from the so-called &quot;Potsdam zone&quot; of the Carte du Ciel project (32 deg to 39 deg). A total of 977 plates of 2 square degree sky regions was observed and recorded between 1913 to 1924. Since Potsdam Observatory ended participation in the Carte du Ciel project, these observations were so far not analysed or published. Plates were scanned in by a flat bed scanner in 2007-2008. Limitations in astrometric precision as well are to be expected, and specific observational restrains apply, such as multiple exposures on certain plates (see literature)</r3d:description>
    <r3d:type>other</r3d:type>
    <r3d:size updated=""></r3d:size>
    <r3d:startDate>2009-08-02</r3d:startDate>
    <r3d:endDate></r3d:endDate>
    <r3d:repositoryLanguage>eng</r3d:repositoryLanguage>
    <r3d:subject subjectScheme="DFG">311 Astrophysics and Astronomy</r3d:subject>
    <r3d:subject subjectScheme="DFG">32 Physics</r3d:subject>
    <r3d:subject subjectScheme="DFG">3 Natural Sciences</r3d:subject>
    <r3d:missionStatementURL></r3d:missionStatementURL>
    <r3d:contentType contentTypeScheme="parse">Software applications</r3d:contentType>
    <r3d:contentType contentTypeScheme="parse">Structured text</r3d:contentType>
    <r3d:providerType>dataProvider</r3d:providerType>
    <r3d:keyword>History and philosophy of astronomy</r3d:keyword>
    <r3d:keyword>Astrophotography</r3d:keyword>
    <r3d:keyword>Photographic plate</r3d:keyword>
    <r3d:institution>
        <r3d:institutionName language="eng">Leibniz Institute for Astrophysics Potsdam</r3d:institutionName>
        <r3d:institutionAdditionalName language="deu">Astrophysikalisches Institut Potsdam</r3d:institutionAdditionalName>
        <r3d:institutionAdditionalName language="deu">AIP</r3d:institutionAdditionalName>
        <r3d:institutionCountry>DEU</r3d:institutionCountry>
        <r3d:responsibilityType>general</r3d:responsibilityType>
        <r3d:institutionType>non-profit</r3d:institutionType>
        <r3d:institutionURL>http://www.aip.de/de</r3d:institutionURL>
        <r3d:responsibilityStartDate>2009</r3d:responsibilityStartDate>
        <r3d:responsibilityEndDate></r3d:responsibilityEndDate>
    </r3d:institution>
    <r3d:institution>
        <r3d:institutionName language="eng">German Astrophysical Virtual Observatory</r3d:institutionName>
        <r3d:institutionAdditionalName language="eng">GAVO</r3d:institutionAdditionalName>
        <r3d:institutionCountry>DEU</r3d:institutionCountry>
        <r3d:responsibilityType>technical</r3d:responsibilityType>
        <r3d:institutionType>non-profit</r3d:institutionType>
        <r3d:institutionURL>http://www.g-vo.org</r3d:institutionURL>
        <r3d:responsibilityStartDate>2009</r3d:responsibilityStartDate>
        <r3d:responsibilityEndDate></r3d:responsibilityEndDate>
        <r3d:institutionContact>gavo@ari.uni-heidelberg.de</r3d:institutionContact>
    </r3d:institution>
    <r3d:institution>
        <r3d:institutionName language="eng">German Research Foundation</r3d:institutionName>
        <r3d:institutionAdditionalName language="deu">Deutsche Forschungsgemeinschaft</r3d:institutionAdditionalName>
        <r3d:institutionAdditionalName language="deu">DFG</r3d:institutionAdditionalName>
        <r3d:institutionCountry>DEU</r3d:institutionCountry>
        <r3d:responsibilityType>funding</r3d:responsibilityType>
        <r3d:institutionType>non-profit</r3d:institutionType>
        <r3d:institutionURL>http://www.dfg.de</r3d:institutionURL>
        <r3d:responsibilityStartDate>2009</r3d:responsibilityStartDate>
        <r3d:responsibilityEndDate></r3d:responsibilityEndDate>
    </r3d:institution>
    <r3d:policy>
        <r3d:policyName>Disclaimer</r3d:policyName>
        <r3d:policyURL>http://dc.zah.uni-heidelberg.de/static/doc/disclaimer.shtml</r3d:policyURL>
    </r3d:policy>
    <r3d:policy>
        <r3d:policyName>Privacy</r3d:policyName>
        <r3d:policyURL>http://dc.zah.uni-heidelberg.de/static/doc/privpol.shtml</r3d:policyURL>
    </r3d:policy>
    <r3d:databaseAccess>
        <r3d:databaseAccessType>open</r3d:databaseAccessType>
    </r3d:databaseAccess>
    <r3d:dataAccess>
    <r3d:dataAccessType>restricted</r3d:dataAccessType>
    <r3d:dataAccessRestriction>registration</r3d:dataAccessRestriction>
    </r3d:dataAccess>
    <r3d:dataLicense>
        <r3d:dataLicenseName>other</r3d:dataLicenseName>
        <r3d:dataLicenseURL>http://www.gnu.org/home.en.html</r3d:dataLicenseURL>
    </r3d:dataLicense>
    <r3d:dataLicense>
        <r3d:dataLicenseName>CC</r3d:dataLicenseName>
        <r3d:dataLicenseURL>https://creativecommons.org/licenses/</r3d:dataLicenseURL>
    </r3d:dataLicense>
    <r3d:dataUpload>
        <r3d:dataUploadType>restricted</r3d:dataUploadType>
        <r3d:dataUploadRestriction>other</r3d:dataUploadRestriction>
    </r3d:dataUpload>
    <r3d:dataUploadLicense>
        <r3d:dataUploadLicenseName>Publishing your data in the VO</r3d:dataUploadLicenseName>
        <r3d:dataUploadLicenseURL>http://www.g-vo.org/pmwiki/About/GettingStarted</r3d:dataUploadLicenseURL>
    </r3d:dataUploadLicense>
    <r3d:software>
        <r3d:softwareName>other</r3d:softwareName>
    </r3d:software>
    <r3d:versioning>no</r3d:versioning>
    <r3d:pidSystem>other</r3d:pidSystem>
    <r3d:citationGuidelineURL></r3d:citationGuidelineURL>
    <r3d:enhancedPublication>unknown</r3d:enhancedPublication>
    <r3d:qualityManagement>unknown</r3d:qualityManagement>
    <r3d:remarks>The repository is a part of the GAVO data center: http://dc.zah.uni-heidelberg.de</r3d:remarks>
    <r3d:entryDate>2012-11-01</r3d:entryDate>
    <r3d:lastUpdate>2017-01-24</r3d:lastUpdate>
  </r3d:repository>
</r3d:re3data>