<?xml version="1.0" encoding="utf-8"?>
<!--re3data.org Schema for the Description of Research Data Repositories. Version 2.2, December 2014. doi:10.2312/re3.006-->
<r3d:re3data xmlns:r3d="http://www.re3data.org/schema/2-2" xmlns:xsi="http://www.w3.org/2001/XMLSchema-instance" xsi:schemaLocation="http://www.re3data.org/schema/2-2 http://schema.re3data.org/2-2/re3dataV2-2.xsd">
  <r3d:repository>
    <r3d:re3data.orgIdentifier>r3d100010402</r3d:re3data.orgIdentifier>
    <r3d:repositoryName language="eng">KNMI Climate Explorer</r3d:repositoryName>
    <r3d:additionalName language="eng">Climate Explorer</r3d:additionalName>
    <r3d:repositoryURL>http://climexp.knmi.nl/</r3d:repositoryURL>
    <r3d:description language="eng">The KNMI Climate Explorer is a web application to analysis climate data statistically.</r3d:description>
    <r3d:repositoryContact>oldenborgh@knmi.nl</r3d:repositoryContact>
    <r3d:repositoryContact>http://climexp.knmi.nl/contact.cgi?id=someone@somewhere</r3d:repositoryContact>
    <r3d:type>institutional</r3d:type>
    <r3d:type>disciplinary</r3d:type>
    <r3d:size updated="2017-05-04">More than 10 TB</r3d:size>
    <r3d:startDate>1999</r3d:startDate>
    <r3d:endDate></r3d:endDate>
    <r3d:repositoryLanguage>eng</r3d:repositoryLanguage>
    <r3d:repositoryLanguage>nld</r3d:repositoryLanguage>
    <r3d:subject subjectScheme="DFG">313 Atmospheric Science and Oceanography</r3d:subject>
    <r3d:subject subjectScheme="DFG">34 Geosciences (including Geography)</r3d:subject>
    <r3d:subject subjectScheme="DFG">3 Natural Sciences</r3d:subject>
    <r3d:missionStatementURL>http://climexp.knmi.nl/about.cgi?id=someone@somewhere</r3d:missionStatementURL>
    <r3d:contentType contentTypeScheme="parse">Standard office documents</r3d:contentType>
    <r3d:contentType contentTypeScheme="parse">Images</r3d:contentType>
    <r3d:contentType contentTypeScheme="parse">Structured graphics</r3d:contentType>
    <r3d:contentType contentTypeScheme="parse">Scientific and statistical data formats</r3d:contentType>
    <r3d:contentType contentTypeScheme="parse">Raw data</r3d:contentType>
    <r3d:contentType contentTypeScheme="parse">Plain text</r3d:contentType>
    <r3d:contentType contentTypeScheme="parse">Structured text</r3d:contentType>
    <r3d:contentType contentTypeScheme="parse">Archived data</r3d:contentType>
    <r3d:contentType contentTypeScheme="parse">Configuration data</r3d:contentType>
    <r3d:providerType>dataProvider</r3d:providerType>
    <r3d:providerType>serviceProvider</r3d:providerType>
    <r3d:keyword>oberservation</r3d:keyword>
    <r3d:keyword>data</r3d:keyword>
    <r3d:keyword>statistics</r3d:keyword>
    <r3d:keyword>analyse tool</r3d:keyword>
    <r3d:keyword>climate</r3d:keyword>
    <r3d:keyword>climate change</r3d:keyword>
    <r3d:institution>
        <r3d:institutionName language="nld">Koninklijk Nederlands Meterologisch Instituut</r3d:institutionName>
        <r3d:institutionAdditionalName language="eng">Royal Netherlands Meteorological Institute</r3d:institutionAdditionalName>
        <r3d:institutionAdditionalName language="nld">KNMI</r3d:institutionAdditionalName>
        <r3d:institutionCountry>NLD</r3d:institutionCountry>
        <r3d:responsibilityType>general</r3d:responsibilityType>
        <r3d:responsibilityType>technical</r3d:responsibilityType>
        <r3d:responsibilityType>funding</r3d:responsibilityType>
        <r3d:institutionType>non-profit</r3d:institutionType>
        <r3d:institutionURL>http://www.knmi.nl/index_en.html</r3d:institutionURL>
        <r3d:responsibilityStartDate>1999</r3d:responsibilityStartDate>
        <r3d:responsibilityEndDate></r3d:responsibilityEndDate>
        <r3d:institutionContact>https://www.knmi.nl/over-het-knmi/contact/contactformulier</r3d:institutionContact>
    </r3d:institution>
    <r3d:policy>
        <r3d:policyName>Data Policy</r3d:policyName>
        <r3d:policyURL>http://eca.knmi.nl/documents/ECAD_datapolicy.pdf</r3d:policyURL>
    </r3d:policy>
    <r3d:databaseAccess>
        <r3d:databaseAccessType>open</r3d:databaseAccessType>
    </r3d:databaseAccess>
    <r3d:dataAccess>
    <r3d:dataAccessType>open</r3d:dataAccessType>
    </r3d:dataAccess>
    <r3d:dataAccess>
    <r3d:dataAccessType>restricted</r3d:dataAccessType>
    <r3d:dataAccessRestriction>registration</r3d:dataAccessRestriction>
    </r3d:dataAccess>
    <r3d:dataLicense>
        <r3d:dataLicenseName>other</r3d:dataLicenseName>
        <r3d:dataLicenseURL>https://data.knmi.nl/datasets</r3d:dataLicenseURL>
    </r3d:dataLicense>
    <r3d:dataUpload>
        <r3d:dataUploadType>restricted</r3d:dataUploadType>
        <r3d:dataUploadRestriction>registration</r3d:dataUploadRestriction>
    </r3d:dataUpload>
    <r3d:software>
        <r3d:softwareName>unknown</r3d:softwareName>
    </r3d:software>
    <r3d:versioning></r3d:versioning>
    <r3d:api apiType="NetCDF">http://climexp.knmi.nl/about.cgi?id=someone@somewhere</r3d:api>
    <r3d:pidSystem>none</r3d:pidSystem>
    <r3d:citationGuidelineURL></r3d:citationGuidelineURL>
    <r3d:enhancedPublication>unknown</r3d:enhancedPublication>
    <r3d:qualityManagement>yes</r3d:qualityManagement>
    <r3d:remarks>Some examples:  http://climexp.knmi.nl/examp.cgi?id=someone@somewhere</r3d:remarks>
    <r3d:entryDate>2012-09-13</r3d:entryDate>
    <r3d:lastUpdate>2017-05-03</r3d:lastUpdate>
  </r3d:repository>
</r3d:re3data>