<?xml version="1.0" encoding="utf-8"?>
<!--re3data.org Schema for the Description of Research Data Repositories. Version 2.2, December 2014. doi:10.2312/re3.006-->
<r3d:re3data xmlns:r3d="http://www.re3data.org/schema/2-2" xmlns:xsi="http://www.w3.org/2001/XMLSchema-instance" xsi:schemaLocation="http://www.re3data.org/schema/2-2 http://schema.re3data.org/2-2/re3dataV2-2.xsd">
  <r3d:repository>
    <r3d:re3data.orgIdentifier>r3d100010075</r3d:re3data.orgIdentifier>
    <r3d:repositoryName language="eng">GeoGratis</r3d:repositoryName>
    <r3d:additionalName language="fra">Géogratis</r3d:additionalName>
    <r3d:repositoryURL>http://geogratis.cgdi.gc.ca/</r3d:repositoryURL>
    <r3d:description language="eng">GeoGratis is a portal provided by the Earth Sciences Sector (ESS) of Natural Resources Canada (NRCan) which provides geospatial data at no cost and without restrictions via your Web browser.
The data will be useful whether you are a novice who needs a geographic map for a presentation, or an expert who wants to overlay a vector layer of digital data on a classified multiband image, with a digital elevation model as a backdrop. The geospatial data are grouped in over 100 collections and are compatible with the most popular geographic information systems (GIS), with image analysis systems and the graphics applications of editing software.</r3d:description>
    <r3d:repositoryContact>https://www.nrcan.gc.ca/earth-sciences/geography/topographic-information/free-data-geogratis/contact-geogratis/17286</r3d:repositoryContact>
    <r3d:repositoryContact>nrcan.geoinfo.rncan@canada.ca</r3d:repositoryContact>
    <r3d:type>disciplinary</r3d:type>
    <r3d:type>other</r3d:type>
    <r3d:size updated=""></r3d:size>
    <r3d:startDate>2009</r3d:startDate>
    <r3d:endDate></r3d:endDate>
    <r3d:repositoryLanguage>eng</r3d:repositoryLanguage>
    <r3d:repositoryLanguage>fra</r3d:repositoryLanguage>
    <r3d:subject subjectScheme="DFG">34 Geosciences (including Geography)</r3d:subject>
    <r3d:subject subjectScheme="DFG">3 Natural Sciences</r3d:subject>
    <r3d:missionStatementURL></r3d:missionStatementURL>
    <r3d:contentType contentTypeScheme="parse">Standard office documents</r3d:contentType>
    <r3d:contentType contentTypeScheme="parse">Scientific and statistical data formats</r3d:contentType>
    <r3d:contentType contentTypeScheme="parse">Images</r3d:contentType>
    <r3d:contentType contentTypeScheme="parse">Archived data</r3d:contentType>
    <r3d:providerType>serviceProvider</r3d:providerType>
    <r3d:keyword>geospatial data</r3d:keyword>
    <r3d:keyword>maps</r3d:keyword>
    <r3d:keyword>earth sciences</r3d:keyword>
    <r3d:keyword>cartography</r3d:keyword>
    <r3d:keyword>geography</r3d:keyword>
    <r3d:keyword>surveying</r3d:keyword>
    <r3d:keyword>topographica surveying</r3d:keyword>
    <r3d:institution>
        <r3d:institutionName language="eng">Natural Resources Canada, Earth Sciences</r3d:institutionName>
        <r3d:institutionAdditionalName language="eng">NRCan/ESS</r3d:institutionAdditionalName>
        <r3d:institutionAdditionalName language="fra">Ressources naturelles Canada, Secteur des sciences de la Terre</r3d:institutionAdditionalName>
        <r3d:institutionAdditionalName language="fra">RNCan</r3d:institutionAdditionalName>
        <r3d:institutionAdditionalName language="fra">SST</r3d:institutionAdditionalName>
        <r3d:institutionCountry>CAN</r3d:institutionCountry>
        <r3d:responsibilityType>general</r3d:responsibilityType>
        <r3d:responsibilityType>funding</r3d:responsibilityType>
        <r3d:institutionType>non-profit</r3d:institutionType>
        <r3d:institutionURL>http://www.nrcan.gc.ca/earth-sciences/</r3d:institutionURL>
        <r3d:responsibilityStartDate></r3d:responsibilityStartDate>
        <r3d:responsibilityEndDate></r3d:responsibilityEndDate>
        <r3d:institutionContact>http://contact-contactez.nrcan-rncan.gc.ca/index.cfm?lang=eng&amp;sid=7&amp;context=earth-sciences</r3d:institutionContact>
    </r3d:institution>
    <r3d:policy>
        <r3d:policyName>Terms and Conditions</r3d:policyName>
        <r3d:policyURL>http://www.nrcan.gc.ca/terms-conditions/10847</r3d:policyURL>
    </r3d:policy>
    <r3d:databaseAccess>
        <r3d:databaseAccessType>open</r3d:databaseAccessType>
    </r3d:databaseAccess>
    <r3d:dataAccess>
    <r3d:dataAccessType>open</r3d:dataAccessType>
    </r3d:dataAccess>
    <r3d:dataAccess>
    <r3d:dataAccessType>restricted</r3d:dataAccessType>
    <r3d:dataAccessRestriction>registration</r3d:dataAccessRestriction>
    </r3d:dataAccess>
    <r3d:dataLicense>
        <r3d:dataLicenseName>OGLC</r3d:dataLicenseName>
        <r3d:dataLicenseURL>http://data.gc.ca/eng/open-government-licence-canada</r3d:dataLicenseURL>
    </r3d:dataLicense>
    <r3d:dataLicense>
        <r3d:dataLicenseName>Copyrights</r3d:dataLicenseName>
        <r3d:dataLicenseURL>http://laws-lois.justice.gc.ca/eng/acts/C-42/index.html</r3d:dataLicenseURL>
    </r3d:dataLicense>
    <r3d:dataUpload>
        <r3d:dataUploadType>closed</r3d:dataUploadType>
    </r3d:dataUpload>
    <r3d:software>
        <r3d:softwareName>unknown</r3d:softwareName>
    </r3d:software>
    <r3d:versioning>yes</r3d:versioning>
    <r3d:api apiType="other">http://geogratis.gc.ca/api/en/documentation/sguide.html</r3d:api>
    <r3d:pidSystem>none</r3d:pidSystem>
    <r3d:citationGuidelineURL></r3d:citationGuidelineURL>
    <r3d:enhancedPublication>unknown</r3d:enhancedPublication>
    <r3d:qualityManagement>unknown</r3d:qualityManagement>
    <r3d:metadataStandard>
      <r3d:metadataStandardName metadataStandardScheme="DCC">FGDC/CSDGM - Federal Geographic Data Committee Content Standard for Digital Geospatial Metadata</r3d:metadataStandardName>
      <r3d:metadataStandardURL>http://www.dcc.ac.uk/resources/metadata-standards/fgdccsdgm-federal-geographic-data-committee-content-standard-digital-ge</r3d:metadataStandardURL>
    </r3d:metadataStandard>
    <r3d:metadataStandard>
      <r3d:metadataStandardName metadataStandardScheme="DCC">ISO 19115</r3d:metadataStandardName>
      <r3d:metadataStandardURL>http://www.dcc.ac.uk/resources/metadata-standards/iso-19115</r3d:metadataStandardURL>
    </r3d:metadataStandard>
    <r3d:metadataStandard>
      <r3d:metadataStandardName metadataStandardScheme="DCC">other</r3d:metadataStandardName>
      <r3d:metadataStandardURL>http://www.dcc.ac.uk/resources/metadata-standards/abcd-access-biological-collection-data</r3d:metadataStandardURL>
    </r3d:metadataStandard>
    <r3d:syndication syndicationType="RSS">http://www.nrcan.gc.ca/xml/geogratis.xml</r3d:syndication>
    <r3d:remarks>All GeoBase products are available on GeoGratis. GeoGratis API:
http://geogratis.gc.ca/api/en/nrcan-rncan/ess-sst/$categories?scheme=urn:iso:series</r3d:remarks>
    <r3d:entryDate>2012-10-05</r3d:entryDate>
    <r3d:lastUpdate>2017-03-09</r3d:lastUpdate>
  </r3d:repository>
</r3d:re3data>