<?xml version="1.0" encoding="utf-8"?>
<!--re3data.org Schema for the Description of Research Data Repositories. Version 2.2, December 2014. doi:10.2312/re3.006-->
<r3d:re3data xmlns:r3d="http://www.re3data.org/schema/2-2" xmlns:xsi="http://www.w3.org/2001/XMLSchema-instance" xsi:schemaLocation="http://www.re3data.org/schema/2-2 http://schema.re3data.org/2-2/re3dataV2-2.xsd">
  <r3d:repository>
    <r3d:re3data.orgIdentifier>r3d100010517</r3d:re3data.orgIdentifier>
    <r3d:repositoryName language="eng">U.S. GLOBal Ocean ECosystems Dynamics</r3d:repositoryName>
    <r3d:additionalName language="eng">U.S. Globec</r3d:additionalName>
    <r3d:repositoryURL>http://www.usglobec.org/</r3d:repositoryURL>
    <r3d:description language="eng">Global Ocean Ecosystem Dynamics (GLOBEC) is the International Geosphere-Biosphere Programme (IGBP) core project responsible for understanding how global change will affect the abundance, diversity and productivity of marine populations. The programme was initiated by SCOR and the IOC of UNESCO in 1991, to understand how global change will affect the abundance, diversity and productivity of marine populations comprising a major component of oceanic ecosystems.
The aim of GLOBEC is to advance our understanding of the structure and functioning of the global ocean ecosystem, its major subsystems, and its response to physical forcing so that a capability can be developed to forecast the responses of the marine ecosystem to global change. 
U.S. GLOBEC Programm includes the Georges Bank / NW Atlantic Programm, the Northeast Pacific Programm and the Southern Ocean Program.</r3d:description>
    <r3d:repositoryContact>robertson@marine.rutgers.edu</r3d:repositoryContact>
    <r3d:type>disciplinary</r3d:type>
    <r3d:size updated=""></r3d:size>
    <r3d:startDate>1991</r3d:startDate>
    <r3d:endDate></r3d:endDate>
    <r3d:repositoryLanguage>eng</r3d:repositoryLanguage>
    <r3d:subject subjectScheme="DFG">313 Atmospheric Science and Oceanography</r3d:subject>
    <r3d:subject subjectScheme="DFG">34 Geosciences (including Geography)</r3d:subject>
    <r3d:subject subjectScheme="DFG">3 Natural Sciences</r3d:subject>
    <r3d:missionStatementURL>http://www.usglobec.org/data.php</r3d:missionStatementURL>
    <r3d:contentType contentTypeScheme="parse">Standard office documents</r3d:contentType>
    <r3d:contentType contentTypeScheme="parse">Structured graphics</r3d:contentType>
    <r3d:contentType contentTypeScheme="parse">Images</r3d:contentType>
    <r3d:contentType contentTypeScheme="parse">Scientific and statistical data formats</r3d:contentType>
    <r3d:contentType contentTypeScheme="parse">Raw data</r3d:contentType>
    <r3d:contentType contentTypeScheme="parse">Plain text</r3d:contentType>
    <r3d:providerType>dataProvider</r3d:providerType>
    <r3d:providerType>serviceProvider</r3d:providerType>
    <r3d:keyword>zooplankton</r3d:keyword>
    <r3d:keyword>hydrography</r3d:keyword>
    <r3d:keyword>meteorology</r3d:keyword>
    <r3d:keyword>chlorophyll</r3d:keyword>
    <r3d:keyword>organism</r3d:keyword>
    <r3d:keyword>nutrient</r3d:keyword>
    <r3d:keyword>birds</r3d:keyword>
    <r3d:keyword>cetaceans</r3d:keyword>
    <r3d:keyword>oceanography</r3d:keyword>
    <r3d:keyword>fishery</r3d:keyword>
    <r3d:keyword>physics</r3d:keyword>
    <r3d:keyword>biology</r3d:keyword>
    <r3d:keyword>chemics</r3d:keyword>
    <r3d:keyword>sea surface</r3d:keyword>
    <r3d:institution>
        <r3d:institutionName language="eng">Biological and Chemical Oceanography Data Management Office</r3d:institutionName>
        <r3d:institutionAdditionalName language="eng">BCO-DMO</r3d:institutionAdditionalName>
        <r3d:institutionCountry>USA</r3d:institutionCountry>
        <r3d:responsibilityType>general</r3d:responsibilityType>
        <r3d:institutionType>non-profit</r3d:institutionType>
        <r3d:institutionURL>http://www.bco-dmo.org/</r3d:institutionURL>
        <r3d:responsibilityStartDate></r3d:responsibilityStartDate>
        <r3d:responsibilityEndDate></r3d:responsibilityEndDate>
        <r3d:institutionContact>info@bco-dmo.org</r3d:institutionContact>
    </r3d:institution>
    <r3d:institution>
        <r3d:institutionName language="eng">Center for Sponsored Coastal Ocean Research</r3d:institutionName>
        <r3d:institutionAdditionalName language="eng">NCCOS</r3d:institutionAdditionalName>
        <r3d:institutionCountry>USA</r3d:institutionCountry>
        <r3d:responsibilityType>funding</r3d:responsibilityType>
        <r3d:institutionType>non-profit</r3d:institutionType>
        <r3d:institutionURL>https://coastalscience.noaa.gov/projects/detail?key=254</r3d:institutionURL>
        <r3d:responsibilityStartDate>1996</r3d:responsibilityStartDate>
        <r3d:responsibilityEndDate>2008</r3d:responsibilityEndDate>
        <r3d:institutionContact>elizabeth.turner@noaa.gov</r3d:institutionContact>
        <r3d:institutionContact>https://coastalscience.noaa.gov/contact/</r3d:institutionContact>
    </r3d:institution>
    <r3d:institution>
        <r3d:institutionName language="eng">National Science Foundation</r3d:institutionName>
        <r3d:institutionAdditionalName language="eng">NSF</r3d:institutionAdditionalName>
        <r3d:institutionCountry>USA</r3d:institutionCountry>
        <r3d:responsibilityType>funding</r3d:responsibilityType>
        <r3d:institutionType>non-profit</r3d:institutionType>
        <r3d:institutionURL>https://www.nsf.gov/</r3d:institutionURL>
        <r3d:responsibilityStartDate></r3d:responsibilityStartDate>
        <r3d:responsibilityEndDate></r3d:responsibilityEndDate>
        <r3d:institutionContact>https://www.nsf.gov/help/contact.jsp</r3d:institutionContact>
    </r3d:institution>
    <r3d:institution>
        <r3d:institutionName language="eng">National Oceanic and Atmospheric Administration</r3d:institutionName>
        <r3d:institutionAdditionalName language="eng">NOAA</r3d:institutionAdditionalName>
        <r3d:institutionCountry>USA</r3d:institutionCountry>
        <r3d:responsibilityType>funding</r3d:responsibilityType>
        <r3d:institutionType>non-profit</r3d:institutionType>
        <r3d:institutionURL>http://www.noaa.gov/</r3d:institutionURL>
        <r3d:responsibilityStartDate></r3d:responsibilityStartDate>
        <r3d:responsibilityEndDate></r3d:responsibilityEndDate>
        <r3d:institutionContact>webmaster@noaa.gov</r3d:institutionContact>
    </r3d:institution>
    <r3d:institution>
        <r3d:institutionName language="eng">NOAAFishers</r3d:institutionName>
        <r3d:institutionAdditionalName language="eng">NMFS</r3d:institutionAdditionalName>
        <r3d:institutionAdditionalName language="eng">National Coceanic and Atmospheric Adminstration</r3d:institutionAdditionalName>
        <r3d:institutionCountry>USA</r3d:institutionCountry>
        <r3d:responsibilityType>funding</r3d:responsibilityType>
        <r3d:institutionType>non-profit</r3d:institutionType>
        <r3d:institutionURL>http://www.nmfs.noaa.gov/</r3d:institutionURL>
        <r3d:responsibilityStartDate></r3d:responsibilityStartDate>
        <r3d:responsibilityEndDate></r3d:responsibilityEndDate>
    </r3d:institution>
    <r3d:institution>
        <r3d:institutionName language="eng">Tetherless World Constellation</r3d:institutionName>
        <r3d:institutionAdditionalName language="eng">TWC</r3d:institutionAdditionalName>
        <r3d:institutionCountry>USA</r3d:institutionCountry>
        <r3d:responsibilityType>sponsoring</r3d:responsibilityType>
        <r3d:institutionType>commercial</r3d:institutionType>
        <r3d:institutionURL>https://tw.rpi.edu/</r3d:institutionURL>
        <r3d:responsibilityStartDate></r3d:responsibilityStartDate>
        <r3d:responsibilityEndDate></r3d:responsibilityEndDate>
        <r3d:institutionContact>https://tw.rpi.edu//web/Contact</r3d:institutionContact>
    </r3d:institution>
    <r3d:policy>
        <r3d:policyName>Data Policy</r3d:policyName>
        <r3d:policyURL>http://www.usglobec.org/reports/datapol/datapol.contents.html</r3d:policyURL>
    </r3d:policy>
    <r3d:databaseAccess>
        <r3d:databaseAccessType>open</r3d:databaseAccessType>
    </r3d:databaseAccess>
    <r3d:dataAccess>
    <r3d:dataAccessType>open</r3d:dataAccessType>
    </r3d:dataAccess>
    <r3d:dataLicense>
        <r3d:dataLicenseName>other</r3d:dataLicenseName>
        <r3d:dataLicenseURL>http://www.usglobec.org/data.php</r3d:dataLicenseURL>
    </r3d:dataLicense>
    <r3d:dataLicense>
        <r3d:dataLicenseName>other</r3d:dataLicenseName>
        <r3d:dataLicenseURL>http://globec.whoi.edu/globec-dir/data-acknowledgement-policy.html</r3d:dataLicenseURL>
    </r3d:dataLicense>
    <r3d:dataUpload>
        <r3d:dataUploadType>restricted</r3d:dataUploadType>
        <r3d:dataUploadRestriction>registration</r3d:dataUploadRestriction>
    </r3d:dataUpload>
    <r3d:dataUploadLicense>
        <r3d:dataUploadLicenseName>Data Serving Guidlines</r3d:dataUploadLicenseName>
        <r3d:dataUploadLicenseURL>http://www.usglobec.org/data.php</r3d:dataUploadLicenseURL>
    </r3d:dataUploadLicense>
    <r3d:software>
        <r3d:softwareName>unknown</r3d:softwareName>
    </r3d:software>
    <r3d:versioning></r3d:versioning>
    <r3d:api apiType="FTP">ftp://globec.whoi.edu/pub/software/JGOFS_GLOBEC/</r3d:api>
    <r3d:pidSystem>none</r3d:pidSystem>
    <r3d:citationGuidelineURL>http://globec.whoi.edu/globec-dir/citation_examples.html</r3d:citationGuidelineURL>
    <r3d:enhancedPublication>unknown</r3d:enhancedPublication>
    <r3d:qualityManagement>yes</r3d:qualityManagement>
    <r3d:remarks></r3d:remarks>
    <r3d:entryDate>2013-10-21</r3d:entryDate>
    <r3d:lastUpdate>2017-06-14</r3d:lastUpdate>
  </r3d:repository>
</r3d:re3data>