<?xml version="1.0" encoding="utf-8"?>
<!--re3data.org Schema for the Description of Research Data Repositories. Version 2.2, December 2014. doi:10.2312/re3.006-->
<r3d:re3data xmlns:r3d="http://www.re3data.org/schema/2-2" xmlns:xsi="http://www.w3.org/2001/XMLSchema-instance" xsi:schemaLocation="http://www.re3data.org/schema/2-2 http://schema.re3data.org/2-2/re3dataV2-2.xsd">
  <r3d:repository>
    <r3d:re3data.orgIdentifier>r3d100000016</r3d:re3data.orgIdentifier>
    <r3d:repositoryName language="eng">The Canadian Astronomy Data Centre</r3d:repositoryName>
    <r3d:additionalName language="fra">Centre Candadien de données astronomiques</r3d:additionalName>
    <r3d:additionalName language="eng">CADC</r3d:additionalName>
    <r3d:additionalName language="fra">CCDA</r3d:additionalName>
    <r3d:repositoryURL>http://www3.cadc-ccda.hia-iha.nrc-cnrc.gc.ca/en/</r3d:repositoryURL>
    <r3d:description language="eng">The Canadian Astronomy Data Centre (CADC) was established in 1986 by the National Research Council of Canada (NRC), through a grant provided by the Canadian Space Agency (CSA), as one of three world-wide distribution centres for astronomical data obtained with the Hubble Space Telescope (HST).
Located at NRC Herzberg in Victoria, BC, the CADC staff consists of professional astronomers and software developers who have developed an abundance of other sophisticated tools to support and enhance the research efforts of Canadian (and international) astronomers. The CADC specializes in data mining, data processing, data distribution and data transferring of very large astronomical datasets.
In 2012, the Canadian Astronomy Data Centre (CADC) delivered over 1.6 million individual files, comprising over 117TB of data and served data to roughly 2000 professional astronomers.</r3d:description>
    <r3d:repositoryContact>cadc@nrc.gc.ca</r3d:repositoryContact>
    <r3d:type>disciplinary</r3d:type>
    <r3d:size updated=""></r3d:size>
    <r3d:startDate>1986</r3d:startDate>
    <r3d:endDate></r3d:endDate>
    <r3d:repositoryLanguage>eng</r3d:repositoryLanguage>
    <r3d:repositoryLanguage>fra</r3d:repositoryLanguage>
    <r3d:subject subjectScheme="DFG">311 Astrophysics and Astronomy</r3d:subject>
    <r3d:subject subjectScheme="DFG">32 Physics</r3d:subject>
    <r3d:subject subjectScheme="DFG">3 Natural Sciences</r3d:subject>
    <r3d:missionStatementURL>http://www3.cadc-ccda.hia-iha.nrc-cnrc.gc.ca/en/about.html#mandate</r3d:missionStatementURL>
    <r3d:contentType contentTypeScheme="parse">Standard office documents</r3d:contentType>
    <r3d:contentType contentTypeScheme="parse">Databases</r3d:contentType>
    <r3d:contentType contentTypeScheme="parse">Scientific and statistical data formats</r3d:contentType>
    <r3d:contentType contentTypeScheme="parse">Raw data</r3d:contentType>
    <r3d:contentType contentTypeScheme="parse">Software applications</r3d:contentType>
    <r3d:providerType>serviceProvider</r3d:providerType>
    <r3d:keyword>Hubble</r3d:keyword>
    <r3d:keyword>Gemini</r3d:keyword>
    <r3d:keyword>CFHT</r3d:keyword>
    <r3d:keyword>DAO</r3d:keyword>
    <r3d:keyword>CGPS</r3d:keyword>
    <r3d:keyword>FUSE</r3d:keyword>
    <r3d:keyword>HST</r3d:keyword>
    <r3d:keyword>JCMT</r3d:keyword>
    <r3d:keyword>MACHO</r3d:keyword>
    <r3d:keyword>MOST</r3d:keyword>
    <r3d:institution>
        <r3d:institutionName language="eng">National Research Council Canada</r3d:institutionName>
        <r3d:institutionAdditionalName language="fra">Conseil national de recherches Canada</r3d:institutionAdditionalName>
        <r3d:institutionCountry>CAN</r3d:institutionCountry>
        <r3d:responsibilityType>general</r3d:responsibilityType>
        <r3d:institutionType>non-profit</r3d:institutionType>
        <r3d:institutionURL>http://www.nrc-cnrc.gc.ca/index.html</r3d:institutionURL>
        <r3d:responsibilityStartDate></r3d:responsibilityStartDate>
        <r3d:responsibilityEndDate></r3d:responsibilityEndDate>
        <r3d:institutionContact>cadc@hia.nrc.ca</r3d:institutionContact>
        <r3d:institutionContact>cadc@nrc.gc.ca</r3d:institutionContact>
    </r3d:institution>
    <r3d:institution>
        <r3d:institutionName language="eng">Canadian Space Agency</r3d:institutionName>
        <r3d:institutionAdditionalName language="fra">Agence spatiale canadienne</r3d:institutionAdditionalName>
        <r3d:institutionCountry>CAN</r3d:institutionCountry>
        <r3d:responsibilityType>funding</r3d:responsibilityType>
        <r3d:institutionType>non-profit</r3d:institutionType>
        <r3d:institutionURL>http://www.asc-csa.gc.ca/eng/</r3d:institutionURL>
        <r3d:responsibilityStartDate></r3d:responsibilityStartDate>
        <r3d:responsibilityEndDate></r3d:responsibilityEndDate>
    </r3d:institution>
    <r3d:policy>
        <r3d:policyName>ICSU World Data System Constitution</r3d:policyName>
        <r3d:policyURL>http://www.icsu-wds.org/organization/constitution_and_bylaws</r3d:policyURL>
    </r3d:policy>
    <r3d:policy>
        <r3d:policyName>Certification of WDS Members</r3d:policyName>
        <r3d:policyURL>http://www.icsu-wds.org/services/certification</r3d:policyURL>
    </r3d:policy>
    <r3d:policy>
        <r3d:policyName>Terms and Conditions</r3d:policyName>
        <r3d:policyURL>http://www.nrc-cnrc.gc.ca/eng/notices/index.html</r3d:policyURL>
    </r3d:policy>
    <r3d:databaseAccess>
        <r3d:databaseAccessType>open</r3d:databaseAccessType>
    </r3d:databaseAccess>
    <r3d:dataAccess>
    <r3d:dataAccessType>open</r3d:dataAccessType>
    </r3d:dataAccess>
    <r3d:dataAccess>
    <r3d:dataAccessType>restricted</r3d:dataAccessType>
    <r3d:dataAccessRestriction>registration</r3d:dataAccessRestriction>
    </r3d:dataAccess>
    <r3d:dataLicense>
        <r3d:dataLicenseName>Copyrights</r3d:dataLicenseName>
        <r3d:dataLicenseURL>http://www.nrc-cnrc.gc.ca/eng/notices/index.html#copy_perm</r3d:dataLicenseURL>
    </r3d:dataLicense>
    <r3d:dataUpload>
        <r3d:dataUploadType>restricted</r3d:dataUploadType>
        <r3d:dataUploadRestriction>registration</r3d:dataUploadRestriction>
    </r3d:dataUpload>
    <r3d:software>
        <r3d:softwareName>unknown</r3d:softwareName>
    </r3d:software>
    <r3d:versioning></r3d:versioning>
    <r3d:api apiType="other">https://code.google.com/p/opencadc/source/browse/projects/cadcTAP/test/resources/AllTypes.xml?spec=svne32cb279ed9d32acd05c34cd93efaa2424b39602&amp;r=51d5822e664a46fec488edc51ba75c0b8bb80ce6</r3d:api>
    <r3d:pidSystem>none</r3d:pidSystem>
    <r3d:citationGuidelineURL>http://www1.cadc-ccda.hia-iha.nrc-cnrc.gc.ca/en/about.html#acknowledgements</r3d:citationGuidelineURL>
    <r3d:enhancedPublication>unknown</r3d:enhancedPublication>
    <r3d:qualityManagement>unknown</r3d:qualityManagement>
    <r3d:certificate>WDS</r3d:certificate>
    <r3d:remarks>The Canadian Astronomy Data Centre is aiming for regular ICSU-WDS membership . The Letter of Agreement (LoA) is Pending (21.04.2017)</r3d:remarks>
    <r3d:entryDate>2012-08-06</r3d:entryDate>
    <r3d:lastUpdate>2017-08-23</r3d:lastUpdate>
  </r3d:repository>
</r3d:re3data>