<?xml version="1.0" encoding="utf-8"?>
<!--re3data.org Schema for the Description of Research Data Repositories. Version 2.2, December 2014. doi:10.2312/re3.006-->
<r3d:re3data xmlns:r3d="http://www.re3data.org/schema/2-2" xmlns:xsi="http://www.w3.org/2001/XMLSchema-instance" xsi:schemaLocation="http://www.re3data.org/schema/2-2 http://schema.re3data.org/2-2/re3dataV2-2.xsd">
  <r3d:repository>
    <r3d:re3data.orgIdentifier>r3d100000032</r3d:re3data.orgIdentifier>
    <r3d:repositoryName language="eng">Communication Portal for Accessing Social Statistics</r3d:repositoryName>
    <r3d:additionalName language="eng">COMPASS</r3d:additionalName>
    <r3d:repositoryURL>http://forscenter.ch/en/data-and-research-information-services/2221-2/public-statistics/</r3d:repositoryURL>
    <r3d:description language="eng">COMPASS serves the scientific community with the intention of promoting data from public statistics, by: facilitating access to micro-data, which covers themes such as economics, education, mobility, and health; offering support in terms of choice and use of the data sets; generating public use samples, which are accessible without contract; preparing and disseminating data documentation following an international standard.</r3d:description>
    <r3d:repositoryContact>compass@fors.unil.ch</r3d:repositoryContact>
    <r3d:type>disciplinary</r3d:type>
    <r3d:type>institutional</r3d:type>
    <r3d:size updated=""></r3d:size>
    <r3d:startDate>2010</r3d:startDate>
    <r3d:endDate></r3d:endDate>
    <r3d:repositoryLanguage>eng</r3d:repositoryLanguage>
    <r3d:repositoryLanguage>deu</r3d:repositoryLanguage>
    <r3d:repositoryLanguage>fra</r3d:repositoryLanguage>
    <r3d:subject subjectScheme="DFG">111 Social Sciences</r3d:subject>
    <r3d:subject subjectScheme="DFG">112 Economics</r3d:subject>
    <r3d:subject subjectScheme="DFG">12 Social and Behavioural Sciences</r3d:subject>
    <r3d:subject subjectScheme="DFG">1 Humanities and Social Sciences</r3d:subject>
    <r3d:missionStatementURL></r3d:missionStatementURL>
    <r3d:contentType contentTypeScheme="parse">Scientific and statistical data formats</r3d:contentType>
    <r3d:providerType>dataProvider</r3d:providerType>
    <r3d:keyword>public statistics</r3d:keyword>
    <r3d:institution>
        <r3d:institutionName language="eng">FORS</r3d:institutionName>
        <r3d:institutionAdditionalName language="eng">Swiss Foundation for Research in Social Sciences</r3d:institutionAdditionalName>
        <r3d:institutionCountry>CHE</r3d:institutionCountry>
        <r3d:responsibilityType>general</r3d:responsibilityType>
        <r3d:responsibilityType>technical</r3d:responsibilityType>
        <r3d:institutionType>non-profit</r3d:institutionType>
        <r3d:institutionURL>http://forscenter.ch/en/</r3d:institutionURL>
        <r3d:responsibilityStartDate></r3d:responsibilityStartDate>
        <r3d:responsibilityEndDate></r3d:responsibilityEndDate>
        <r3d:institutionContact>http://forscenter.ch/en/contact/</r3d:institutionContact>
    </r3d:institution>
    <r3d:institution>
        <r3d:institutionName language="fra">Université de Lausanne</r3d:institutionName>
        <r3d:institutionAdditionalName language="deu">Universität Lausanne</r3d:institutionAdditionalName>
        <r3d:institutionAdditionalName language="fra">UNIL</r3d:institutionAdditionalName>
        <r3d:institutionCountry>CHE</r3d:institutionCountry>
        <r3d:responsibilityType>funding</r3d:responsibilityType>
        <r3d:institutionType>non-profit</r3d:institutionType>
        <r3d:institutionURL>http://www.unil.ch/central/en/home.html</r3d:institutionURL>
        <r3d:responsibilityStartDate></r3d:responsibilityStartDate>
        <r3d:responsibilityEndDate></r3d:responsibilityEndDate>
    </r3d:institution>
    <r3d:institution>
        <r3d:institutionName language="eng">Swiss Academy of Humanities and Social Sciences</r3d:institutionName>
        <r3d:institutionAdditionalName language="deu">SAGW</r3d:institutionAdditionalName>
        <r3d:institutionAdditionalName language="deu">Schweizerische Akademie der Geistes- und Sozialwissenschaften</r3d:institutionAdditionalName>
        <r3d:institutionAdditionalName language="fra">Académie suisse des sciences humaines et sociales</r3d:institutionAdditionalName>
        <r3d:institutionAdditionalName language="ita">Accademia svizzera di scienze umane e sociali</r3d:institutionAdditionalName>
        <r3d:institutionCountry>CHE</r3d:institutionCountry>
        <r3d:responsibilityType>funding</r3d:responsibilityType>
        <r3d:institutionType>non-profit</r3d:institutionType>
        <r3d:institutionURL>http://www.sagw.ch/sagw.html</r3d:institutionURL>
        <r3d:responsibilityStartDate></r3d:responsibilityStartDate>
        <r3d:responsibilityEndDate></r3d:responsibilityEndDate>
    </r3d:institution>
    <r3d:institution>
        <r3d:institutionName language="eng">Council of European Social Science Data Archives</r3d:institutionName>
        <r3d:institutionAdditionalName language="eng">cessda</r3d:institutionAdditionalName>
        <r3d:institutionCountry>SWE</r3d:institutionCountry>
        <r3d:responsibilityType>general</r3d:responsibilityType>
        <r3d:institutionType>non-profit</r3d:institutionType>
        <r3d:institutionURL>https://www.cessda.eu/</r3d:institutionURL>
        <r3d:responsibilityStartDate></r3d:responsibilityStartDate>
        <r3d:responsibilityEndDate></r3d:responsibilityEndDate>
    </r3d:institution>
    <r3d:policy>
        <r3d:policyName>CESSDA Data Access Policy</r3d:policyName>
        <r3d:policyURL>https://www.cessda.eu/eng/Projects/All-projects/CESSDA-SaW/WP3/CESSDA-CDM/Part-2-CRA2-Digital-Object-Management/CPA2.3-Access</r3d:policyURL>
    </r3d:policy>
    <r3d:databaseAccess>
        <r3d:databaseAccessType>open</r3d:databaseAccessType>
    </r3d:databaseAccess>
    <r3d:dataAccess>
    <r3d:dataAccessType>open</r3d:dataAccessType>
    </r3d:dataAccess>
    <r3d:dataAccess>
    <r3d:dataAccessType>restricted</r3d:dataAccessType>
    <r3d:dataAccessRestriction>feeRequired</r3d:dataAccessRestriction>
    </r3d:dataAccess>
    <r3d:dataLicense>
        <r3d:dataLicenseName>other</r3d:dataLicenseName>
        <r3d:dataLicenseURL>http://forscenter.ch/en/data-and-research-information-services/2221-2/obtain-data/</r3d:dataLicenseURL>
    </r3d:dataLicense>
    <r3d:dataUpload>
        <r3d:dataUploadType>closed</r3d:dataUploadType>
    </r3d:dataUpload>
    <r3d:software>
        <r3d:softwareName>other</r3d:softwareName>
    </r3d:software>
    <r3d:versioning>no</r3d:versioning>
    <r3d:pidSystem>none</r3d:pidSystem>
    <r3d:citationGuidelineURL></r3d:citationGuidelineURL>
    <r3d:enhancedPublication>unknown</r3d:enhancedPublication>
    <r3d:qualityManagement>unknown</r3d:qualityManagement>
    <r3d:remarks>see also: http://fors-getdata.unil.ch/webview/ and https://forsbase.unil.ch/project/study-public-list/</r3d:remarks>
    <r3d:entryDate>2012-10-20</r3d:entryDate>
    <r3d:lastUpdate>2017-11-08</r3d:lastUpdate>
  </r3d:repository>
</r3d:re3data>