<?xml version="1.0" encoding="utf-8"?>
<!--re3data.org Schema for the Description of Research Data Repositories. Version 2.2, December 2014. doi:10.2312/re3.006-->
<r3d:re3data xmlns:r3d="http://www.re3data.org/schema/2-2" xmlns:xsi="http://www.w3.org/2001/XMLSchema-instance" xsi:schemaLocation="http://www.re3data.org/schema/2-2 http://schema.re3data.org/2-2/re3dataV2-2.xsd">
  <r3d:repository>
    <r3d:re3data.orgIdentifier>r3d100010186</r3d:re3data.orgIdentifier>
    <r3d:repositoryName language="eng">ARM Data Archive</r3d:repositoryName>
    <r3d:additionalName language="eng">Atmospheric Radiation Measurement Climate Research Facility Data Archive</r3d:additionalName>
    <r3d:repositoryURL>http://www.archive.arm.gov/armlogin/login.jsp</r3d:repositoryURL>
    <r3d:description language="eng">The ARM Climate Research Facility Data Archive provides long-term storage and access for all data generated by ARM or collected by ARM from related program (e.g., external data such as NASA satellite. ARM program has generated billions of measurements of radiation, radiative transfer, meteorology, clouds, etc.  data).</r3d:description>
    <r3d:repositoryContact>armarchive@ornl.gov</r3d:repositoryContact>
    <r3d:repositoryContact>https://www.arm.gov/connect-with-arm/organization</r3d:repositoryContact>
    <r3d:type>disciplinary</r3d:type>
    <r3d:type>institutional</r3d:type>
    <r3d:size updated=""></r3d:size>
    <r3d:startDate>1993</r3d:startDate>
    <r3d:endDate></r3d:endDate>
    <r3d:repositoryLanguage>eng</r3d:repositoryLanguage>
    <r3d:subject subjectScheme="DFG">313 Atmospheric Science and Oceanography</r3d:subject>
    <r3d:subject subjectScheme="DFG">315 Geophysics and Geodesy</r3d:subject>
    <r3d:subject subjectScheme="DFG">316 Geochemistry, Mineralogy and Crystallography</r3d:subject>
    <r3d:subject subjectScheme="DFG">34 Geosciences (including Geography)</r3d:subject>
    <r3d:subject subjectScheme="DFG">3 Natural Sciences</r3d:subject>
    <r3d:missionStatementURL>https://www.arm.gov/data</r3d:missionStatementURL>
    <r3d:contentType contentTypeScheme="parse">Scientific and statistical data formats</r3d:contentType>
    <r3d:contentType contentTypeScheme="parse">Raw data</r3d:contentType>
    <r3d:contentType contentTypeScheme="parse">Images</r3d:contentType>
    <r3d:contentType contentTypeScheme="parse">Audiovisual data</r3d:contentType>
    <r3d:contentType contentTypeScheme="parse">Structured graphics</r3d:contentType>
    <r3d:contentType contentTypeScheme="parse">Structured text</r3d:contentType>
    <r3d:contentType contentTypeScheme="parse">Standard office documents</r3d:contentType>
    <r3d:contentType contentTypeScheme="parse">Plain text</r3d:contentType>
    <r3d:providerType>dataProvider</r3d:providerType>
    <r3d:providerType>serviceProvider</r3d:providerType>
    <r3d:keyword>aerosol life cycle</r3d:keyword>
    <r3d:keyword>global climate</r3d:keyword>
    <r3d:keyword>cloud life cycle</r3d:keyword>
    <r3d:keyword>radiative processes</r3d:keyword>
    <r3d:keyword>snow</r3d:keyword>
    <r3d:keyword>ice</r3d:keyword>
    <r3d:keyword>polar year</r3d:keyword>
    <r3d:keyword>climate</r3d:keyword>
    <r3d:keyword>meteorology</r3d:keyword>
    <r3d:institution>
        <r3d:institutionName language="eng">Atmospheric Radiation Measurement Climate Research Facility</r3d:institutionName>
        <r3d:institutionAdditionalName language="eng">ARM</r3d:institutionAdditionalName>
        <r3d:institutionCountry>USA</r3d:institutionCountry>
        <r3d:responsibilityType>general</r3d:responsibilityType>
        <r3d:responsibilityType>technical</r3d:responsibilityType>
        <r3d:institutionType>non-profit</r3d:institutionType>
        <r3d:institutionURL>http://www.arm.gov/</r3d:institutionURL>
        <r3d:responsibilityStartDate>1993</r3d:responsibilityStartDate>
        <r3d:responsibilityEndDate></r3d:responsibilityEndDate>
    </r3d:institution>
    <r3d:institution>
        <r3d:institutionName language="eng">U.S. Department of Energy, Office of Science</r3d:institutionName>
        <r3d:institutionAdditionalName language="eng">DOE</r3d:institutionAdditionalName>
        <r3d:institutionCountry>USA</r3d:institutionCountry>
        <r3d:responsibilityType>funding</r3d:responsibilityType>
        <r3d:institutionType>non-profit</r3d:institutionType>
        <r3d:institutionURL>http://science.energy.gov/</r3d:institutionURL>
        <r3d:responsibilityStartDate>1993</r3d:responsibilityStartDate>
        <r3d:responsibilityEndDate></r3d:responsibilityEndDate>
    </r3d:institution>
    <r3d:institution>
        <r3d:institutionName language="eng">Lawrence Berkeley National Laboratory</r3d:institutionName>
        <r3d:institutionAdditionalName language="eng">LBL</r3d:institutionAdditionalName>
        <r3d:institutionCountry>USA</r3d:institutionCountry>
        <r3d:responsibilityType>funding</r3d:responsibilityType>
        <r3d:institutionType>non-profit</r3d:institutionType>
        <r3d:institutionURL>http://www.lbl.gov/</r3d:institutionURL>
        <r3d:responsibilityStartDate>1993</r3d:responsibilityStartDate>
        <r3d:responsibilityEndDate></r3d:responsibilityEndDate>
    </r3d:institution>
    <r3d:institution>
        <r3d:institutionName language="eng">Lawrence Livermore National Laboratory</r3d:institutionName>
        <r3d:institutionAdditionalName language="eng">LLNL</r3d:institutionAdditionalName>
        <r3d:institutionCountry>USA</r3d:institutionCountry>
        <r3d:responsibilityType>funding</r3d:responsibilityType>
        <r3d:institutionType>non-profit</r3d:institutionType>
        <r3d:institutionURL>https://www.llnl.gov/</r3d:institutionURL>
        <r3d:responsibilityStartDate>1993</r3d:responsibilityStartDate>
        <r3d:responsibilityEndDate></r3d:responsibilityEndDate>
    </r3d:institution>
    <r3d:institution>
        <r3d:institutionName language="eng">National Renewable Energy  Laboratory</r3d:institutionName>
        <r3d:institutionAdditionalName language="eng">NREL</r3d:institutionAdditionalName>
        <r3d:institutionCountry>USA</r3d:institutionCountry>
        <r3d:responsibilityType>funding</r3d:responsibilityType>
        <r3d:institutionType>non-profit</r3d:institutionType>
        <r3d:institutionURL>http://www.nrel.gov/</r3d:institutionURL>
        <r3d:responsibilityStartDate>1993</r3d:responsibilityStartDate>
        <r3d:responsibilityEndDate></r3d:responsibilityEndDate>
    </r3d:institution>
    <r3d:institution>
        <r3d:institutionName language="eng">Oak Ridge National Laboratory</r3d:institutionName>
        <r3d:institutionAdditionalName language="eng">ORNL</r3d:institutionAdditionalName>
        <r3d:institutionCountry>USA</r3d:institutionCountry>
        <r3d:responsibilityType>funding</r3d:responsibilityType>
        <r3d:institutionType>non-profit</r3d:institutionType>
        <r3d:institutionURL>http://www.ornl.gov/</r3d:institutionURL>
        <r3d:responsibilityStartDate>1993</r3d:responsibilityStartDate>
        <r3d:responsibilityEndDate></r3d:responsibilityEndDate>
    </r3d:institution>
    <r3d:institution>
        <r3d:institutionName language="eng">Sandia National Laboratories</r3d:institutionName>
        <r3d:institutionAdditionalName language="eng">Sandia</r3d:institutionAdditionalName>
        <r3d:institutionCountry>USA</r3d:institutionCountry>
        <r3d:responsibilityType>funding</r3d:responsibilityType>
        <r3d:institutionType>non-profit</r3d:institutionType>
        <r3d:institutionURL>http://www.sandia.gov/</r3d:institutionURL>
        <r3d:responsibilityStartDate>1993</r3d:responsibilityStartDate>
        <r3d:responsibilityEndDate></r3d:responsibilityEndDate>
    </r3d:institution>
    <r3d:institution>
        <r3d:institutionName language="eng">Argonne National Laboratory</r3d:institutionName>
        <r3d:institutionAdditionalName language="eng">ANL</r3d:institutionAdditionalName>
        <r3d:institutionCountry>USA</r3d:institutionCountry>
        <r3d:responsibilityType>funding</r3d:responsibilityType>
        <r3d:institutionType>non-profit</r3d:institutionType>
        <r3d:institutionURL>http://www.anl.gov/</r3d:institutionURL>
        <r3d:responsibilityStartDate>1993</r3d:responsibilityStartDate>
        <r3d:responsibilityEndDate></r3d:responsibilityEndDate>
    </r3d:institution>
    <r3d:institution>
        <r3d:institutionName language="eng">Brookhaven National Laboratory</r3d:institutionName>
        <r3d:institutionAdditionalName language="eng">BNL</r3d:institutionAdditionalName>
        <r3d:institutionCountry>USA</r3d:institutionCountry>
        <r3d:responsibilityType>funding</r3d:responsibilityType>
        <r3d:institutionType>non-profit</r3d:institutionType>
        <r3d:institutionURL>http://www.bnl.gov/world/</r3d:institutionURL>
        <r3d:responsibilityStartDate>1993</r3d:responsibilityStartDate>
        <r3d:responsibilityEndDate></r3d:responsibilityEndDate>
    </r3d:institution>
    <r3d:institution>
        <r3d:institutionName language="eng">Los Alamos National Laboratory</r3d:institutionName>
        <r3d:institutionAdditionalName language="eng">LANL</r3d:institutionAdditionalName>
        <r3d:institutionCountry>USA</r3d:institutionCountry>
        <r3d:responsibilityType>funding</r3d:responsibilityType>
        <r3d:institutionType>non-profit</r3d:institutionType>
        <r3d:institutionURL>http://www.lanl.gov/index.php</r3d:institutionURL>
        <r3d:responsibilityStartDate>1993</r3d:responsibilityStartDate>
        <r3d:responsibilityEndDate></r3d:responsibilityEndDate>
    </r3d:institution>
    <r3d:institution>
        <r3d:institutionName language="eng">Pacific Northwest National Laboratory</r3d:institutionName>
        <r3d:institutionAdditionalName language="eng">PNL</r3d:institutionAdditionalName>
        <r3d:institutionCountry>USA</r3d:institutionCountry>
        <r3d:responsibilityType>funding</r3d:responsibilityType>
        <r3d:institutionType>non-profit</r3d:institutionType>
        <r3d:institutionURL>https://www.pnl.gov</r3d:institutionURL>
        <r3d:responsibilityStartDate>1993</r3d:responsibilityStartDate>
        <r3d:responsibilityEndDate></r3d:responsibilityEndDate>
    </r3d:institution>
    <r3d:policy>
        <r3d:policyName>Data Policies</r3d:policyName>
        <r3d:policyURL>https://www.arm.gov/policies/datapolicies</r3d:policyURL>
    </r3d:policy>
    <r3d:policy>
        <r3d:policyName>Data Sharing Policy</r3d:policyName>
        <r3d:policyURL>https://www.arm.gov/policies/datapolicies/datasharingpolicy</r3d:policyURL>
    </r3d:policy>
    <r3d:databaseAccess>
        <r3d:databaseAccessType>open</r3d:databaseAccessType>
    </r3d:databaseAccess>
    <r3d:dataAccess>
    <r3d:dataAccessType>restricted</r3d:dataAccessType>
    <r3d:dataAccessRestriction>registration</r3d:dataAccessRestriction>
    </r3d:dataAccess>
    <r3d:dataLicense>
        <r3d:dataLicenseName>other</r3d:dataLicenseName>
        <r3d:dataLicenseURL>https://www.arm.gov/policies/datapolicies</r3d:dataLicenseURL>
    </r3d:dataLicense>
    <r3d:dataUpload>
        <r3d:dataUploadType>restricted</r3d:dataUploadType>
        <r3d:dataUploadRestriction>registration</r3d:dataUploadRestriction>
    </r3d:dataUpload>
    <r3d:dataUploadLicense>
        <r3d:dataUploadLicenseName>data sharing and distribution policy</r3d:dataUploadLicenseName>
        <r3d:dataUploadLicenseURL>http://www.arm.gov/data/docs/policy</r3d:dataUploadLicenseURL>
    </r3d:dataUploadLicense>
    <r3d:software>
        <r3d:softwareName>unknown</r3d:softwareName>
    </r3d:software>
    <r3d:versioning></r3d:versioning>
    <r3d:api apiType="FTP">ftp://ftp.xdc.arm.gov/</r3d:api>
    <r3d:pidSystem>DOI</r3d:pidSystem>
    <r3d:citationGuidelineURL>https://www.arm.gov/data</r3d:citationGuidelineURL>
    <r3d:enhancedPublication>unknown</r3d:enhancedPublication>
    <r3d:qualityManagement>yes</r3d:qualityManagement>
    <r3d:syndication syndicationType="RSS">https://www.arm.gov/news/facility/post/502</r3d:syndication>
    <r3d:remarks>ARM is covered by Thomson Reuters Data Citation Index. ARM Data Archive is covered by SCOPUS. The Atmospheric Radiation Measurement (ARM) Program was created in 1989 with funding from the U.S. Department of Energy (DOE) to develop several highly instrumented ground stations to study cloud formation processes and their influence on radiative transfer. This scientific infrastructure now includes two mobile facilities, an aerial facility, and data archive available for use by scientists worldwide through the ARM Climate Research Facility—a scientific user facility.</r3d:remarks>
    <r3d:entryDate>2013-01-15</r3d:entryDate>
    <r3d:lastUpdate>2017-08-23</r3d:lastUpdate>
  </r3d:repository>
</r3d:re3data>