<?xml version="1.0" encoding="utf-8"?>
<!--re3data.org Schema for the Description of Research Data Repositories. Version 2.2, December 2014. doi:10.2312/re3.006-->
<r3d:re3data xmlns:r3d="http://www.re3data.org/schema/2-2" xmlns:xsi="http://www.w3.org/2001/XMLSchema-instance" xsi:schemaLocation="http://www.re3data.org/schema/2-2 http://schema.re3data.org/2-2/re3dataV2-2.xsd">
  <r3d:repository>
    <r3d:re3data.orgIdentifier>r3d100010130</r3d:re3data.orgIdentifier>
    <r3d:repositoryName language="eng">Journal of applied econometrics Data Archive</r3d:repositoryName>
    <r3d:additionalName language="eng">JAE Data Archive</r3d:additionalName>
    <r3d:repositoryURL>http://qed.econ.queensu.ca/jae/</r3d:repositoryURL>
    <r3d:description language="eng">The JAE Data Archive, which is hosted by a server belonging to the Economics Department of Queen&#039;s University, contains data for all papers accepted after January, 1994, unless the data are confidential. There are also data for a few papers accepted earlier. Volume 10, No. 1 (1995) is the first issue in which all papers were accepted subject to the proviso that data be provided.
For some papers, especially more recent ones, the Data Archive also contains programs and supplementary material, such as technical appendices and additional graphs.</r3d:description>
    <r3d:type>other</r3d:type>
    <r3d:size updated="2012-12-06">820 datasets</r3d:size>
    <r3d:startDate>1994</r3d:startDate>
    <r3d:endDate></r3d:endDate>
    <r3d:repositoryLanguage>eng</r3d:repositoryLanguage>
    <r3d:subject subjectScheme="DFG">11205 Statistics and Econometrics</r3d:subject>
    <r3d:subject subjectScheme="DFG">11204 Business Administration</r3d:subject>
    <r3d:subject subjectScheme="DFG">112 Economics</r3d:subject>
    <r3d:subject subjectScheme="DFG">12 Social and Behavioural Sciences</r3d:subject>
    <r3d:subject subjectScheme="DFG">1 Humanities and Social Sciences</r3d:subject>
    <r3d:missionStatementURL></r3d:missionStatementURL>
    <r3d:contentType contentTypeScheme="parse">Plain text</r3d:contentType>
    <r3d:contentType contentTypeScheme="parse">Scientific and statistical data formats</r3d:contentType>
    <r3d:contentType contentTypeScheme="parse">Source code</r3d:contentType>
    <r3d:providerType>dataProvider</r3d:providerType>
    <r3d:keyword>macroeconomics</r3d:keyword>
    <r3d:keyword>economics</r3d:keyword>
    <r3d:keyword>mathematical methods</r3d:keyword>
    <r3d:institution>
        <r3d:institutionName language="eng">Queens University, Economics Department</r3d:institutionName>
        <r3d:institutionAdditionalName language="eng">QED</r3d:institutionAdditionalName>
        <r3d:institutionCountry>CAN</r3d:institutionCountry>
        <r3d:responsibilityType>funding</r3d:responsibilityType>
        <r3d:responsibilityType>general</r3d:responsibilityType>
        <r3d:responsibilityType>technical</r3d:responsibilityType>
        <r3d:institutionType>non-profit</r3d:institutionType>
        <r3d:institutionURL>http://www.econ.queensu.ca/</r3d:institutionURL>
        <r3d:responsibilityStartDate>1994</r3d:responsibilityStartDate>
        <r3d:responsibilityEndDate></r3d:responsibilityEndDate>
        <r3d:institutionContact>http://www.econ.queensu.ca/contact</r3d:institutionContact>
        <r3d:institutionContact>jgm@econ.queensu.ca</r3d:institutionContact>
    </r3d:institution>
    <r3d:policy>
        <r3d:policyName>instructions for authors</r3d:policyName>
        <r3d:policyURL>http://qed.econ.queensu.ca/jae/author-instructions.html</r3d:policyURL>
    </r3d:policy>
    <r3d:databaseAccess>
        <r3d:databaseAccessType>open</r3d:databaseAccessType>
    </r3d:databaseAccess>
    <r3d:dataAccess>
    <r3d:dataAccessType>open</r3d:dataAccessType>
    </r3d:dataAccess>
    <r3d:dataLicense>
        <r3d:dataLicenseName>other</r3d:dataLicenseName>
        <r3d:dataLicenseURL>http://qed.econ.queensu.ca/jae/author-instructions.html</r3d:dataLicenseURL>
    </r3d:dataLicense>
    <r3d:dataUpload>
        <r3d:dataUploadType>restricted</r3d:dataUploadType>
        <r3d:dataUploadRestriction>other</r3d:dataUploadRestriction>
    </r3d:dataUpload>
    <r3d:software>
        <r3d:softwareName>unknown</r3d:softwareName>
    </r3d:software>
    <r3d:versioning></r3d:versioning>
    <r3d:api apiType="FTP">http://qed.econ.queensu.ca/jae/author-instructions.html</r3d:api>
    <r3d:pidSystem>none</r3d:pidSystem>
    <r3d:citationGuidelineURL></r3d:citationGuidelineURL>
    <r3d:enhancedPublication>unknown</r3d:enhancedPublication>
    <r3d:qualityManagement>unknown</r3d:qualityManagement>
    <r3d:remarks>More information about the Journal of Applied Econometrics is available at the  Journal&#039;s home page http://onlinelibrary.wiley.com/journal/10.1002/(ISSN)1099-1255</r3d:remarks>
    <r3d:entryDate>2012-12-06</r3d:entryDate>
    <r3d:lastUpdate>2017-01-25</r3d:lastUpdate>
  </r3d:repository>
</r3d:re3data>