<?xml version="1.0" encoding="utf-8"?>
<!--re3data.org Schema for the Description of Research Data Repositories. Version 2.2, December 2014. doi:10.2312/re3.006-->
<r3d:re3data xmlns:r3d="http://www.re3data.org/schema/2-2" xmlns:xsi="http://www.w3.org/2001/XMLSchema-instance" xsi:schemaLocation="http://www.re3data.org/schema/2-2 http://schema.re3data.org/2-2/re3dataV2-2.xsd">
  <r3d:repository>
    <r3d:re3data.orgIdentifier>r3d100010310</r3d:re3data.orgIdentifier>
    <r3d:repositoryName language="eng">World Data Center for Meteorology, Asheville</r3d:repositoryName>
    <r3d:additionalName language="eng">WDC - Meteorology, Asheville</r3d:additionalName>
    <r3d:repositoryURL>http://gosic.org/wdcmet</r3d:repositoryURL>
    <r3d:description language="eng">WDC for Meteorology, Asheville acquires, catalogues, and archives data and makes them available to requesters in the international scientific community. Data are exchanged with counterparts, WDC for Meteorology, Obninsk and WDC for Meteorology, Beijing as necessary to improve access. Special research data sets prepared under international programs such as the IGY, World Climate Program (WCP), Global Atmospheric Research Program (GARP), etc., are archived and made available to the research community. All data and special data sets contributed to the WDC are available to scientific investigators without restriction.</r3d:description>
    <r3d:repositoryContact>https://www.ncdc.noaa.gov/wdcmet/contact</r3d:repositoryContact>
    <r3d:repositoryContact>wdcamet@noaa.gov</r3d:repositoryContact>
    <r3d:type>disciplinary</r3d:type>
    <r3d:size updated=""></r3d:size>
    <r3d:startDate>2010</r3d:startDate>
    <r3d:endDate></r3d:endDate>
    <r3d:repositoryLanguage>eng</r3d:repositoryLanguage>
    <r3d:subject subjectScheme="DFG">313 Atmospheric Science and Oceanography</r3d:subject>
    <r3d:subject subjectScheme="DFG">34 Geosciences (including Geography)</r3d:subject>
    <r3d:subject subjectScheme="DFG">3 Natural Sciences</r3d:subject>
    <r3d:missionStatementURL>https://www.ncdc.noaa.gov/wdc/</r3d:missionStatementURL>
    <r3d:contentType contentTypeScheme="parse">Images</r3d:contentType>
    <r3d:contentType contentTypeScheme="parse">Raw data</r3d:contentType>
    <r3d:contentType contentTypeScheme="parse">Scientific and statistical data formats</r3d:contentType>
    <r3d:providerType>dataProvider</r3d:providerType>
    <r3d:providerType>serviceProvider</r3d:providerType>
    <r3d:keyword>climatology</r3d:keyword>
    <r3d:keyword>weather forecast</r3d:keyword>
    <r3d:keyword>observation</r3d:keyword>
    <r3d:keyword>atmosphere</r3d:keyword>
    <r3d:institution>
        <r3d:institutionName language="eng">NOAA&#039;s Satellite and Information Service</r3d:institutionName>
        <r3d:institutionAdditionalName language="eng">NESDIS</r3d:institutionAdditionalName>
        <r3d:institutionCountry>USA</r3d:institutionCountry>
        <r3d:responsibilityType>general</r3d:responsibilityType>
        <r3d:institutionType>non-profit</r3d:institutionType>
        <r3d:institutionURL>http://www.nesdis.noaa.gov/</r3d:institutionURL>
        <r3d:responsibilityStartDate></r3d:responsibilityStartDate>
        <r3d:responsibilityEndDate></r3d:responsibilityEndDate>
        <r3d:institutionContact>Christina.Lief@noaa.gov ; wdcamet@noaa.gov</r3d:institutionContact>
    </r3d:institution>
    <r3d:institution>
        <r3d:institutionName language="eng">Global Observing Systems Information Center</r3d:institutionName>
        <r3d:institutionAdditionalName language="eng">GOSIC</r3d:institutionAdditionalName>
        <r3d:institutionCountry>USA</r3d:institutionCountry>
        <r3d:responsibilityType>general</r3d:responsibilityType>
        <r3d:institutionType>non-profit</r3d:institutionType>
        <r3d:institutionURL>http://gosic.org/</r3d:institutionURL>
        <r3d:responsibilityStartDate></r3d:responsibilityStartDate>
        <r3d:responsibilityEndDate></r3d:responsibilityEndDate>
        <r3d:institutionContact>https://www.ncdc.noaa.gov/gosic/contact</r3d:institutionContact>
    </r3d:institution>
    <r3d:institution>
        <r3d:institutionName language="eng">NOAA&#039;s National Centers for Environmental Information</r3d:institutionName>
        <r3d:institutionAdditionalName language="eng">National Climate Data Center (formerly)</r3d:institutionAdditionalName>
        <r3d:institutionAdditionalName language="eng">NECI</r3d:institutionAdditionalName>
        <r3d:institutionAdditionalName language="eng">NCDC (formerly)</r3d:institutionAdditionalName>
        <r3d:institutionCountry>USA</r3d:institutionCountry>
        <r3d:responsibilityType>general</r3d:responsibilityType>
        <r3d:responsibilityType>technical</r3d:responsibilityType>
        <r3d:institutionType>non-profit</r3d:institutionType>
        <r3d:institutionURL>https://www.ncdc.noaa.gov/about</r3d:institutionURL>
        <r3d:responsibilityStartDate></r3d:responsibilityStartDate>
        <r3d:responsibilityEndDate></r3d:responsibilityEndDate>
        <r3d:institutionContact>https://www.ncdc.noaa.gov/contact</r3d:institutionContact>
    </r3d:institution>
    <r3d:policy>
        <r3d:policyName>Open Access to Physical Climate Data Policy</r3d:policyName>
        <r3d:policyURL>http://www.ncdc.noaa.gov/oa/about/open-access-climate-data-policy.pdf</r3d:policyURL>
    </r3d:policy>
    <r3d:policy>
        <r3d:policyName>Privacy Policy</r3d:policyName>
        <r3d:policyURL>http://www.ncdc.noaa.gov/oa/about/privacystatement.html</r3d:policyURL>
    </r3d:policy>
    <r3d:databaseAccess>
        <r3d:databaseAccessType>open</r3d:databaseAccessType>
    </r3d:databaseAccess>
    <r3d:dataAccess>
    <r3d:dataAccessType>open</r3d:dataAccessType>
    </r3d:dataAccess>
    <r3d:dataLicense>
        <r3d:dataLicenseName>other</r3d:dataLicenseName>
        <r3d:dataLicenseURL>http://www.ncdc.noaa.gov/oa/about/open-access-climate-data-policy.pdf</r3d:dataLicenseURL>
    </r3d:dataLicense>
    <r3d:dataLicense>
        <r3d:dataLicenseName>Public Domain</r3d:dataLicenseName>
        <r3d:dataLicenseURL>https://www.ngdc.noaa.gov/ngdcinfo/privacy.html</r3d:dataLicenseURL>
    </r3d:dataLicense>
    <r3d:dataLicense>
        <r3d:dataLicenseName>Copyrights</r3d:dataLicenseName>
        <r3d:dataLicenseURL>https://www.ngdc.noaa.gov/ngdcinfo/privacy.html</r3d:dataLicenseURL>
    </r3d:dataLicense>
    <r3d:dataUpload>
        <r3d:dataUploadType>closed</r3d:dataUploadType>
    </r3d:dataUpload>
    <r3d:software>
        <r3d:softwareName>unknown</r3d:softwareName>
    </r3d:software>
    <r3d:versioning></r3d:versioning>
    <r3d:api apiType="FTP">ftp://ftp.ncdc.noaa.gov/pub/data/ghcn/daily/</r3d:api>
    <r3d:pidSystem>DOI</r3d:pidSystem>
    <r3d:citationGuidelineURL>https://data.nodc.noaa.gov/cgi-bin/iso?id=gov.noaa.ncdc:C00861</r3d:citationGuidelineURL>
    <r3d:enhancedPublication>unknown</r3d:enhancedPublication>
    <r3d:qualityManagement>yes</r3d:qualityManagement>
    <r3d:certificate>WDS</r3d:certificate>
    <r3d:metadataStandard>
      <r3d:metadataStandardName metadataStandardScheme="DCC">ISO 19115</r3d:metadataStandardName>
      <r3d:metadataStandardURL>http://www.dcc.ac.uk/resources/metadata-standards/iso-19115</r3d:metadataStandardURL>
    </r3d:metadataStandard>
    <r3d:metadataStandard>
      <r3d:metadataStandardName metadataStandardScheme="DCC">DIF - Directory Interchange Format</r3d:metadataStandardName>
      <r3d:metadataStandardURL>http://www.dcc.ac.uk/resources/metadata-standards/dif-directory-interchange-format</r3d:metadataStandardURL>
    </r3d:metadataStandard>
    <r3d:metadataStandard>
      <r3d:metadataStandardName metadataStandardScheme="DCC">EML - Ecological Metadata Language</r3d:metadataStandardName>
      <r3d:metadataStandardURL>http://www.dcc.ac.uk/resources/metadata-standards/eml-ecological-metadata-language</r3d:metadataStandardURL>
    </r3d:metadataStandard>
    <r3d:metadataStandard>
      <r3d:metadataStandardName metadataStandardScheme="DCC">FGDC/CSDGM - Federal Geographic Data Committee Content Standard for Digital Geospatial Metadata</r3d:metadataStandardName>
      <r3d:metadataStandardURL>http://www.dcc.ac.uk/resources/metadata-standards/fgdccsdgm-federal-geographic-data-committee-content-standard-digital-ge</r3d:metadataStandardURL>
    </r3d:metadataStandard>
    <r3d:remarks>World Data Center(WDC) for Meteorology, Asheville is one component of a global network of discipline subcenters that facilitate international exchange of scientific data. Originally established during the International Geophysical Year (IGY) of 1957, the ICSU World Data System now functions under the guidance of the International Council of Scientific Unions</r3d:remarks>
    <r3d:entryDate>2013-05-11</r3d:entryDate>
    <r3d:lastUpdate>2017-04-25</r3d:lastUpdate>
  </r3d:repository>
</r3d:re3data>