<?xml version="1.0" encoding="utf-8"?>
<!--re3data.org Schema for the Description of Research Data Repositories. Version 2.2, December 2014. doi:10.2312/re3.006-->
<r3d:re3data xmlns:r3d="http://www.re3data.org/schema/2-2" xmlns:xsi="http://www.w3.org/2001/XMLSchema-instance" xsi:schemaLocation="http://www.re3data.org/schema/2-2 http://schema.re3data.org/2-2/re3dataV2-2.xsd">
  <r3d:repository>
    <r3d:re3data.orgIdentifier>r3d100010169</r3d:re3data.orgIdentifier>
    <r3d:repositoryName language="eng">SumsDB</r3d:repositoryName>
    <r3d:additionalName language="eng">Surface management system database</r3d:additionalName>
    <r3d:repositoryURL>http://sumsdb.wustl.edu/sums/index.jsp</r3d:repositoryURL>
    <r3d:repositoryIdentifier>RRID:nif-0000-00016</r3d:repositoryIdentifier>
    <r3d:repositoryIdentifier>RRID:SCR_002759</r3d:repositoryIdentifier>
    <r3d:description language="eng">&lt;&lt;!! checked 20.03.2017 SumsDB was offline; for more information see https://www.researchgate.net/project/salvaging-data-from-sumsdb!! &gt;&gt;
             SumsDB (the Surface Management System DataBase) is a repository of brain-mapping data (surfaces &amp; volumes; structural &amp; functional data) from many laboratories.</r3d:description>
    <r3d:type>disciplinary</r3d:type>
    <r3d:size updated=""></r3d:size>
    <r3d:startDate>2003</r3d:startDate>
    <r3d:endDate>2016</r3d:endDate>
    <r3d:repositoryLanguage>eng</r3d:repositoryLanguage>
    <r3d:subject subjectScheme="DFG">206 Neurosciences</r3d:subject>
    <r3d:subject subjectScheme="DFG">20606 Cognitive Neuroscience and Neuroimaging</r3d:subject>
    <r3d:subject subjectScheme="DFG">20604 Systemic Neuroscience, Computational Neuroscience, Behaviour</r3d:subject>
    <r3d:subject subjectScheme="DFG">22 Medicine</r3d:subject>
    <r3d:subject subjectScheme="DFG">2 Life Sciences</r3d:subject>
    <r3d:missionStatementURL></r3d:missionStatementURL>
    <r3d:contentType contentTypeScheme="parse">Standard office documents</r3d:contentType>
    <r3d:contentType contentTypeScheme="parse">Images</r3d:contentType>
    <r3d:contentType contentTypeScheme="parse">Structured graphics</r3d:contentType>
    <r3d:contentType contentTypeScheme="parse">Audiovisual data</r3d:contentType>
    <r3d:contentType contentTypeScheme="parse">Scientific and statistical data formats</r3d:contentType>
    <r3d:contentType contentTypeScheme="parse">Raw data</r3d:contentType>
    <r3d:contentType contentTypeScheme="parse">Structured text</r3d:contentType>
    <r3d:contentType contentTypeScheme="parse">Archived data</r3d:contentType>
    <r3d:providerType>dataProvider</r3d:providerType>
    <r3d:keyword>brain mapping</r3d:keyword>
    <r3d:keyword>neuroinformatics</r3d:keyword>
    <r3d:keyword>cerebral cortex</r3d:keyword>
    <r3d:keyword>cerebellar cortex</r3d:keyword>
    <r3d:keyword>brain anatomy</r3d:keyword>
    <r3d:keyword>neurobiology</r3d:keyword>
    <r3d:keyword>neurology</r3d:keyword>
    <r3d:institution>
        <r3d:institutionName language="eng">Washington University in St. Louis, School of Medicine, Van Essen Lab</r3d:institutionName>
        <r3d:institutionCountry>USA</r3d:institutionCountry>
        <r3d:responsibilityType>general</r3d:responsibilityType>
        <r3d:responsibilityType>funding</r3d:responsibilityType>
        <r3d:institutionType>non-profit</r3d:institutionType>
        <r3d:institutionURL>http://brainvis.wustl.edu/wiki/index.php/Main_Page</r3d:institutionURL>
        <r3d:responsibilityStartDate>2003</r3d:responsibilityStartDate>
        <r3d:responsibilityEndDate></r3d:responsibilityEndDate>
        <r3d:institutionContact>sums@v1.wustl.edu</r3d:institutionContact>
    </r3d:institution>
    <r3d:institution>
        <r3d:institutionName language="eng">National Partnership for Advanced Computational Infrastructure</r3d:institutionName>
        <r3d:institutionAdditionalName language="eng">NPACI</r3d:institutionAdditionalName>
        <r3d:institutionCountry>USA</r3d:institutionCountry>
        <r3d:responsibilityType>funding</r3d:responsibilityType>
        <r3d:institutionType>non-profit</r3d:institutionType>
        <r3d:institutionURL>http://www.hipersoft.rice.edu/npaci/</r3d:institutionURL>
        <r3d:responsibilityStartDate>2003</r3d:responsibilityStartDate>
        <r3d:responsibilityEndDate>2004</r3d:responsibilityEndDate>
        <r3d:institutionContact>http://www.hipersoft.rice.edu/contact_us/index.htm</r3d:institutionContact>
    </r3d:institution>
    <r3d:institution>
        <r3d:institutionName language="eng">National Institute of Mental Health, Human Brain Project</r3d:institutionName>
        <r3d:institutionAdditionalName language="eng">HBP</r3d:institutionAdditionalName>
        <r3d:institutionAdditionalName language="eng">NIMH</r3d:institutionAdditionalName>
        <r3d:institutionAdditionalName language="eng">NIH</r3d:institutionAdditionalName>
        <r3d:institutionCountry>USA</r3d:institutionCountry>
        <r3d:responsibilityType>funding</r3d:responsibilityType>
        <r3d:institutionType>non-profit</r3d:institutionType>
        <r3d:institutionURL>https://www.nimh.nih.gov/index.shtml</r3d:institutionURL>
        <r3d:responsibilityStartDate>2003</r3d:responsibilityStartDate>
        <r3d:responsibilityEndDate></r3d:responsibilityEndDate>
        <r3d:institutionContact>https://www.nimh.nih.gov/site-info/contact-nimh.shtml</r3d:institutionContact>
    </r3d:institution>
    <r3d:institution>
        <r3d:institutionName language="eng">National Science Foundation</r3d:institutionName>
        <r3d:institutionAdditionalName language="eng">NSF</r3d:institutionAdditionalName>
        <r3d:institutionCountry>USA</r3d:institutionCountry>
        <r3d:responsibilityType>funding</r3d:responsibilityType>
        <r3d:institutionType>non-profit</r3d:institutionType>
        <r3d:institutionURL>https://www.nsf.gov/</r3d:institutionURL>
        <r3d:responsibilityStartDate>2003</r3d:responsibilityStartDate>
        <r3d:responsibilityEndDate></r3d:responsibilityEndDate>
        <r3d:institutionContact>https://www.nsf.gov/help/contact.jsp</r3d:institutionContact>
    </r3d:institution>
    <r3d:institution>
        <r3d:institutionName language="eng">Washington University, Department of Radiology, Electronic Radiology Laboratory</r3d:institutionName>
        <r3d:institutionCountry>USA</r3d:institutionCountry>
        <r3d:responsibilityType>technical</r3d:responsibilityType>
        <r3d:institutionType>non-profit</r3d:institutionType>
        <r3d:institutionURL>http://wuerlim.wustl.edu/</r3d:institutionURL>
        <r3d:responsibilityStartDate>2003</r3d:responsibilityStartDate>
        <r3d:responsibilityEndDate></r3d:responsibilityEndDate>
        <r3d:institutionContact>http://www.erl.wustl.edu/aboutus/contact.html</r3d:institutionContact>
    </r3d:institution>
    <r3d:institution>
        <r3d:institutionName language="eng">National Cancer Institute</r3d:institutionName>
        <r3d:institutionAdditionalName language="eng">NCI</r3d:institutionAdditionalName>
        <r3d:institutionCountry>USA</r3d:institutionCountry>
        <r3d:responsibilityType>funding</r3d:responsibilityType>
        <r3d:institutionType>non-profit</r3d:institutionType>
        <r3d:institutionURL>https://www.cancer.gov/</r3d:institutionURL>
        <r3d:responsibilityStartDate>2003</r3d:responsibilityStartDate>
        <r3d:responsibilityEndDate></r3d:responsibilityEndDate>
        <r3d:institutionContact>https://www.cancer.gov/contact</r3d:institutionContact>
    </r3d:institution>
    <r3d:institution>
        <r3d:institutionName language="eng">U.S. National Library of Medicine</r3d:institutionName>
        <r3d:institutionAdditionalName language="eng">NLM</r3d:institutionAdditionalName>
        <r3d:institutionCountry>USA</r3d:institutionCountry>
        <r3d:responsibilityType>funding</r3d:responsibilityType>
        <r3d:institutionType>non-profit</r3d:institutionType>
        <r3d:institutionURL>https://www.nlm.nih.gov/</r3d:institutionURL>
        <r3d:responsibilityStartDate>2003</r3d:responsibilityStartDate>
        <r3d:responsibilityEndDate></r3d:responsibilityEndDate>
        <r3d:institutionContact>https://support.nlm.nih.gov/ics/support/default.asp?deptID=28054</r3d:institutionContact>
    </r3d:institution>
    <r3d:institution>
        <r3d:institutionName language="eng">National Aeronautics and Space Administration</r3d:institutionName>
        <r3d:institutionAdditionalName language="eng">NASA</r3d:institutionAdditionalName>
        <r3d:institutionCountry>USA</r3d:institutionCountry>
        <r3d:responsibilityType>funding</r3d:responsibilityType>
        <r3d:institutionType>non-profit</r3d:institutionType>
        <r3d:institutionURL>https://www.nasa.gov/</r3d:institutionURL>
        <r3d:responsibilityStartDate>2003</r3d:responsibilityStartDate>
        <r3d:responsibilityEndDate></r3d:responsibilityEndDate>
        <r3d:institutionContact>https://www.nasa.gov/about/contact/index.html</r3d:institutionContact>
    </r3d:institution>
    <r3d:databaseAccess>
        <r3d:databaseAccessType>open</r3d:databaseAccessType>
    </r3d:databaseAccess>
    <r3d:databaseLicense>
        <r3d:databaseLicenseName>other</r3d:databaseLicenseName>
        <r3d:databaseLicenseURL>http://www.gnu.org/licenses/gpl.txt</r3d:databaseLicenseURL>
    </r3d:databaseLicense>
    <r3d:dataAccess>
    <r3d:dataAccessType>open</r3d:dataAccessType>
    </r3d:dataAccess>
    <r3d:dataAccess>
    <r3d:dataAccessType>restricted</r3d:dataAccessType>
    <r3d:dataAccessRestriction>registration</r3d:dataAccessRestriction>
    </r3d:dataAccess>
    <r3d:dataAccess>
    <r3d:dataAccessType>closed</r3d:dataAccessType>
    <r3d:dataAccessRestriction>other</r3d:dataAccessRestriction>
    </r3d:dataAccess>
    <r3d:dataLicense>
        <r3d:dataLicenseName>other</r3d:dataLicenseName>
        <r3d:dataLicenseURL>https://grants.nih.gov/grants/policy/data_sharing/</r3d:dataLicenseURL>
    </r3d:dataLicense>
    <r3d:dataLicense>
        <r3d:dataLicenseName>other</r3d:dataLicenseName>
        <r3d:dataLicenseURL>https://grants.nih.gov/grants/policy/data_sharing/data_sharing_guidance.htm</r3d:dataLicenseURL>
    </r3d:dataLicense>
    <r3d:dataUpload>
        <r3d:dataUploadType>restricted</r3d:dataUploadType>
        <r3d:dataUploadRestriction>registration</r3d:dataUploadRestriction>
    </r3d:dataUpload>
    <r3d:software>
        <r3d:softwareName>other</r3d:softwareName>
    </r3d:software>
    <r3d:versioning>yes</r3d:versioning>
    <r3d:pidSystem>none</r3d:pidSystem>
    <r3d:citationGuidelineURL>http://brainvis.wustl.edu/wiki/index.php/Sums:Citing</r3d:citationGuidelineURL>
    <r3d:enhancedPublication>unknown</r3d:enhancedPublication>
    <r3d:qualityManagement>yes</r3d:qualityManagement>
    <r3d:remarks>SumsDB is part of Neuroscience Information Framework of National Institutes of Health</r3d:remarks>
    <r3d:entryDate>2012-12-14</r3d:entryDate>
    <r3d:lastUpdate>2017-03-30</r3d:lastUpdate>
  </r3d:repository>
</r3d:re3data>