<?xml version="1.0" encoding="utf-8"?>
<!--re3data.org Schema for the Description of Research Data Repositories. Version 2.2, December 2014. doi:10.2312/re3.006-->
<r3d:re3data xmlns:r3d="http://www.re3data.org/schema/2-2" xmlns:xsi="http://www.w3.org/2001/XMLSchema-instance" xsi:schemaLocation="http://www.re3data.org/schema/2-2 http://schema.re3data.org/2-2/re3dataV2-2.xsd">
  <r3d:repository>
    <r3d:re3data.orgIdentifier>r3d100010503</r3d:re3data.orgIdentifier>
    <r3d:repositoryName language="eng">LAADS Web</r3d:repositoryName>
    <r3d:additionalName language="eng">Level 1 and Atmosphere Archive and Distribution System</r3d:additionalName>
    <r3d:repositoryURL>https://ladsweb.modaps.eosdis.nasa.gov/</r3d:repositoryURL>
    <r3d:description language="eng">LAADS Web is the web interface to the Level 1 and Atmosphere Archive and Distribution System (LAADS). The mission of LAADS is to provide quick and easy access to MODIS Level 1, Atmosphere and Land data products, VIIRS Level 1 and Land data products MAS and MERIS data products. MODIS (or Moderate Resolution Imaging Spectroradiometer) is a key instrument aboard the Terra (EOS AM) and Aqua (EOS PM) satellites.</r3d:description>
    <r3d:repositoryContact>modapsuso@lists.nasa.gov</r3d:repositoryContact>
    <r3d:type>disciplinary</r3d:type>
    <r3d:size updated=""></r3d:size>
    <r3d:startDate>2000</r3d:startDate>
    <r3d:endDate></r3d:endDate>
    <r3d:repositoryLanguage>eng</r3d:repositoryLanguage>
    <r3d:subject subjectScheme="DFG">311 Astrophysics and Astronomy</r3d:subject>
    <r3d:subject subjectScheme="DFG">313 Atmospheric Science and Oceanography</r3d:subject>
    <r3d:subject subjectScheme="DFG">315 Geophysics and Geodesy</r3d:subject>
    <r3d:subject subjectScheme="DFG">32 Physics</r3d:subject>
    <r3d:subject subjectScheme="DFG">3 Natural Sciences</r3d:subject>
    <r3d:subject subjectScheme="DFG">34 Geosciences (including Geography)</r3d:subject>
    <r3d:missionStatementURL>https://ladsweb.modaps.eosdis.nasa.gov/about/purpose/</r3d:missionStatementURL>
    <r3d:contentType contentTypeScheme="parse">Images</r3d:contentType>
    <r3d:contentType contentTypeScheme="parse">Structured graphics</r3d:contentType>
    <r3d:contentType contentTypeScheme="parse">Scientific and statistical data formats</r3d:contentType>
    <r3d:contentType contentTypeScheme="parse">Raw data</r3d:contentType>
    <r3d:contentType contentTypeScheme="parse">Archived data</r3d:contentType>
    <r3d:contentType contentTypeScheme="parse">Software applications</r3d:contentType>
    <r3d:contentType contentTypeScheme="parse">other</r3d:contentType>
    <r3d:providerType>dataProvider</r3d:providerType>
    <r3d:providerType>serviceProvider</r3d:providerType>
    <r3d:keyword>electromagnetic radiation</r3d:keyword>
    <r3d:keyword>remote sensing</r3d:keyword>
    <r3d:keyword>atmosphere</r3d:keyword>
    <r3d:keyword>ocean</r3d:keyword>
    <r3d:keyword>galactic cosmic rays</r3d:keyword>
    <r3d:keyword>interactive earth system</r3d:keyword>
    <r3d:keyword>climate change</r3d:keyword>
    <r3d:keyword>land</r3d:keyword>
    <r3d:keyword>observations</r3d:keyword>
    <r3d:institution>
        <r3d:institutionName language="eng">Goddard Space Fligth Center</r3d:institutionName>
        <r3d:institutionAdditionalName language="eng">GSFC</r3d:institutionAdditionalName>
        <r3d:institutionCountry>USA</r3d:institutionCountry>
        <r3d:responsibilityType>general</r3d:responsibilityType>
        <r3d:responsibilityType>technical</r3d:responsibilityType>
        <r3d:institutionType>non-profit</r3d:institutionType>
        <r3d:institutionURL>https://www.nasa.gov/goddard#.UkGK3azimHs</r3d:institutionURL>
        <r3d:responsibilityStartDate>2000</r3d:responsibilityStartDate>
        <r3d:responsibilityEndDate></r3d:responsibilityEndDate>
        <r3d:institutionContact>modapsuso@sigmaspace.com</r3d:institutionContact>
        <r3d:institutionContact>https://www.nasa.gov/content/contact-goddard</r3d:institutionContact>
    </r3d:institution>
    <r3d:institution>
        <r3d:institutionName language="eng">NASA</r3d:institutionName>
        <r3d:institutionAdditionalName language="eng">National Aeronautics and Space Administration</r3d:institutionAdditionalName>
        <r3d:institutionCountry>USA</r3d:institutionCountry>
        <r3d:responsibilityType>funding</r3d:responsibilityType>
        <r3d:institutionType>non-profit</r3d:institutionType>
        <r3d:institutionURL>https://www.nasa.gov/</r3d:institutionURL>
        <r3d:responsibilityStartDate>2000</r3d:responsibilityStartDate>
        <r3d:responsibilityEndDate></r3d:responsibilityEndDate>
    </r3d:institution>
    <r3d:policy>
        <r3d:policyName>NASA Web Privacy Policy and Important Notices</r3d:policyName>
        <r3d:policyURL>https://www.nasa.gov/about/highlights/HP_Privacy.html</r3d:policyURL>
    </r3d:policy>
    <r3d:databaseAccess>
        <r3d:databaseAccessType>open</r3d:databaseAccessType>
    </r3d:databaseAccess>
    <r3d:dataAccess>
    <r3d:dataAccessType>open</r3d:dataAccessType>
    </r3d:dataAccess>
    <r3d:dataAccess>
    <r3d:dataAccessType>restricted</r3d:dataAccessType>
    <r3d:dataAccessRestriction>other</r3d:dataAccessRestriction>
    </r3d:dataAccess>
    <r3d:dataLicense>
        <r3d:dataLicenseName>other</r3d:dataLicenseName>
        <r3d:dataLicenseURL>https://lpdaac.usgs.gov/products/modis_policies</r3d:dataLicenseURL>
    </r3d:dataLicense>
    <r3d:dataUpload>
        <r3d:dataUploadType>restricted</r3d:dataUploadType>
        <r3d:dataUploadRestriction>other</r3d:dataUploadRestriction>
    </r3d:dataUpload>
    <r3d:software>
        <r3d:softwareName>unknown</r3d:softwareName>
    </r3d:software>
    <r3d:versioning></r3d:versioning>
    <r3d:api apiType="FTP">ftp://ladsweb.nascom.nasa.gov/</r3d:api>
    <r3d:api apiType="SOAP">https://ladsweb.modaps.eosdis.nasa.gov/tools-and-services/lws-classic/api.php</r3d:api>
    <r3d:api apiType="REST">https://ladsweb.modaps.eosdis.nasa.gov/tools-and-services/lws-classic/api.php</r3d:api>
    <r3d:pidSystem>DOI</r3d:pidSystem>
    <r3d:citationGuidelineURL>https://lpdaac.usgs.gov/citing_our_data</r3d:citationGuidelineURL>
    <r3d:enhancedPublication>unknown</r3d:enhancedPublication>
    <r3d:qualityManagement>yes</r3d:qualityManagement>
    <r3d:remarks></r3d:remarks>
    <r3d:entryDate>2013-09-24</r3d:entryDate>
    <r3d:lastUpdate>2017-05-22</r3d:lastUpdate>
  </r3d:repository>
</r3d:re3data>