<?xml version="1.0" encoding="utf-8"?>
<!--re3data.org Schema for the Description of Research Data Repositories. Version 2.2, December 2014. doi:10.2312/re3.006-->
<r3d:re3data xmlns:r3d="http://www.re3data.org/schema/2-2" xmlns:xsi="http://www.w3.org/2001/XMLSchema-instance" xsi:schemaLocation="http://www.re3data.org/schema/2-2 http://schema.re3data.org/2-2/re3dataV2-2.xsd">
  <r3d:repository>
    <r3d:re3data.orgIdentifier>r3d100010346</r3d:re3data.orgIdentifier>
    <r3d:repositoryName language="eng">Database of Genomic Variants</r3d:repositoryName>
    <r3d:additionalName language="eng">DGV</r3d:additionalName>
    <r3d:additionalName language="eng">A curated catalogue of human genomic structural variation</r3d:additionalName>
    <r3d:repositoryURL>http://dgv.tcag.ca/dgv/app/home</r3d:repositoryURL>
    <r3d:description language="eng">The objective of the Database of Genomic Variants is to provide a comprehensive summary of structural variation in the human genome. We define structural variation as genomic alterations that involve segments of DNA that are larger than &gt;1kb. Now we also annotate InDels in 100bp-1kb range. The content of the database is only representing structural variation identified in healthy control samples. The Database of Genomic Variants provides a useful catalog of control data for studies aiming to correlate genomic variation with phenotypic data. The database is continuously updated with new data from peer reviewed research studies. We always welcome suggestions and comments regarding the database from the research community.</r3d:description>
    <r3d:type>disciplinary</r3d:type>
    <r3d:size updated=""></r3d:size>
    <r3d:startDate>2008</r3d:startDate>
    <r3d:endDate></r3d:endDate>
    <r3d:repositoryLanguage>eng</r3d:repositoryLanguage>
    <r3d:subject subjectScheme="DFG">20503 Human Genetics</r3d:subject>
    <r3d:subject subjectScheme="DFG">205 Medicine</r3d:subject>
    <r3d:subject subjectScheme="DFG">22 Medicine</r3d:subject>
    <r3d:subject subjectScheme="DFG">2 Life Sciences</r3d:subject>
    <r3d:missionStatementURL>http://dgv.tcag.ca/dgv/app/about</r3d:missionStatementURL>
    <r3d:contentType contentTypeScheme="parse">Scientific and statistical data formats</r3d:contentType>
    <r3d:contentType contentTypeScheme="parse">Plain text</r3d:contentType>
    <r3d:providerType>dataProvider</r3d:providerType>
    <r3d:keyword>human genome</r3d:keyword>
    <r3d:institution>
        <r3d:institutionName language="eng">The Centre for Applied Genomics</r3d:institutionName>
        <r3d:institutionAdditionalName language="eng">TCAG</r3d:institutionAdditionalName>
        <r3d:institutionCountry>CAN</r3d:institutionCountry>
        <r3d:responsibilityType>general</r3d:responsibilityType>
        <r3d:responsibilityType>technical</r3d:responsibilityType>
        <r3d:institutionType>non-profit</r3d:institutionType>
        <r3d:institutionURL>http://www.tcag.ca/</r3d:institutionURL>
        <r3d:responsibilityStartDate></r3d:responsibilityStartDate>
        <r3d:responsibilityEndDate></r3d:responsibilityEndDate>
        <r3d:institutionContact>http://dgv.tcag.ca/dgv/app/contacts</r3d:institutionContact>
    </r3d:institution>
    <r3d:institution>
        <r3d:institutionName language="eng">Canadian Institutes for Health Research</r3d:institutionName>
        <r3d:institutionAdditionalName language="fra">Instituts de recherche en santé du Canada</r3d:institutionAdditionalName>
        <r3d:institutionAdditionalName language="eng">CIHR</r3d:institutionAdditionalName>
        <r3d:institutionCountry>CAN</r3d:institutionCountry>
        <r3d:responsibilityType>funding</r3d:responsibilityType>
        <r3d:institutionType>non-profit</r3d:institutionType>
        <r3d:institutionURL>http://www.cihr-irsc.gc.ca/e/193.html</r3d:institutionURL>
        <r3d:responsibilityStartDate></r3d:responsibilityStartDate>
        <r3d:responsibilityEndDate></r3d:responsibilityEndDate>
    </r3d:institution>
    <r3d:institution>
        <r3d:institutionName language="eng">Genome Canada, Ontario Genomics Institute</r3d:institutionName>
        <r3d:institutionCountry>CAN</r3d:institutionCountry>
        <r3d:responsibilityType>funding</r3d:responsibilityType>
        <r3d:institutionType>non-profit</r3d:institutionType>
        <r3d:institutionURL>http://www.ontariogenomics.ca/about-us/partners/genome-canada/</r3d:institutionURL>
        <r3d:responsibilityStartDate></r3d:responsibilityStartDate>
        <r3d:responsibilityEndDate></r3d:responsibilityEndDate>
    </r3d:institution>
    <r3d:institution>
        <r3d:institutionName language="eng">University of Toronto, McLaughlin Centre for Molecular Medicine</r3d:institutionName>
        <r3d:institutionCountry>CAN</r3d:institutionCountry>
        <r3d:responsibilityType>funding</r3d:responsibilityType>
        <r3d:institutionType>non-profit</r3d:institutionType>
        <r3d:institutionURL>http://www.mclaughlin.utoronto.ca/</r3d:institutionURL>
        <r3d:responsibilityStartDate></r3d:responsibilityStartDate>
        <r3d:responsibilityEndDate></r3d:responsibilityEndDate>
    </r3d:institution>
    <r3d:institution>
        <r3d:institutionName language="eng">Wellcome Trust</r3d:institutionName>
        <r3d:institutionCountry>GBR</r3d:institutionCountry>
        <r3d:responsibilityType>funding</r3d:responsibilityType>
        <r3d:institutionType>non-profit</r3d:institutionType>
        <r3d:institutionURL>https://wellcome.ac.uk/</r3d:institutionURL>
        <r3d:responsibilityStartDate></r3d:responsibilityStartDate>
        <r3d:responsibilityEndDate></r3d:responsibilityEndDate>
    </r3d:institution>
    <r3d:policy>
        <r3d:policyName>Notice and Disclaimer</r3d:policyName>
        <r3d:policyURL>http://www.tcag.ca/projects/databaseDisclaimer.html</r3d:policyURL>
    </r3d:policy>
    <r3d:databaseAccess>
        <r3d:databaseAccessType>open</r3d:databaseAccessType>
    </r3d:databaseAccess>
    <r3d:dataAccess>
    <r3d:dataAccessType>open</r3d:dataAccessType>
    </r3d:dataAccess>
    <r3d:dataLicense>
        <r3d:dataLicenseName>other</r3d:dataLicenseName>
        <r3d:dataLicenseURL>http://www.sickkids.ca/AboutSickKids/terms-of-use-page.html</r3d:dataLicenseURL>
    </r3d:dataLicense>
    <r3d:dataUpload>
        <r3d:dataUploadType>restricted</r3d:dataUploadType>
        <r3d:dataUploadRestriction>other</r3d:dataUploadRestriction>
    </r3d:dataUpload>
    <r3d:dataUploadLicense>
        <r3d:dataUploadLicenseName>Data submission</r3d:dataUploadLicenseName>
        <r3d:dataUploadLicenseURL>http://dgv.tcag.ca/v103_20131106/app/submissions</r3d:dataUploadLicenseURL>
    </r3d:dataUploadLicense>
    <r3d:software>
        <r3d:softwareName>other</r3d:softwareName>
    </r3d:software>
    <r3d:versioning>yes</r3d:versioning>
    <r3d:api apiType="FTP">ftp://ftp.ebi.ac.uk/pub/databases/dgva/</r3d:api>
    <r3d:pidSystem>other</r3d:pidSystem>
    <r3d:citationGuidelineURL>http://dgv.tcag.ca/dgv/app/faq#q8</r3d:citationGuidelineURL>
    <r3d:enhancedPublication>unknown</r3d:enhancedPublication>
    <r3d:qualityManagement>yes</r3d:qualityManagement>
    <r3d:remarks>The Database of Genomic Variants is no longer accepting direct submission of data to DGV. We are currently part of a collaboration with two new archival CNV databases at EBI and NCBI, called DGVa and dbVAR, respectively. One of the changes to DGV as part of this collaborative effort is that we will no longer be accepting direct submissions, but rather obtain the datasets from DGVa (short for DGV archive). This will ensure that the three databases are synchronized, and will allow for an official accessioning of variants.
To proceed with the submission of data, we therefore recommend that you contact either DGVa or dbVAR and let them handle the archiving and accessioning of your data. Once the data is deposited in their system and the manuscript is published, we will import the variants into DGV.</r3d:remarks>
    <r3d:entryDate>2013-04-25</r3d:entryDate>
    <r3d:lastUpdate>2017-03-02</r3d:lastUpdate>
  </r3d:repository>
</r3d:re3data>