Collection,Record,Abstract,Attribute Constraints,Attribute Definition,Attribute List,Author,Author / Originator,Author / Originator Email Address,Author / Originator Identifier,Author / Originator World Wide Web Address,Bounding Box,Contributor Name,Contributor Role,Distribution Format,Easternmost Longitude,End Time,Entity Type Definition,Entity and Attribute Information,Instrument,Keyword,Keyword Type,Keyword Vocabulary,Maintenance,Metadata Access Constraints,Metadata Contact,Metadata Modified Date,Metadata Use Constraints,Northernmost Latitude,Organization Name,Originating Organization,Paleo Temporal Coverage,Parent Identifier,Place Keyword,Process Step,Project Description,Project Name,Publication Date,Publisher,Publisher E-Mail,Publisher URL,Purpose,Related Resource Citation,Related Resource Identifier,Resource Access Constraints,Resource Contact,Resource Creation/Revision Date,Resource Distribution,Resource Format,Resource Identifier,Resource Identifier Type,Resource Language,Resource Lineage,Resource Long Name,Resource Quality Description,Resource Revision Date,Resource Status,Resource Title,Resource Update Frequency,Resource Use Constraints,Resource on-line Link,Responsible Party Identifier,Responsible Party Identifier Type,Rights,Security Constraints,Southernmost Latitude,Spatial Extent,Start Time,Supplemental Information,Taxonomic Extent,Temporal Extent,Temporal Keyword,Unknown,Vertical Maximum,Vertical Minimum,Vertical Resolution,Westernmost Longitude
2007_EML,00000-metadata.xml,1.0,0.0,5.0,1.0,2.0,2.0,0.0,2.0,0.0,1.0,1.0,1.0,1.0,1.0,1.0,1.0,1.0,0.0,14.0,0.0,0.0,1.0,1.0,1.0,0.0,1.0,1.0,3.0,1.0,0.0,0.0,0.0,1.0,1.0,0.0,1.0,1.0,1.0,1.0,0.0,1.0,0.0,1.0,1.0,1.0,1.0,1.0,1.0,1.0,0.0,1.0,1.0,0.0,0.0,1.0,1.0,0.0,1.0,1.0,0.0,0.0,1.0,1.0,1.0,1.0,1.0,0.0,1.0,1.0,0.0,140.0,0.0,0.0,0.0,1.0
2007_EML,00001-metadata.xml,1.0,0.0,2.0,1.0,1.0,1.0,0.0,1.0,0.0,1.0,2.0,1.0,1.0,1.0,1.0,1.0,1.0,0.0,11.0,0.0,0.0,1.0,1.0,1.0,0.0,1.0,1.0,3.0,1.0,0.0,0.0,0.0,1.0,1.0,0.0,1.0,1.0,1.0,1.0,0.0,1.0,0.0,1.0,1.0,1.0,1.0,1.0,1.0,1.0,0.0,1.0,1.0,0.0,0.0,1.0,1.0,0.0,1.0,1.0,0.0,0.0,1.0,1.0,1.0,1.0,1.0,0.0,0.0,1.0,0.0,135.0,0.0,0.0,0.0,1.0
2007_EML,00002-metadata.xml,1.0,0.0,0.0,0.0,1.0,1.0,1.0,0.0,1.0,1.0,0.0,0.0,0.0,1.0,1.0,0.0,0.0,0.0,3.0,0.0,0.0,0.0,0.0,0.0,0.0,0.0,1.0,0.0,0.0,0.0,0.0,0.0,0.0,1.0,1.0,0.0,0.0,0.0,0.0,0.0,1.0,0.0,0.0,1.0,0.0,1.0,0.0,1.0,1.0,0.0,0.0,1.0,0.0,0.0,0.0,1.0,0.0,1.0,1.0,0.0,0.0,1.0,0.0,1.0,1.0,1.0,0.0,0.0,1.0,0.0,64.0,0.0,0.0,0.0,1.0
2007_EML,00003-metadata.xml,1.0,0.0,0.0,0.0,1.0,1.0,1.0,0.0,1.0,1.0,0.0,0.0,0.0,1.0,1.0,0.0,0.0,0.0,2.0,0.0,0.0,0.0,0.0,0.0,0.0,0.0,1.0,0.0,0.0,0.0,0.0,0.0,0.0,1.0,1.0,0.0,0.0,0.0,0.0,0.0,1.0,0.0,0.0,1.0,0.0,1.0,0.0,1.0,1.0,0.0,0.0,1.0,0.0,0.0,0.0,1.0,0.0,1.0,1.0,0.0,0.0,1.0,0.0,1.0,1.0,1.0,0.0,0.0,1.0,0.0,65.0,0.0,0.0,0.0,1.0
2007_EML,00004-metadata.xml,1.0,0.0,30.0,1.0,1.0,1.0,0.0,1.0,0.0,1.0,1.0,1.0,1.0,1.0,1.0,1.0,1.0,0.0,4.0,0.0,0.0,1.0,1.0,1.0,0.0,1.0,1.0,3.0,1.0,0.0,0.0,0.0,1.0,1.0,0.0,1.0,1.0,1.0,1.0,0.0,1.0,0.0,1.0,1.0,1.0,1.0,1.0,1.0,1.0,0.0,1.0,1.0,0.0,0.0,1.0,1.0,0.0,1.0,1.0,0.0,0.0,1.0,1.0,1.0,1.0,1.0,0.0,0.0,1.0,0.0,269.0,0.0,0.0,0.0,1.0
2007_EML,00005-metadata.xml,1.0,0.0,6.0,1.0,2.0,2.0,2.0,0.0,2.0,0.0,0.0,0.0,1.0,0.0,1.0,1.0,1.0,0.0,3.0,0.0,1.0,1.0,1.0,1.0,0.0,1.0,0.0,4.0,1.0,0.0,0.0,0.0,1.0,0.0,2.0,1.0,1.0,0.0,0.0,0.0,0.0,0.0,1.0,1.0,1.0,1.0,1.0,1.0,1.0,0.0,1.0,1.0,0.0,0.0,1.0,1.0,0.0,1.0,1.0,0.0,0.0,1.0,1.0,0.0,0.0,1.0,0.0,0.0,1.0,0.0,123.0,0.0,0.0,0.0,0.0
2007_EML,00006-metadata.xml,1.0,0.0,50.0,1.0,1.0,1.0,0.0,1.0,0.0,1.0,2.0,1.0,1.0,1.0,1.0,1.0,1.0,0.0,23.0,0.0,0.0,1.0,0.0,1.0,0.0,0.0,1.0,2.0,0.0,0.0,0.0,0.0,1.0,1.0,0.0,1.0,1.0,1.0,1.0,0.0,1.0,0.0,0.0,1.0,1.0,1.0,1.0,1.0,1.0,0.0,1.0,1.0,0.0,0.0,0.0,1.0,0.0,1.0,1.0,0.0,0.0,1.0,0.0,1.0,1.0,1.0,0.0,0.0,1.0,0.0,376.0,0.0,0.0,0.0,1.0
2007_EML,00007-metadata.xml,1.0,0.0,11.0,1.0,1.0,1.0,1.0,0.0,1.0,2.0,2.0,2.0,1.0,2.0,1.0,1.0,1.0,1.0,13.0,0.0,0.0,1.0,0.0,1.0,0.0,0.0,2.0,7.0,1.0,0.0,1.0,0.0,1.0,1.0,1.0,1.0,1.0,1.0,1.0,0.0,1.0,1.0,0.0,2.0,1.0,1.0,1.0,1.0,1.0,0.0,1.0,1.0,1.0,0.0,0.0,1.0,0.0,1.0,1.0,0.0,0.0,1.0,0.0,2.0,2.0,1.0,0.0,0.0,1.0,0.0,239.0,0.0,0.0,0.0,2.0
2007_EML,00008-metadata.xml,1.0,0.0,11.0,1.0,1.0,1.0,0.0,1.0,0.0,1.0,2.0,1.0,1.0,1.0,1.0,1.0,1.0,0.0,12.0,0.0,0.0,1.0,1.0,1.0,0.0,1.0,1.0,3.0,1.0,0.0,0.0,0.0,1.0,1.0,0.0,1.0,1.0,1.0,1.0,0.0,1.0,0.0,1.0,1.0,1.0,1.0,1.0,1.0,1.0,0.0,1.0,1.0,0.0,0.0,1.0,1.0,0.0,1.0,1.0,0.0,0.0,1.0,1.0,1.0,1.0,1.0,0.0,0.0,1.0,0.0,184.0,0.0,0.0,0.0,1.0
2007_EML,00009-metadata.xml,1.0,0.0,15.0,1.0,2.0,2.0,0.0,2.0,0.0,1.0,1.0,1.0,1.0,1.0,1.0,1.0,1.0,0.0,15.0,0.0,0.0,1.0,1.0,1.0,0.0,1.0,1.0,3.0,1.0,0.0,0.0,0.0,1.0,1.0,0.0,1.0,1.0,1.0,1.0,0.0,1.0,0.0,1.0,1.0,1.0,1.0,1.0,1.0,1.0,0.0,1.0,1.0,0.0,0.0,1.0,1.0,0.0,1.0,1.0,0.0,0.0,1.0,1.0,1.0,1.0,1.0,0.0,1.0,1.0,0.0,185.0,0.0,0.0,0.0,1.0
2007_EML,00010-metadata.xml,1.0,0.0,92.0,1.0,1.0,1.0,0.0,0.0,0.0,1.0,1.0,1.0,1.0,1.0,0.0,1.0,1.0,0.0,5.0,2.0,0.0,1.0,0.0,1.0,0.0,0.0,1.0,4.0,1.0,0.0,0.0,3.0,1.0,0.0,0.0,1.0,1.0,1.0,1.0,0.0,0.0,0.0,0.0,1.0,1.0,1.0,1.0,1.0,1.0,1.0,1.0,1.0,0.0,0.0,0.0,1.0,0.0,1.0,1.0,0.0,0.0,1.0,0.0,1.0,1.0,0.0,0.0,0.0,1.0,0.0,323.0,0.0,0.0,0.0,1.0
2007_EML,00011-metadata.xml,1.0,0.0,21.0,1.0,2.0,2.0,2.0,0.0,2.0,1.0,0.0,0.0,1.0,1.0,1.0,1.0,1.0,0.0,11.0,0.0,1.0,1.0,1.0,1.0,0.0,1.0,1.0,4.0,1.0,0.0,0.0,0.0,1.0,0.0,2.0,1.0,1.0,0.0,0.0,0.0,0.0,0.0,1.0,1.0,1.0,1.0,1.0,1.0,1.0,0.0,1.0,1.0,0.0,0.0,1.0,1.0,0.0,1.0,1.0,0.0,0.0,1.0,1.0,1.0,1.0,1.0,0.0,0.0,1.0,0.0,166.0,0.0,0.0,0.0,1.0
2007_EML,00012-metadata.xml,1.0,0.0,8.0,1.0,1.0,1.0,0.0,1.0,0.0,24.0,2.0,1.0,1.0,24.0,1.0,1.0,1.0,0.0,9.0,0.0,0.0,1.0,1.0,1.0,0.0,1.0,24.0,3.0,1.0,0.0,0.0,0.0,1.0,1.0,0.0,1.0,1.0,1.0,1.0,0.0,1.0,0.0,1.0,1.0,1.0,1.0,1.0,1.0,1.0,0.0,1.0,1.0,0.0,0.0,1.0,1.0,0.0,1.0,1.0,0.0,0.0,1.0,1.0,24.0,25.0,1.0,0.0,0.0,1.0,0.0,220.0,0.0,0.0,0.0,24.0
2007_EML,00013-metadata.xml,1.0,0.0,0.0,0.0,3.0,3.0,1.0,0.0,3.0,1.0,0.0,0.0,0.0,1.0,1.0,0.0,0.0,0.0,3.0,0.0,0.0,0.0,0.0,0.0,0.0,0.0,1.0,0.0,0.0,0.0,0.0,0.0,0.0,1.0,3.0,0.0,0.0,0.0,0.0,0.0,1.0,0.0,0.0,1.0,0.0,1.0,0.0,1.0,1.0,0.0,0.0,1.0,0.0,0.0,0.0,1.0,0.0,1.0,1.0,0.0,0.0,1.0,0.0,1.0,1.0,1.0,0.0,0.0,1.0,0.0,71.0,0.0,0.0,0.0,1.0
2007_EML,00014-metadata.xml,1.0,0.0,7.0,1.0,4.0,4.0,3.0,0.0,4.0,1.0,4.0,1.0,1.0,1.0,1.0,1.0,1.0,0.0,2.0,0.0,1.0,1.0,1.0,1.0,0.0,1.0,1.0,4.0,1.0,0.0,0.0,0.0,1.0,0.0,4.0,1.0,1.0,0.0,0.0,0.0,0.0,0.0,1.0,1.0,1.0,1.0,1.0,1.0,1.0,0.0,1.0,1.0,0.0,0.0,1.0,1.0,0.0,1.0,1.0,0.0,0.0,1.0,1.0,1.0,1.0,1.0,0.0,0.0,1.0,0.0,171.0,0.0,0.0,0.0,1.0
2007_EML,00015-metadata.xml,1.0,0.0,5.0,1.0,1.0,1.0,0.0,1.0,0.0,1.0,3.0,1.0,1.0,1.0,1.0,1.0,1.0,0.0,4.0,0.0,0.0,1.0,0.0,1.0,0.0,0.0,1.0,2.0,0.0,0.0,0.0,0.0,1.0,1.0,0.0,1.0,1.0,1.0,1.0,0.0,1.0,0.0,0.0,1.0,1.0,1.0,1.0,1.0,1.0,0.0,1.0,1.0,0.0,0.0,0.0,1.0,0.0,1.0,1.0,0.0,0.0,1.0,0.0,1.0,1.0,1.0,0.0,0.0,1.0,0.0,183.0,0.0,0.0,0.0,1.0
2007_EML,00016-metadata.xml,1.0,0.0,4.0,1.0,3.0,3.0,2.0,0.0,3.0,0.0,1.0,1.0,1.0,0.0,1.0,1.0,1.0,0.0,6.0,0.0,1.0,1.0,1.0,1.0,0.0,1.0,0.0,4.0,1.0,0.0,0.0,0.0,1.0,0.0,3.0,1.0,1.0,0.0,0.0,0.0,0.0,0.0,1.0,1.0,1.0,1.0,1.0,1.0,1.0,0.0,1.0,1.0,0.0,0.0,1.0,1.0,0.0,1.0,1.0,0.0,0.0,1.0,1.0,0.0,0.0,1.0,0.0,0.0,1.0,0.0,130.0,0.0,0.0,0.0,0.0
2007_EML,00017-metadata.xml,1.0,0.0,16.0,1.0,2.0,2.0,2.0,0.0,2.0,1.0,0.0,0.0,1.0,1.0,1.0,1.0,1.0,0.0,4.0,0.0,1.0,1.0,1.0,1.0,0.0,1.0,1.0,4.0,1.0,0.0,0.0,0.0,0.0,0.0,2.0,1.0,1.0,0.0,0.0,0.0,0.0,0.0,1.0,1.0,1.0,1.0,1.0,1.0,1.0,0.0,0.0,1.0,0.0,0.0,1.0,1.0,0.0,1.0,1.0,0.0,0.0,1.0,1.0,1.0,1.0,1.0,0.0,0.0,1.0,0.0,147.0,0.0,0.0,0.0,1.0
2007_EML,00018-metadata.xml,1.0,0.0,6.0,1.0,2.0,2.0,2.0,0.0,2.0,1.0,0.0,0.0,1.0,1.0,1.0,0.0,0.0,0.0,2.0,0.0,0.0,0.0,0.0,0.0,0.0,0.0,1.0,0.0,0.0,0.0,0.0,0.0,0.0,1.0,2.0,0.0,0.0,0.0,0.0,0.0,1.0,0.0,0.0,1.0,0.0,1.0,1.0,1.0,1.0,0.0,0.0,1.0,0.0,0.0,0.0,1.0,0.0,1.0,1.0,0.0,0.0,1.0,0.0,1.0,1.0,1.0,0.0,0.0,1.0,0.0,104.0,0.0,0.0,0.0,1.0
2007_EML,00019-metadata.xml,1.0,0.0,50.0,1.0,1.0,1.0,0.0,1.0,0.0,1.0,3.0,1.0,1.0,1.0,1.0,1.0,1.0,0.0,23.0,0.0,0.0,1.0,0.0,1.0,0.0,0.0,1.0,2.0,0.0,0.0,0.0,0.0,1.0,1.0,0.0,1.0,1.0,1.0,1.0,0.0,1.0,0.0,0.0,1.0,1.0,1.0,1.0,1.0,1.0,0.0,1.0,1.0,0.0,0.0,0.0,1.0,0.0,1.0,1.0,0.0,0.0,1.0,0.0,1.0,1.0,1.0,0.0,0.0,1.0,0.0,378.0,0.0,0.0,0.0,1.0
2007_EML,00020-metadata.xml,1.0,0.0,7.0,1.0,4.0,4.0,3.0,0.0,4.0,1.0,3.0,1.0,1.0,1.0,1.0,1.0,1.0,0.0,3.0,0.0,1.0,1.0,1.0,1.0,0.0,1.0,1.0,4.0,1.0,0.0,0.0,0.0,0.0,0.0,4.0,1.0,1.0,0.0,0.0,0.0,0.0,0.0,1.0,1.0,1.0,1.0,1.0,1.0,1.0,0.0,0.0,1.0,0.0,0.0,1.0,1.0,0.0,1.0,1.0,0.0,0.0,1.0,1.0,1.0,1.0,1.0,0.0,0.0,1.0,0.0,174.0,0.0,0.0,0.0,1.0
2007_EML,00021-metadata.xml,1.0,0.0,4.0,2.0,5.0,5.0,0.0,0.0,4.0,1.0,0.0,0.0,1.0,1.0,1.0,2.0,2.0,0.0,4.0,0.0,2.0,1.0,1.0,1.0,0.0,1.0,1.0,6.0,2.0,0.0,0.0,0.0,1.0,1.0,4.0,1.0,1.0,1.0,1.0,0.0,1.0,0.0,1.0,2.0,1.0,1.0,1.0,1.0,1.0,1.0,1.0,1.0,0.0,0.0,1.0,1.0,0.0,1.0,1.0,0.0,0.0,1.0,1.0,1.0,1.0,1.0,0.0,0.0,1.0,0.0,139.0,0.0,0.0,0.0,1.0
2007_EML,00022-metadata.xml,1.0,0.0,22.0,1.0,1.0,1.0,0.0,1.0,0.0,1.0,1.0,1.0,1.0,1.0,1.0,1.0,1.0,0.0,6.0,0.0,0.0,1.0,1.0,1.0,0.0,1.0,1.0,3.0,1.0,0.0,0.0,0.0,1.0,1.0,0.0,1.0,1.0,1.0,1.0,0.0,1.0,0.0,1.0,1.0,1.0,1.0,1.0,1.0,1.0,0.0,1.0,1.0,0.0,0.0,1.0,1.0,0.0,1.0,1.0,0.0,0.0,1.0,1.0,1.0,1.0,1.0,0.0,0.0,1.0,0.0,221.0,0.0,0.0,0.0,1.0
2007_EML,00023-metadata.xml,1.0,0.0,38.0,3.0,2.0,2.0,2.0,0.0,2.0,1.0,0.0,0.0,2.0,1.0,1.0,0.0,0.0,0.0,4.0,0.0,0.0,0.0,0.0,0.0,0.0,0.0,1.0,0.0,0.0,0.0,0.0,0.0,0.0,1.0,2.0,0.0,0.0,0.0,0.0,0.0,1.0,0.0,0.0,1.0,0.0,1.0,2.0,1.0,1.0,0.0,0.0,1.0,0.0,0.0,0.0,1.0,0.0,1.0,1.0,0.0,0.0,1.0,0.0,1.0,1.0,1.0,0.0,0.0,1.0,0.0,200.0,0.0,0.0,0.0,1.0
2007_EML,00024-metadata.xml,0.0,0.0,7.0,1.0,1.0,1.0,0.0,0.0,1.0,9.0,7.0,1.0,1.0,9.0,1.0,1.0,1.0,0.0,9.0,0.0,0.0,0.0,0.0,1.0,0.0,0.0,9.0,4.0,1.0,1.0,0.0,0.0,1.0,0.0,1.0,0.0,1.0,0.0,0.0,0.0,0.0,0.0,0.0,1.0,0.0,1.0,1.0,1.0,1.0,0.0,1.0,1.0,0.0,0.0,0.0,1.0,0.0,1.0,1.0,0.0,0.0,1.0,0.0,9.0,10.0,0.0,0.0,0.0,1.0,0.0,281.0,0.0,0.0,0.0,9.0
2007_EML,00025-metadata.xml,1.0,0.0,5.0,1.0,1.0,1.0,0.0,1.0,0.0,1.0,3.0,1.0,1.0,1.0,1.0,1.0,1.0,0.0,4.0,0.0,0.0,1.0,0.0,1.0,0.0,0.0,1.0,2.0,0.0,0.0,0.0,0.0,1.0,1.0,0.0,1.0,1.0,1.0,1.0,0.0,1.0,0.0,0.0,1.0,1.0,1.0,1.0,1.0,1.0,0.0,1.0,1.0,0.0,0.0,0.0,1.0,0.0,1.0,1.0,0.0,0.0,1.0,0.0,1.0,1.0,1.0,0.0,0.0,1.0,0.0,183.0,0.0,0.0,0.0,1.0
2007_EML,00026-metadata.xml,1.0,0.0,22.0,1.0,2.0,2.0,2.0,0.0,2.0,0.0,0.0,0.0,1.0,0.0,1.0,1.0,1.0,0.0,6.0,0.0,1.0,1.0,1.0,1.0,0.0,1.0,0.0,4.0,1.0,0.0,0.0,0.0,1.0,0.0,2.0,1.0,1.0,0.0,0.0,0.0,0.0,0.0,1.0,1.0,1.0,1.0,1.0,1.0,1.0,0.0,1.0,1.0,0.0,0.0,1.0,1.0,0.0,1.0,1.0,0.0,0.0,1.0,1.0,0.0,0.0,1.0,0.0,0.0,1.0,0.0,152.0,0.0,0.0,0.0,0.0
2007_EML,00027-metadata.xml,1.0,0.0,53.0,4.0,4.0,4.0,0.0,0.0,3.0,1.0,0.0,0.0,1.0,1.0,1.0,4.0,4.0,0.0,15.0,0.0,2.0,1.0,1.0,1.0,0.0,1.0,1.0,6.0,2.0,0.0,0.0,0.0,0.0,1.0,3.0,1.0,1.0,1.0,1.0,0.0,1.0,0.0,1.0,2.0,1.0,1.0,1.0,1.0,1.0,1.0,0.0,1.0,0.0,0.0,1.0,1.0,0.0,1.0,1.0,0.0,0.0,1.0,1.0,1.0,1.0,1.0,0.0,0.0,1.0,0.0,320.0,0.0,0.0,0.0,1.0
2007_EML,00028-metadata.xml,1.0,0.0,6.0,1.0,1.0,1.0,0.0,1.0,0.0,1.0,2.0,1.0,1.0,1.0,1.0,1.0,1.0,0.0,7.0,0.0,0.0,1.0,1.0,1.0,0.0,1.0,1.0,3.0,1.0,0.0,0.0,0.0,1.0,1.0,0.0,1.0,1.0,1.0,1.0,0.0,1.0,0.0,1.0,1.0,1.0,1.0,1.0,1.0,1.0,0.0,1.0,1.0,0.0,0.0,1.0,1.0,0.0,1.0,1.0,0.0,0.0,1.0,1.0,1.0,1.0,1.0,0.0,0.0,1.0,0.0,166.0,0.0,0.0,0.0,1.0
2007_EML,00029-metadata.xml,1.0,0.0,7.0,1.0,1.0,1.0,0.0,1.0,0.0,1.0,2.0,1.0,1.0,1.0,1.0,1.0,1.0,0.0,9.0,0.0,0.0,1.0,1.0,1.0,0.0,1.0,1.0,3.0,1.0,0.0,0.0,0.0,1.0,1.0,0.0,1.0,1.0,1.0,1.0,0.0,1.0,0.0,1.0,1.0,1.0,1.0,1.0,1.0,1.0,0.0,1.0,1.0,0.0,0.0,1.0,1.0,0.0,1.0,1.0,0.0,0.0,1.0,1.0,1.0,1.0,1.0,0.0,0.0,1.0,0.0,167.0,0.0,0.0,0.0,1.0
2007_EML,00030-metadata.xml,1.0,0.0,8.0,1.0,3.0,3.0,3.0,0.0,3.0,1.0,0.0,0.0,1.0,1.0,1.0,1.0,1.0,0.0,11.0,0.0,1.0,1.0,1.0,1.0,0.0,1.0,1.0,4.0,1.0,0.0,0.0,0.0,1.0,0.0,3.0,1.0,1.0,0.0,0.0,0.0,0.0,0.0,1.0,1.0,1.0,1.0,1.0,1.0,1.0,0.0,1.0,1.0,0.0,0.0,1.0,1.0,0.0,1.0,1.0,0.0,0.0,1.0,1.0,1.0,1.0,1.0,0.0,0.0,1.0,0.0,140.0,0.0,0.0,0.0,1.0
2007_EML,00031-metadata.xml,1.0,0.0,7.0,1.0,1.0,1.0,0.0,1.0,0.0,1.0,2.0,1.0,1.0,1.0,1.0,1.0,1.0,0.0,9.0,0.0,0.0,1.0,1.0,1.0,0.0,1.0,1.0,3.0,1.0,0.0,0.0,0.0,1.0,1.0,0.0,1.0,1.0,1.0,1.0,0.0,1.0,0.0,1.0,1.0,1.0,1.0,1.0,1.0,1.0,0.0,1.0,1.0,0.0,0.0,1.0,1.0,0.0,1.0,1.0,0.0,0.0,1.0,1.0,1.0,1.0,1.0,0.0,0.0,1.0,0.0,167.0,0.0,0.0,0.0,1.0
2007_EML,00032-metadata.xml,1.0,0.0,5.0,1.0,1.0,1.0,0.0,1.0,0.0,1.0,3.0,1.0,1.0,1.0,1.0,1.0,1.0,0.0,4.0,0.0,0.0,1.0,0.0,1.0,0.0,0.0,1.0,2.0,0.0,0.0,0.0,0.0,1.0,1.0,0.0,1.0,1.0,1.0,1.0,0.0,1.0,0.0,0.0,1.0,1.0,1.0,1.0,1.0,1.0,0.0,1.0,1.0,0.0,0.0,0.0,1.0,0.0,1.0,1.0,0.0,0.0,1.0,0.0,1.0,1.0,1.0,0.0,0.0,1.0,0.0,183.0,0.0,0.0,0.0,1.0
2007_EML,00033-metadata.xml,1.0,30.0,105.0,15.0,2.0,2.0,2.0,0.0,2.0,1.0,3.0,2.0,1.0,1.0,1.0,15.0,15.0,0.0,3.0,1.0,1.0,1.0,1.0,1.0,7.0,1.0,1.0,2.0,1.0,0.0,0.0,0.0,1.0,1.0,2.0,1.0,1.0,1.0,1.0,1.0,1.0,0.0,1.0,2.0,8.0,1.0,1.0,1.0,1.0,0.0,1.0,1.0,0.0,7.0,1.0,1.0,1.0,1.0,1.0,0.0,0.0,1.0,1.0,1.0,1.0,1.0,1.0,1.0,1.0,0.0,3316.0,1.0,1.0,1.0,1.0
2007_EML,00034-metadata.xml,1.0,0.0,5.0,1.0,1.0,1.0,0.0,1.0,0.0,1.0,3.0,1.0,1.0,1.0,1.0,1.0,1.0,0.0,4.0,0.0,0.0,1.0,0.0,1.0,0.0,0.0,1.0,2.0,0.0,0.0,0.0,0.0,1.0,1.0,0.0,1.0,1.0,1.0,1.0,0.0,1.0,0.0,0.0,1.0,1.0,1.0,1.0,1.0,1.0,0.0,1.0,1.0,0.0,0.0,0.0,1.0,0.0,1.0,1.0,0.0,0.0,1.0,0.0,1.0,1.0,1.0,0.0,0.0,1.0,0.0,183.0,0.0,0.0,0.0,1.0
2007_EML,00035-metadata.xml,1.0,0.0,13.0,1.0,1.0,1.0,0.0,1.0,0.0,1.0,1.0,1.0,1.0,1.0,1.0,1.0,1.0,0.0,10.0,0.0,0.0,1.0,1.0,1.0,0.0,1.0,1.0,3.0,1.0,0.0,0.0,0.0,1.0,1.0,0.0,1.0,1.0,1.0,1.0,0.0,1.0,0.0,1.0,1.0,1.0,1.0,1.0,1.0,1.0,0.0,1.0,1.0,0.0,0.0,1.0,1.0,0.0,1.0,1.0,0.0,0.0,1.0,1.0,1.0,1.0,1.0,0.0,0.0,1.0,0.0,190.0,0.0,0.0,0.0,1.0
2007_EML,00036-metadata.xml,0.0,0.0,20.0,1.0,1.0,1.0,0.0,0.0,1.0,1.0,1.0,1.0,1.0,1.0,1.0,1.0,1.0,0.0,10.0,0.0,2.0,1.0,1.0,0.0,0.0,1.0,1.0,3.0,1.0,0.0,0.0,0.0,1.0,0.0,1.0,0.0,0.0,0.0,0.0,0.0,0.0,0.0,1.0,1.0,0.0,1.0,1.0,1.0,1.0,1.0,1.0,1.0,1.0,0.0,1.0,1.0,0.0,1.0,1.0,0.0,0.0,1.0,1.0,1.0,1.0,1.0,0.0,0.0,1.0,0.0,140.0,1.0,1.0,1.0,1.0
2007_EML,00037-metadata.xml,1.0,0.0,8.0,1.0,4.0,4.0,1.0,0.0,3.0,1.0,1.0,1.0,1.0,1.0,1.0,1.0,1.0,0.0,1.0,0.0,1.0,1.0,1.0,1.0,0.0,1.0,1.0,4.0,1.0,0.0,0.0,0.0,1.0,0.0,3.0,1.0,1.0,0.0,0.0,0.0,0.0,0.0,1.0,1.0,1.0,1.0,1.0,1.0,1.0,0.0,1.0,1.0,0.0,0.0,1.0,1.0,0.0,1.0,1.0,0.0,0.0,1.0,1.0,1.0,1.0,1.0,0.0,0.0,1.0,0.0,165.0,0.0,0.0,0.0,1.0
2007_EML,00038-metadata.xml,1.0,0.0,9.0,1.0,1.0,1.0,0.0,0.0,2.0,1.0,1.0,1.0,0.0,1.0,1.0,1.0,1.0,1.0,2.0,0.0,0.0,0.0,0.0,0.0,0.0,0.0,1.0,0.0,0.0,0.0,0.0,0.0,1.0,0.0,2.0,1.0,0.0,0.0,0.0,0.0,0.0,0.0,0.0,1.0,1.0,1.0,0.0,1.0,1.0,0.0,1.0,1.0,0.0,0.0,0.0,1.0,0.0,1.0,1.0,0.0,0.0,1.0,0.0,1.0,1.0,1.0,0.0,0.0,1.0,0.0,323.0,0.0,0.0,0.0,1.0
2007_EML,00039-metadata.xml,1.0,0.0,25.0,1.0,1.0,1.0,0.0,1.0,0.0,1.0,1.0,1.0,1.0,1.0,1.0,1.0,1.0,0.0,5.0,0.0,0.0,1.0,1.0,1.0,0.0,1.0,1.0,3.0,1.0,0.0,0.0,0.0,1.0,1.0,0.0,1.0,1.0,1.0,1.0,0.0,1.0,0.0,1.0,1.0,1.0,1.0,1.0,1.0,1.0,0.0,1.0,1.0,0.0,0.0,1.0,1.0,0.0,1.0,1.0,0.0,0.0,1.0,1.0,1.0,1.0,1.0,0.0,0.0,1.0,0.0,222.0,0.0,0.0,0.0,1.0
2007_EML,00040-metadata.xml,1.0,0.0,20.0,1.0,2.0,2.0,2.0,1.0,2.0,1.0,4.0,2.0,1.0,1.0,1.0,1.0,1.0,6.0,60.0,4.0,4.0,0.0,1.0,1.0,0.0,1.0,1.0,4.0,2.0,0.0,0.0,3.0,1.0,1.0,2.0,1.0,1.0,0.0,0.0,0.0,1.0,0.0,1.0,1.0,1.0,1.0,1.0,1.0,1.0,0.0,1.0,1.0,1.0,0.0,1.0,1.0,0.0,1.0,1.0,0.0,0.0,1.0,1.0,1.0,1.0,1.0,0.0,1.0,1.0,1.0,418.0,0.0,0.0,0.0,1.0
2007_EML,00041-metadata.xml,1.0,0.0,0.0,0.0,2.0,2.0,2.0,0.0,2.0,1.0,0.0,0.0,0.0,1.0,1.0,0.0,0.0,0.0,3.0,0.0,0.0,0.0,0.0,0.0,0.0,0.0,1.0,0.0,0.0,0.0,0.0,0.0,0.0,1.0,2.0,0.0,0.0,0.0,0.0,0.0,1.0,0.0,0.0,1.0,0.0,1.0,0.0,1.0,1.0,0.0,0.0,1.0,0.0,0.0,0.0,1.0,0.0,1.0,1.0,0.0,0.0,1.0,0.0,1.0,1.0,1.0,0.0,0.0,1.0,0.0,66.0,0.0,0.0,0.0,1.0
2007_EML,00042-metadata.xml,1.0,0.0,0.0,0.0,4.0,4.0,1.0,0.0,4.0,1.0,0.0,0.0,0.0,1.0,1.0,0.0,0.0,0.0,3.0,0.0,0.0,0.0,0.0,0.0,0.0,0.0,1.0,0.0,0.0,0.0,0.0,0.0,0.0,1.0,4.0,0.0,0.0,0.0,0.0,0.0,1.0,0.0,0.0,1.0,0.0,1.0,0.0,1.0,1.0,0.0,0.0,1.0,0.0,0.0,0.0,1.0,0.0,1.0,1.0,0.0,0.0,1.0,0.0,1.0,1.0,1.0,0.0,0.0,1.0,0.0,73.0,0.0,0.0,0.0,1.0
2007_EML,00043-metadata.xml,1.0,0.0,8.0,1.0,1.0,1.0,0.0,1.0,0.0,23.0,2.0,1.0,1.0,23.0,1.0,1.0,1.0,0.0,9.0,0.0,0.0,1.0,1.0,1.0,0.0,1.0,23.0,3.0,1.0,0.0,0.0,0.0,1.0,1.0,0.0,1.0,1.0,1.0,1.0,0.0,1.0,0.0,1.0,1.0,1.0,1.0,1.0,1.0,1.0,0.0,1.0,1.0,0.0,0.0,1.0,1.0,0.0,1.0,1.0,0.0,0.0,1.0,1.0,23.0,24.0,1.0,0.0,0.0,1.0,0.0,218.0,0.0,0.0,0.0,23.0
2007_EML,00044-metadata.xml,1.0,0.0,9.0,1.0,2.0,2.0,0.0,2.0,0.0,4.0,1.0,1.0,1.0,4.0,1.0,1.0,1.0,0.0,11.0,0.0,0.0,1.0,1.0,1.0,0.0,1.0,4.0,3.0,1.0,0.0,0.0,0.0,1.0,1.0,0.0,1.0,1.0,1.0,1.0,0.0,1.0,0.0,1.0,1.0,1.0,1.0,1.0,1.0,1.0,0.0,1.0,1.0,0.0,0.0,1.0,1.0,0.0,1.0,1.0,0.0,0.0,1.0,1.0,4.0,4.0,1.0,0.0,1.0,1.0,0.0,182.0,0.0,0.0,0.0,4.0
2007_EML,00045-metadata.xml,0.0,0.0,60.0,1.0,3.0,3.0,0.0,0.0,3.0,1.0,2.0,1.0,1.0,1.0,1.0,1.0,1.0,0.0,6.0,0.0,0.0,0.0,0.0,1.0,0.0,0.0,1.0,6.0,3.0,0.0,0.0,0.0,1.0,0.0,3.0,0.0,1.0,0.0,0.0,0.0,0.0,0.0,0.0,1.0,0.0,1.0,1.0,1.0,1.0,0.0,1.0,1.0,0.0,0.0,0.0,1.0,0.0,1.0,1.0,0.0,0.0,1.0,0.0,1.0,1.0,1.0,0.0,0.0,1.0,0.0,311.0,0.0,0.0,0.0,1.0
2007_EML,00046-metadata.xml,1.0,0.0,6.0,1.0,2.0,2.0,2.0,0.0,2.0,0.0,1.0,1.0,1.0,0.0,1.0,1.0,1.0,0.0,3.0,0.0,1.0,1.0,1.0,1.0,0.0,1.0,0.0,4.0,1.0,0.0,0.0,0.0,1.0,0.0,2.0,1.0,1.0,0.0,0.0,0.0,0.0,0.0,1.0,1.0,1.0,1.0,1.0,1.0,1.0,0.0,1.0,1.0,0.0,0.0,1.0,1.0,0.0,1.0,1.0,0.0,0.0,1.0,1.0,0.0,0.0,1.0,0.0,0.0,1.0,0.0,127.0,0.0,0.0,0.0,0.0
2007_EML,00047-metadata.xml,1.0,0.0,0.0,0.0,1.0,1.0,1.0,0.0,1.0,1.0,0.0,0.0,0.0,1.0,1.0,0.0,0.0,0.0,2.0,0.0,0.0,0.0,0.0,0.0,0.0,0.0,1.0,0.0,0.0,0.0,0.0,0.0,0.0,1.0,1.0,0.0,0.0,0.0,0.0,0.0,1.0,0.0,0.0,1.0,0.0,1.0,0.0,1.0,1.0,0.0,0.0,1.0,0.0,0.0,0.0,1.0,0.0,1.0,1.0,0.0,0.0,1.0,0.0,1.0,1.0,1.0,0.0,0.0,1.0,0.0,65.0,0.0,0.0,0.0,1.0
2007_EML,00048-metadata.xml,1.0,1.0,60.0,2.0,3.0,3.0,3.0,3.0,2.0,10.0,5.0,4.0,2.0,10.0,1.0,2.0,2.0,0.0,53.0,2.0,9.0,1.0,1.0,0.0,7.0,1.0,10.0,3.0,1.0,0.0,0.0,6.0,1.0,1.0,2.0,1.0,0.0,0.0,0.0,0.0,1.0,0.0,1.0,1.0,8.0,0.0,2.0,1.0,1.0,1.0,1.0,1.0,0.0,7.0,1.0,1.0,1.0,1.0,0.0,5.0,0.0,1.0,1.0,10.0,10.0,1.0,0.0,0.0,1.0,0.0,585.0,1.0,7.0,1.0,10.0
2007_EML,00049-metadata.xml,1.0,0.0,32.0,6.0,4.0,4.0,0.0,0.0,4.0,1.0,0.0,0.0,1.0,1.0,1.0,6.0,6.0,0.0,6.0,0.0,2.0,1.0,1.0,1.0,0.0,1.0,1.0,6.0,2.0,0.0,0.0,0.0,1.0,1.0,4.0,1.0,1.0,1.0,1.0,0.0,1.0,0.0,1.0,2.0,1.0,1.0,1.0,1.0,1.0,1.0,1.0,1.0,0.0,0.0,1.0,1.0,0.0,1.0,1.0,0.0,0.0,1.0,1.0,1.0,1.0,1.0,0.0,0.0,1.0,0.0,254.0,0.0,0.0,0.0,1.0
2007_EML,00050-metadata.xml,0.0,0.0,14.0,1.0,3.0,3.0,0.0,0.0,3.0,1.0,2.0,1.0,1.0,1.0,1.0,1.0,1.0,0.0,6.0,0.0,0.0,0.0,0.0,1.0,0.0,0.0,1.0,6.0,3.0,0.0,0.0,0.0,1.0,0.0,3.0,0.0,1.0,0.0,0.0,0.0,0.0,0.0,0.0,1.0,0.0,1.0,1.0,1.0,1.0,0.0,1.0,1.0,0.0,0.0,0.0,1.0,0.0,1.0,1.0,0.0,0.0,1.0,0.0,1.0,1.0,1.0,0.0,0.0,1.0,0.0,201.0,0.0,0.0,0.0,1.0
2007_EML,00051-metadata.xml,1.0,0.0,8.0,1.0,4.0,4.0,1.0,0.0,3.0,1.0,1.0,1.0,1.0,1.0,1.0,1.0,1.0,0.0,1.0,0.0,1.0,1.0,1.0,1.0,0.0,1.0,1.0,4.0,1.0,0.0,0.0,0.0,1.0,0.0,3.0,1.0,1.0,0.0,0.0,0.0,0.0,0.0,1.0,1.0,1.0,1.0,1.0,1.0,1.0,0.0,1.0,1.0,0.0,0.0,1.0,1.0,0.0,1.0,1.0,0.0,0.0,1.0,1.0,1.0,1.0,1.0,0.0,0.0,1.0,0.0,165.0,0.0,0.0,0.0,1.0
2007_EML,00052-metadata.xml,1.0,0.0,5.0,1.0,3.0,3.0,3.0,0.0,3.0,1.0,4.0,1.0,1.0,1.0,1.0,1.0,1.0,0.0,4.0,0.0,1.0,1.0,1.0,1.0,0.0,1.0,1.0,4.0,1.0,0.0,0.0,0.0,1.0,0.0,3.0,1.0,1.0,0.0,0.0,0.0,0.0,0.0,1.0,1.0,1.0,1.0,1.0,1.0,1.0,0.0,1.0,1.0,0.0,0.0,1.0,1.0,0.0,1.0,1.0,0.0,0.0,1.0,1.0,1.0,1.0,1.0,0.0,0.0,1.0,0.0,160.0,0.0,0.0,0.0,1.0
2007_EML,00053-metadata.xml,1.0,0.0,6.0,1.0,2.0,2.0,1.0,0.0,2.0,1.0,1.0,1.0,1.0,1.0,1.0,1.0,1.0,0.0,5.0,0.0,1.0,1.0,1.0,1.0,0.0,1.0,1.0,4.0,1.0,0.0,0.0,0.0,1.0,0.0,2.0,1.0,1.0,0.0,0.0,0.0,0.0,0.0,1.0,1.0,1.0,1.0,1.0,1.0,1.0,0.0,1.0,1.0,0.0,0.0,1.0,1.0,0.0,1.0,1.0,0.0,0.0,1.0,1.0,1.0,1.0,1.0,0.0,0.0,1.0,0.0,130.0,0.0,0.0,0.0,1.0
2007_EML,00054-metadata.xml,1.0,0.0,7.0,1.0,1.0,1.0,0.0,1.0,0.0,1.0,2.0,1.0,1.0,1.0,1.0,1.0,1.0,0.0,9.0,0.0,0.0,1.0,1.0,1.0,0.0,1.0,1.0,3.0,1.0,0.0,0.0,0.0,1.0,1.0,0.0,1.0,1.0,1.0,1.0,0.0,1.0,0.0,1.0,1.0,1.0,1.0,1.0,1.0,1.0,0.0,1.0,1.0,0.0,0.0,1.0,1.0,0.0,1.0,1.0,0.0,0.0,1.0,1.0,1.0,1.0,1.0,0.0,0.0,1.0,0.0,166.0,0.0,0.0,0.0,1.0
2007_EML,00055-metadata.xml,1.0,0.0,7.0,1.0,1.0,1.0,0.0,1.0,0.0,35.0,0.0,0.0,1.0,35.0,1.0,1.0,1.0,0.0,11.0,0.0,0.0,1.0,1.0,1.0,0.0,1.0,35.0,3.0,1.0,0.0,0.0,0.0,1.0,1.0,0.0,1.0,1.0,1.0,1.0,0.0,1.0,0.0,1.0,1.0,1.0,1.0,1.0,1.0,1.0,0.0,1.0,1.0,0.0,0.0,1.0,1.0,0.0,1.0,1.0,0.0,0.0,1.0,1.0,35.0,36.0,1.0,0.0,0.0,1.0,0.0,227.0,0.0,0.0,0.0,35.0
2007_EML,00056-metadata.xml,1.0,0.0,25.0,1.0,1.0,1.0,0.0,1.0,0.0,1.0,1.0,1.0,1.0,1.0,1.0,1.0,1.0,0.0,5.0,0.0,0.0,1.0,1.0,1.0,0.0,1.0,1.0,3.0,1.0,0.0,0.0,0.0,1.0,1.0,0.0,1.0,1.0,1.0,1.0,0.0,1.0,0.0,1.0,1.0,1.0,1.0,1.0,1.0,1.0,0.0,1.0,1.0,0.0,0.0,1.0,1.0,0.0,1.0,1.0,0.0,0.0,1.0,1.0,1.0,1.0,1.0,0.0,0.0,1.0,0.0,222.0,0.0,0.0,0.0,1.0
2007_EML,00057-metadata.xml,1.0,0.0,6.0,1.0,4.0,4.0,3.0,0.0,4.0,1.0,3.0,1.0,1.0,1.0,1.0,1.0,1.0,0.0,4.0,0.0,1.0,1.0,1.0,1.0,0.0,1.0,1.0,4.0,1.0,0.0,0.0,0.0,0.0,0.0,4.0,1.0,1.0,0.0,0.0,0.0,0.0,0.0,1.0,1.0,1.0,1.0,1.0,1.0,1.0,0.0,0.0,1.0,0.0,0.0,1.0,1.0,0.0,1.0,1.0,0.0,0.0,1.0,1.0,1.0,1.0,1.0,0.0,0.0,1.0,0.0,148.0,0.0,0.0,0.0,1.0
2007_EML,00058-metadata.xml,1.0,0.0,11.0,1.0,1.0,1.0,1.0,0.0,1.0,2.0,2.0,2.0,1.0,2.0,1.0,1.0,1.0,1.0,9.0,0.0,0.0,1.0,0.0,1.0,0.0,0.0,2.0,7.0,1.0,0.0,1.0,0.0,1.0,1.0,1.0,1.0,1.0,1.0,1.0,0.0,1.0,1.0,0.0,2.0,1.0,1.0,1.0,1.0,1.0,0.0,1.0,1.0,1.0,0.0,0.0,1.0,0.0,1.0,1.0,0.0,0.0,1.0,0.0,2.0,2.0,1.0,0.0,0.0,1.0,0.0,239.0,0.0,0.0,0.0,2.0
2007_EML,00059-metadata.xml,1.0,0.0,5.0,1.0,2.0,2.0,0.0,2.0,0.0,1.0,1.0,1.0,1.0,1.0,1.0,1.0,1.0,0.0,11.0,0.0,0.0,1.0,1.0,1.0,0.0,1.0,1.0,3.0,1.0,0.0,0.0,0.0,1.0,1.0,0.0,1.0,1.0,1.0,1.0,0.0,1.0,0.0,1.0,1.0,1.0,1.0,1.0,1.0,1.0,0.0,1.0,1.0,0.0,0.0,1.0,1.0,0.0,1.0,1.0,0.0,0.0,1.0,1.0,1.0,1.0,1.0,0.0,1.0,1.0,0.0,146.0,0.0,0.0,0.0,1.0
2007_EML,00060-metadata.xml,1.0,0.0,4.0,2.0,5.0,5.0,0.0,0.0,4.0,1.0,0.0,0.0,1.0,1.0,1.0,2.0,2.0,0.0,4.0,0.0,2.0,1.0,1.0,1.0,0.0,1.0,1.0,6.0,2.0,0.0,0.0,0.0,1.0,1.0,4.0,1.0,1.0,1.0,1.0,0.0,1.0,0.0,1.0,2.0,1.0,1.0,1.0,1.0,1.0,1.0,1.0,1.0,0.0,0.0,1.0,1.0,0.0,1.0,1.0,0.0,0.0,1.0,1.0,1.0,1.0,1.0,0.0,0.0,1.0,0.0,139.0,0.0,0.0,0.0,1.0
2007_EML,00061-metadata.xml,0.0,0.0,6.0,1.0,3.0,3.0,0.0,0.0,3.0,4.0,1.0,1.0,1.0,4.0,1.0,1.0,1.0,0.0,7.0,0.0,0.0,0.0,0.0,1.0,0.0,0.0,4.0,6.0,3.0,0.0,0.0,0.0,1.0,0.0,3.0,0.0,1.0,0.0,0.0,0.0,0.0,0.0,0.0,1.0,0.0,1.0,1.0,1.0,1.0,0.0,1.0,1.0,0.0,0.0,0.0,1.0,0.0,1.0,1.0,0.0,0.0,1.0,0.0,4.0,4.0,1.0,0.0,0.0,1.0,0.0,192.0,0.0,0.0,0.0,4.0
2007_EML,00062-metadata.xml,1.0,1.0,37.0,3.0,2.0,2.0,1.0,2.0,1.0,7.0,4.0,4.0,2.0,7.0,1.0,3.0,3.0,0.0,43.0,2.0,7.0,1.0,1.0,0.0,10.0,1.0,7.0,4.0,1.0,0.0,0.0,2.0,1.0,1.0,1.0,1.0,1.0,0.0,0.0,0.0,1.0,0.0,1.0,1.0,11.0,1.0,2.0,1.0,1.0,1.0,1.0,1.0,0.0,10.0,1.0,1.0,0.0,1.0,1.0,4.0,0.0,1.0,1.0,7.0,7.0,1.0,0.0,1.0,1.0,0.0,573.0,0.0,0.0,0.0,7.0
2007_EML,00063-metadata.xml,1.0,0.0,5.0,1.0,1.0,1.0,0.0,1.0,0.0,1.0,3.0,1.0,1.0,1.0,1.0,1.0,1.0,0.0,4.0,0.0,0.0,1.0,0.0,1.0,0.0,0.0,1.0,2.0,0.0,0.0,0.0,0.0,1.0,1.0,0.0,1.0,1.0,1.0,1.0,0.0,1.0,0.0,0.0,1.0,1.0,1.0,1.0,1.0,1.0,0.0,1.0,1.0,0.0,0.0,0.0,1.0,0.0,1.0,1.0,0.0,0.0,1.0,0.0,1.0,1.0,1.0,0.0,0.0,1.0,0.0,183.0,0.0,0.0,0.0,1.0
2007_EML,00064-metadata.xml,1.0,2.0,36.0,2.0,2.0,2.0,2.0,2.0,1.0,7.0,1.0,1.0,1.0,7.0,1.0,2.0,2.0,0.0,31.0,3.0,6.0,1.0,1.0,0.0,4.0,1.0,7.0,4.0,1.0,0.0,0.0,2.0,1.0,1.0,1.0,1.0,1.0,0.0,0.0,0.0,1.0,0.0,1.0,1.0,5.0,1.0,1.0,1.0,1.0,1.0,1.0,1.0,0.0,4.0,1.0,1.0,1.0,1.0,1.0,1.0,0.0,1.0,1.0,7.0,7.0,1.0,0.0,1.0,1.0,0.0,414.0,0.0,0.0,0.0,7.0
2007_EML,00065-metadata.xml,1.0,0.0,5.0,1.0,1.0,1.0,0.0,1.0,0.0,1.0,3.0,1.0,1.0,1.0,1.0,1.0,1.0,0.0,4.0,0.0,0.0,1.0,0.0,1.0,0.0,0.0,1.0,2.0,0.0,0.0,0.0,0.0,1.0,1.0,0.0,1.0,1.0,1.0,1.0,0.0,1.0,0.0,0.0,1.0,1.0,1.0,1.0,1.0,1.0,0.0,1.0,1.0,0.0,0.0,0.0,1.0,0.0,1.0,1.0,0.0,0.0,1.0,0.0,1.0,1.0,1.0,0.0,0.0,1.0,0.0,183.0,0.0,0.0,0.0,1.0
2007_EML,00066-metadata.xml,1.0,0.0,9.0,1.0,2.0,2.0,1.0,1.0,2.0,1.0,1.0,1.0,1.0,1.0,1.0,1.0,1.0,2.0,84.0,3.0,4.0,0.0,1.0,1.0,0.0,1.0,1.0,3.0,2.0,0.0,0.0,5.0,1.0,1.0,2.0,1.0,1.0,0.0,0.0,0.0,1.0,0.0,1.0,1.0,1.0,1.0,1.0,1.0,1.0,0.0,1.0,1.0,1.0,0.0,1.0,1.0,0.0,1.0,1.0,0.0,0.0,1.0,1.0,1.0,1.0,1.0,0.0,1.0,1.0,0.0,443.0,0.0,0.0,0.0,1.0
2007_EML,00067-metadata.xml,1.0,0.0,13.0,1.0,1.0,1.0,0.0,1.0,0.0,1.0,0.0,0.0,1.0,1.0,1.0,1.0,1.0,0.0,9.0,0.0,0.0,1.0,1.0,1.0,0.0,1.0,1.0,3.0,1.0,0.0,0.0,0.0,1.0,1.0,0.0,1.0,1.0,1.0,1.0,0.0,1.0,0.0,1.0,1.0,1.0,1.0,1.0,1.0,1.0,0.0,1.0,1.0,0.0,0.0,1.0,1.0,0.0,1.0,1.0,0.0,0.0,1.0,1.0,1.0,1.0,1.0,0.0,0.0,1.0,0.0,187.0,0.0,0.0,0.0,1.0
2007_EML,00068-metadata.xml,1.0,0.0,5.0,2.0,2.0,2.0,1.0,2.0,1.0,1.0,1.0,1.0,1.0,1.0,1.0,2.0,2.0,0.0,28.0,2.0,6.0,1.0,1.0,0.0,1.0,1.0,1.0,2.0,1.0,0.0,0.0,9.0,1.0,1.0,1.0,1.0,1.0,0.0,0.0,0.0,1.0,0.0,1.0,1.0,2.0,0.0,1.0,1.0,1.0,0.0,1.0,1.0,0.0,1.0,1.0,1.0,0.0,1.0,0.0,1.0,0.0,1.0,1.0,1.0,1.0,1.0,0.0,1.0,1.0,0.0,197.0,0.0,0.0,0.0,1.0
2007_EML,00069-metadata.xml,1.0,0.0,6.0,1.0,2.0,2.0,2.0,0.0,2.0,0.0,1.0,1.0,1.0,0.0,1.0,1.0,1.0,0.0,3.0,0.0,1.0,1.0,1.0,1.0,0.0,1.0,0.0,4.0,1.0,0.0,0.0,0.0,1.0,0.0,2.0,1.0,1.0,0.0,0.0,0.0,0.0,0.0,1.0,1.0,1.0,1.0,1.0,1.0,1.0,0.0,1.0,1.0,0.0,0.0,1.0,1.0,0.0,1.0,1.0,0.0,0.0,1.0,1.0,0.0,0.0,1.0,0.0,0.0,1.0,0.0,127.0,0.0,0.0,0.0,0.0
2007_EML,00070-metadata.xml,1.0,0.0,4.0,1.0,2.0,2.0,2.0,0.0,2.0,1.0,1.0,1.0,1.0,1.0,1.0,1.0,1.0,0.0,1.0,0.0,1.0,1.0,1.0,1.0,0.0,1.0,1.0,4.0,1.0,0.0,0.0,0.0,1.0,0.0,2.0,1.0,1.0,0.0,0.0,0.0,0.0,0.0,1.0,1.0,1.0,1.0,1.0,1.0,1.0,0.0,1.0,1.0,0.0,0.0,1.0,1.0,0.0,1.0,1.0,0.0,0.0,1.0,1.0,1.0,1.0,1.0,0.0,0.0,1.0,0.0,132.0,0.0,0.0,0.0,1.0
2007_EML,00071-metadata.xml,1.0,0.0,20.0,1.0,2.0,2.0,2.0,1.0,2.0,1.0,4.0,2.0,1.0,1.0,1.0,1.0,1.0,6.0,60.0,4.0,4.0,0.0,1.0,1.0,0.0,1.0,1.0,4.0,2.0,0.0,0.0,3.0,1.0,1.0,2.0,1.0,1.0,0.0,0.0,0.0,1.0,0.0,1.0,1.0,1.0,1.0,1.0,1.0,1.0,0.0,1.0,1.0,1.0,0.0,1.0,1.0,0.0,1.0,1.0,0.0,0.0,1.0,1.0,1.0,1.0,1.0,0.0,1.0,1.0,1.0,418.0,0.0,0.0,0.0,1.0
2007_EML,00072-metadata.xml,1.0,2.0,9.0,1.0,2.0,2.0,1.0,0.0,2.0,1.0,2.0,2.0,1.0,1.0,1.0,1.0,1.0,0.0,3.0,1.0,1.0,1.0,1.0,1.0,3.0,1.0,1.0,2.0,1.0,0.0,0.0,0.0,1.0,1.0,2.0,1.0,1.0,1.0,1.0,1.0,1.0,0.0,1.0,2.0,4.0,1.0,1.0,1.0,1.0,0.0,1.0,1.0,0.0,3.0,1.0,1.0,1.0,1.0,1.0,0.0,0.0,1.0,1.0,1.0,1.0,1.0,1.0,1.0,1.0,0.0,687.0,0.0,0.0,0.0,1.0
2007_EML,00073-metadata.xml,1.0,1.0,18.0,1.0,2.0,2.0,2.0,2.0,1.0,2.0,0.0,0.0,1.0,2.0,1.0,1.0,1.0,0.0,35.0,2.0,6.0,1.0,1.0,0.0,1.0,1.0,2.0,2.0,1.0,0.0,0.0,6.0,1.0,1.0,1.0,1.0,1.0,0.0,0.0,0.0,1.0,0.0,1.0,1.0,2.0,0.0,1.0,1.0,1.0,1.0,1.0,1.0,0.0,1.0,1.0,1.0,0.0,1.0,0.0,0.0,0.0,1.0,1.0,2.0,2.0,1.0,0.0,0.0,1.0,0.0,261.0,0.0,0.0,0.0,2.0
2007_EML,00074-metadata.xml,1.0,0.0,0.0,0.0,3.0,3.0,3.0,0.0,3.0,1.0,1.0,1.0,0.0,1.0,1.0,0.0,0.0,0.0,4.0,0.0,1.0,1.0,1.0,1.0,0.0,1.0,1.0,4.0,1.0,0.0,0.0,0.0,0.0,0.0,3.0,1.0,1.0,0.0,0.0,0.0,0.0,0.0,1.0,1.0,1.0,1.0,0.0,1.0,1.0,0.0,0.0,1.0,0.0,0.0,1.0,1.0,0.0,1.0,1.0,0.0,0.0,1.0,1.0,1.0,1.0,1.0,0.0,0.0,1.0,0.0,121.0,0.0,0.0,0.0,1.0
2007_EML,00075-metadata.xml,1.0,0.0,14.0,2.0,5.0,5.0,0.0,0.0,4.0,1.0,0.0,0.0,1.0,1.0,1.0,2.0,2.0,0.0,4.0,0.0,2.0,1.0,1.0,1.0,0.0,1.0,1.0,6.0,2.0,0.0,0.0,0.0,1.0,1.0,4.0,1.0,1.0,1.0,1.0,0.0,1.0,0.0,1.0,2.0,1.0,1.0,1.0,1.0,1.0,1.0,1.0,1.0,0.0,0.0,1.0,1.0,0.0,1.0,1.0,0.0,0.0,1.0,1.0,1.0,1.0,1.0,0.0,0.0,1.0,0.0,145.0,0.0,0.0,0.0,1.0
2007_EML,00076-metadata.xml,1.0,0.0,250.0,1.0,2.0,2.0,0.0,0.0,2.0,1.0,0.0,0.0,1.0,1.0,1.0,1.0,1.0,0.0,5.0,1.0,1.0,1.0,1.0,1.0,0.0,1.0,1.0,2.0,0.0,0.0,0.0,0.0,1.0,0.0,2.0,1.0,1.0,0.0,0.0,0.0,0.0,0.0,1.0,2.0,1.0,0.0,1.0,1.0,1.0,0.0,1.0,1.0,0.0,0.0,1.0,1.0,1.0,1.0,0.0,0.0,0.0,1.0,1.0,1.0,1.0,1.0,0.0,0.0,1.0,0.0,941.0,0.0,0.0,0.0,1.0
2007_EML,00077-metadata.xml,1.0,0.0,6.0,1.0,2.0,2.0,2.0,0.0,2.0,1.0,1.0,1.0,1.0,1.0,1.0,1.0,1.0,0.0,2.0,0.0,1.0,1.0,1.0,1.0,0.0,1.0,1.0,4.0,1.0,0.0,0.0,0.0,1.0,0.0,2.0,1.0,1.0,0.0,0.0,0.0,0.0,0.0,1.0,1.0,1.0,1.0,1.0,1.0,1.0,0.0,1.0,1.0,0.0,0.0,1.0,1.0,0.0,1.0,1.0,0.0,0.0,1.0,1.0,1.0,1.0,1.0,0.0,0.0,1.0,0.0,136.0,0.0,0.0,0.0,1.0
2007_EML,00078-metadata.xml,1.0,0.0,8.0,1.0,4.0,4.0,1.0,0.0,3.0,1.0,1.0,1.0,1.0,1.0,1.0,1.0,1.0,0.0,1.0,0.0,1.0,1.0,1.0,1.0,0.0,1.0,1.0,4.0,1.0,0.0,0.0,0.0,1.0,0.0,3.0,1.0,1.0,0.0,0.0,0.0,0.0,0.0,1.0,1.0,1.0,1.0,1.0,1.0,1.0,0.0,1.0,1.0,0.0,0.0,1.0,1.0,0.0,1.0,1.0,0.0,0.0,1.0,1.0,1.0,1.0,1.0,0.0,0.0,1.0,0.0,165.0,0.0,0.0,0.0,1.0
2007_EML,00079-metadata.xml,1.0,0.0,16.0,1.0,1.0,1.0,1.0,0.0,1.0,2.0,2.0,2.0,1.0,2.0,1.0,1.0,1.0,3.0,15.0,0.0,0.0,1.0,0.0,1.0,0.0,0.0,2.0,6.0,1.0,0.0,1.0,0.0,1.0,1.0,1.0,1.0,1.0,1.0,1.0,0.0,1.0,1.0,0.0,2.0,1.0,1.0,1.0,1.0,1.0,0.0,1.0,1.0,1.0,0.0,0.0,1.0,0.0,1.0,1.0,0.0,0.0,1.0,0.0,2.0,2.0,1.0,0.0,0.0,1.0,0.0,305.0,0.0,0.0,0.0,2.0
2007_EML,00080-metadata.xml,1.0,0.0,4.0,1.0,2.0,2.0,0.0,2.0,0.0,1.0,1.0,1.0,1.0,1.0,1.0,1.0,1.0,0.0,11.0,0.0,0.0,1.0,1.0,1.0,0.0,1.0,1.0,3.0,1.0,0.0,0.0,0.0,1.0,1.0,0.0,1.0,1.0,1.0,1.0,0.0,1.0,0.0,1.0,1.0,1.0,1.0,1.0,1.0,1.0,0.0,1.0,1.0,0.0,0.0,1.0,1.0,0.0,1.0,1.0,0.0,0.0,1.0,1.0,1.0,1.0,1.0,0.0,1.0,1.0,0.0,142.0,0.0,0.0,0.0,1.0
2007_EML,00081-metadata.xml,1.0,0.0,19.0,1.0,2.0,2.0,2.0,1.0,2.0,1.0,5.0,2.0,1.0,1.0,1.0,1.0,1.0,3.0,46.0,4.0,4.0,0.0,1.0,1.0,0.0,1.0,1.0,4.0,2.0,0.0,0.0,3.0,1.0,1.0,2.0,1.0,1.0,0.0,0.0,0.0,1.0,0.0,1.0,1.0,1.0,1.0,1.0,1.0,1.0,0.0,1.0,1.0,1.0,0.0,1.0,1.0,0.0,1.0,1.0,0.0,0.0,1.0,1.0,1.0,1.0,1.0,0.0,1.0,1.0,1.0,390.0,0.0,0.0,0.0,1.0
2007_EML,00082-metadata.xml,1.0,0.0,6.0,1.0,2.0,2.0,2.0,0.0,2.0,1.0,1.0,1.0,1.0,1.0,1.0,1.0,1.0,0.0,6.0,0.0,1.0,1.0,1.0,1.0,0.0,1.0,1.0,4.0,1.0,0.0,0.0,0.0,1.0,0.0,2.0,1.0,1.0,0.0,0.0,0.0,0.0,0.0,1.0,1.0,1.0,1.0,1.0,1.0,1.0,0.0,1.0,1.0,0.0,0.0,1.0,1.0,0.0,1.0,1.0,0.0,0.0,1.0,1.0,1.0,1.0,1.0,0.0,0.0,1.0,0.0,136.0,0.0,0.0,0.0,1.0
2007_EML,00083-metadata.xml,1.0,0.0,13.0,1.0,3.0,3.0,3.0,0.0,3.0,1.0,1.0,1.0,1.0,1.0,1.0,1.0,1.0,0.0,3.0,0.0,1.0,1.0,1.0,1.0,0.0,1.0,1.0,4.0,1.0,0.0,0.0,0.0,0.0,0.0,3.0,1.0,1.0,0.0,0.0,0.0,0.0,0.0,1.0,1.0,1.0,1.0,1.0,1.0,1.0,0.0,0.0,1.0,0.0,0.0,1.0,1.0,0.0,1.0,1.0,0.0,0.0,1.0,1.0,1.0,1.0,1.0,0.0,0.0,1.0,0.0,159.0,0.0,0.0,0.0,1.0
2007_EML,00084-metadata.xml,1.0,0.0,2.0,1.0,1.0,1.0,0.0,1.0,0.0,1.0,2.0,1.0,1.0,1.0,1.0,1.0,1.0,0.0,11.0,0.0,0.0,1.0,1.0,1.0,0.0,1.0,1.0,3.0,1.0,0.0,0.0,0.0,1.0,1.0,0.0,1.0,1.0,1.0,1.0,0.0,1.0,0.0,1.0,1.0,1.0,1.0,1.0,1.0,1.0,0.0,1.0,1.0,0.0,0.0,1.0,1.0,0.0,1.0,1.0,0.0,0.0,1.0,1.0,1.0,1.0,1.0,0.0,0.0,1.0,0.0,135.0,0.0,0.0,0.0,1.0
2007_EML,00085-metadata.xml,1.0,0.0,9.0,1.0,7.0,7.0,5.0,0.0,7.0,1.0,2.0,1.0,1.0,1.0,1.0,1.0,1.0,0.0,10.0,0.0,1.0,1.0,1.0,1.0,0.0,1.0,1.0,4.0,1.0,0.0,0.0,0.0,1.0,0.0,7.0,1.0,1.0,0.0,0.0,0.0,0.0,0.0,1.0,1.0,1.0,1.0,1.0,1.0,1.0,0.0,1.0,1.0,0.0,0.0,1.0,1.0,0.0,1.0,1.0,0.0,0.0,1.0,1.0,1.0,1.0,1.0,0.0,0.0,1.0,0.0,169.0,0.0,0.0,0.0,1.0
2007_EML,00086-metadata.xml,1.0,0.0,7.0,1.0,4.0,4.0,3.0,0.0,4.0,1.0,4.0,1.0,1.0,1.0,1.0,1.0,1.0,0.0,4.0,0.0,1.0,1.0,1.0,1.0,0.0,1.0,1.0,4.0,1.0,0.0,0.0,0.0,0.0,0.0,4.0,1.0,1.0,0.0,0.0,0.0,0.0,0.0,1.0,1.0,1.0,1.0,1.0,1.0,1.0,0.0,0.0,1.0,0.0,0.0,1.0,1.0,0.0,1.0,1.0,0.0,0.0,1.0,1.0,1.0,1.0,1.0,0.0,0.0,1.0,0.0,164.0,0.0,0.0,0.0,1.0
2007_EML,00087-metadata.xml,0.0,0.0,16.0,1.0,3.0,3.0,0.0,0.0,3.0,1.0,2.0,1.0,1.0,1.0,1.0,1.0,1.0,0.0,8.0,0.0,0.0,0.0,0.0,1.0,0.0,0.0,1.0,6.0,3.0,0.0,0.0,0.0,1.0,0.0,3.0,0.0,1.0,0.0,0.0,0.0,0.0,0.0,0.0,1.0,0.0,1.0,1.0,1.0,1.0,0.0,1.0,1.0,0.0,0.0,0.0,1.0,0.0,1.0,1.0,0.0,0.0,1.0,0.0,1.0,1.0,1.0,0.0,0.0,1.0,0.0,257.0,0.0,0.0,0.0,1.0
2007_EML,00088-metadata.xml,1.0,0.0,0.0,0.0,1.0,1.0,1.0,0.0,1.0,1.0,0.0,0.0,0.0,1.0,1.0,0.0,0.0,0.0,2.0,0.0,0.0,0.0,0.0,0.0,0.0,0.0,1.0,0.0,0.0,0.0,0.0,0.0,0.0,1.0,1.0,0.0,0.0,0.0,0.0,0.0,1.0,0.0,0.0,1.0,0.0,1.0,0.0,1.0,1.0,0.0,0.0,1.0,0.0,0.0,0.0,1.0,0.0,1.0,1.0,0.0,0.0,1.0,0.0,1.0,1.0,1.0,0.0,0.0,1.0,0.0,65.0,0.0,0.0,0.0,1.0
2007_EML,00089-metadata.xml,1.0,0.0,8.0,1.0,5.0,5.0,3.0,0.0,4.0,1.0,2.0,1.0,1.0,1.0,1.0,1.0,1.0,0.0,7.0,0.0,1.0,1.0,1.0,1.0,0.0,1.0,1.0,4.0,1.0,0.0,0.0,0.0,1.0,0.0,4.0,1.0,1.0,0.0,0.0,0.0,0.0,0.0,1.0,1.0,1.0,1.0,1.0,1.0,1.0,0.0,1.0,1.0,0.0,0.0,1.0,1.0,0.0,1.0,1.0,0.0,0.0,1.0,1.0,1.0,1.0,1.0,0.0,0.0,1.0,0.0,160.0,0.0,0.0,0.0,1.0
2007_EML,00090-metadata.xml,1.0,0.0,10.0,1.0,1.0,1.0,0.0,0.0,1.0,1.0,0.0,0.0,1.0,1.0,1.0,1.0,1.0,0.0,4.0,0.0,2.0,1.0,1.0,1.0,0.0,1.0,1.0,4.0,1.0,0.0,0.0,0.0,1.0,1.0,1.0,1.0,1.0,1.0,1.0,0.0,1.0,0.0,1.0,2.0,1.0,1.0,1.0,1.0,1.0,1.0,1.0,1.0,0.0,0.0,1.0,1.0,0.0,1.0,1.0,0.0,0.0,1.0,1.0,1.0,1.0,1.0,0.0,0.0,1.0,0.0,153.0,0.0,0.0,0.0,1.0
2007_EML,00091-metadata.xml,0.0,0.0,9.0,1.0,1.0,1.0,0.0,0.0,0.0,0.0,0.0,0.0,0.0,0.0,0.0,0.0,0.0,0.0,4.0,0.0,0.0,0.0,0.0,0.0,0.0,0.0,0.0,2.0,1.0,0.0,0.0,0.0,1.0,1.0,0.0,0.0,0.0,0.0,0.0,0.0,1.0,0.0,0.0,1.0,0.0,1.0,0.0,1.0,1.0,0.0,1.0,1.0,0.0,0.0,0.0,1.0,0.0,0.0,1.0,0.0,0.0,0.0,0.0,0.0,0.0,0.0,0.0,0.0,0.0,0.0,112.0,0.0,0.0,0.0,0.0
2007_EML,00092-metadata.xml,1.0,0.0,17.0,1.0,2.0,2.0,2.0,1.0,2.0,1.0,4.0,1.0,1.0,1.0,1.0,1.0,1.0,9.0,58.0,4.0,4.0,0.0,1.0,1.0,0.0,1.0,1.0,5.0,2.0,0.0,0.0,3.0,1.0,1.0,2.0,1.0,1.0,0.0,0.0,0.0,1.0,0.0,1.0,1.0,1.0,1.0,1.0,1.0,1.0,0.0,1.0,1.0,1.0,0.0,1.0,1.0,0.0,1.0,1.0,0.0,0.0,1.0,1.0,1.0,1.0,1.0,0.0,1.0,1.0,1.0,392.0,0.0,0.0,0.0,1.0
2007_EML,00093-metadata.xml,1.0,1.0,37.0,3.0,2.0,2.0,1.0,2.0,1.0,7.0,4.0,4.0,2.0,7.0,1.0,3.0,3.0,0.0,43.0,2.0,7.0,1.0,1.0,0.0,10.0,1.0,7.0,4.0,1.0,0.0,0.0,2.0,1.0,1.0,1.0,1.0,1.0,0.0,0.0,0.0,1.0,0.0,1.0,1.0,11.0,1.0,2.0,1.0,1.0,1.0,1.0,1.0,0.0,10.0,1.0,1.0,0.0,1.0,1.0,4.0,0.0,1.0,1.0,7.0,7.0,1.0,0.0,1.0,1.0,0.0,573.0,0.0,0.0,0.0,7.0
2007_EML,00094-metadata.xml,1.0,0.0,92.0,1.0,1.0,1.0,0.0,0.0,0.0,1.0,1.0,1.0,1.0,1.0,0.0,1.0,1.0,0.0,5.0,2.0,0.0,1.0,0.0,1.0,0.0,0.0,1.0,4.0,1.0,0.0,0.0,3.0,1.0,0.0,0.0,1.0,1.0,1.0,1.0,0.0,0.0,0.0,0.0,1.0,1.0,1.0,1.0,1.0,1.0,1.0,1.0,1.0,0.0,0.0,0.0,1.0,0.0,1.0,1.0,0.0,0.0,1.0,0.0,1.0,1.0,0.0,0.0,0.0,1.0,0.0,323.0,0.0,0.0,0.0,1.0
2007_EML,00095-metadata.xml,1.0,0.0,92.0,1.0,1.0,1.0,0.0,0.0,0.0,1.0,1.0,1.0,1.0,1.0,0.0,1.0,1.0,0.0,5.0,2.0,0.0,1.0,0.0,1.0,0.0,0.0,1.0,4.0,1.0,0.0,0.0,3.0,1.0,0.0,0.0,1.0,1.0,1.0,1.0,0.0,0.0,0.0,0.0,1.0,1.0,1.0,1.0,1.0,1.0,1.0,1.0,1.0,0.0,0.0,0.0,1.0,0.0,1.0,1.0,0.0,0.0,1.0,0.0,1.0,1.0,0.0,0.0,0.0,1.0,0.0,323.0,0.0,0.0,0.0,1.0
2007_EML,00096-metadata.xml,1.0,0.0,5.0,1.0,1.0,1.0,0.0,1.0,0.0,1.0,3.0,1.0,1.0,1.0,1.0,1.0,1.0,0.0,4.0,0.0,0.0,1.0,0.0,1.0,0.0,0.0,1.0,2.0,0.0,0.0,0.0,0.0,1.0,1.0,0.0,1.0,1.0,1.0,1.0,0.0,1.0,0.0,0.0,1.0,1.0,1.0,1.0,1.0,1.0,0.0,1.0,1.0,0.0,0.0,0.0,1.0,0.0,1.0,1.0,0.0,0.0,1.0,0.0,1.0,1.0,1.0,0.0,0.0,1.0,0.0,183.0,0.0,0.0,0.0,1.0
2007_EML,00097-metadata.xml,1.0,0.0,20.0,1.0,2.0,2.0,2.0,1.0,2.0,1.0,5.0,2.0,1.0,1.0,1.0,1.0,1.0,6.0,53.0,4.0,4.0,0.0,1.0,1.0,0.0,1.0,1.0,4.0,2.0,0.0,0.0,3.0,1.0,1.0,2.0,1.0,1.0,0.0,0.0,0.0,1.0,0.0,1.0,1.0,1.0,1.0,1.0,1.0,1.0,0.0,1.0,1.0,1.0,0.0,1.0,1.0,0.0,1.0,1.0,0.0,0.0,1.0,1.0,1.0,1.0,1.0,0.0,1.0,1.0,1.0,413.0,0.0,0.0,0.0,1.0
2007_EML,00098-metadata.xml,1.0,0.0,4.0,1.0,1.0,1.0,0.0,0.0,1.0,1.0,2.0,1.0,1.0,1.0,1.0,1.0,1.0,0.0,10.0,0.0,0.0,1.0,1.0,1.0,0.0,1.0,1.0,4.0,0.0,0.0,0.0,0.0,1.0,0.0,1.0,1.0,1.0,1.0,1.0,0.0,0.0,0.0,1.0,1.0,1.0,1.0,1.0,1.0,1.0,0.0,1.0,1.0,0.0,0.0,1.0,1.0,0.0,1.0,1.0,2.0,1.0,1.0,1.0,1.0,1.0,1.0,0.0,0.0,1.0,0.0,150.0,0.0,0.0,0.0,1.0
2007_EML,00099-metadata.xml,1.0,0.0,8.0,1.0,5.0,5.0,4.0,0.0,5.0,1.0,4.0,1.0,1.0,1.0,1.0,1.0,1.0,0.0,1.0,0.0,1.0,1.0,1.0,1.0,0.0,1.0,1.0,4.0,1.0,0.0,0.0,0.0,1.0,0.0,5.0,1.0,1.0,0.0,0.0,0.0,0.0,0.0,1.0,1.0,1.0,1.0,1.0,1.0,1.0,0.0,1.0,1.0,0.0,0.0,1.0,1.0,0.0,1.0,1.0,0.0,0.0,1.0,1.0,1.0,1.0,1.0,0.0,0.0,1.0,0.0,173.0,0.0,0.0,0.0,1.0
2007_EML,00100-metadata.xml,1.0,0.0,20.0,1.0,2.0,2.0,2.0,1.0,2.0,1.0,8.0,1.0,1.0,1.0,1.0,1.0,1.0,6.0,58.0,4.0,4.0,0.0,1.0,1.0,0.0,1.0,1.0,4.0,2.0,0.0,0.0,3.0,1.0,1.0,2.0,1.0,1.0,0.0,0.0,0.0,1.0,0.0,1.0,1.0,1.0,1.0,1.0,1.0,1.0,0.0,1.0,1.0,1.0,0.0,1.0,1.0,0.0,1.0,1.0,0.0,0.0,1.0,1.0,1.0,1.0,1.0,0.0,1.0,1.0,1.0,423.0,0.0,0.0,0.0,1.0
2007_EML,00101-metadata.xml,1.0,0.0,4.0,1.0,1.0,1.0,0.0,1.0,1.0,1.0,0.0,0.0,1.0,1.0,1.0,0.0,0.0,0.0,2.0,0.0,0.0,0.0,0.0,0.0,0.0,0.0,1.0,1.0,1.0,0.0,0.0,0.0,0.0,0.0,1.0,0.0,0.0,0.0,0.0,0.0,0.0,0.0,0.0,1.0,0.0,0.0,1.0,1.0,1.0,0.0,0.0,1.0,0.0,0.0,0.0,1.0,0.0,1.0,0.0,0.0,0.0,1.0,0.0,1.0,1.0,1.0,0.0,0.0,1.0,0.0,66.0,0.0,0.0,0.0,1.0
2007_EML,00102-metadata.xml,1.0,0.0,6.0,1.0,1.0,1.0,0.0,1.0,0.0,1.0,2.0,1.0,1.0,1.0,1.0,1.0,1.0,0.0,7.0,0.0,0.0,1.0,1.0,1.0,0.0,1.0,1.0,3.0,1.0,0.0,0.0,0.0,1.0,1.0,0.0,1.0,1.0,1.0,1.0,0.0,1.0,0.0,1.0,1.0,1.0,1.0,1.0,1.0,1.0,0.0,1.0,1.0,0.0,0.0,1.0,1.0,0.0,1.0,1.0,0.0,0.0,1.0,1.0,1.0,1.0,1.0,0.0,0.0,1.0,0.0,166.0,0.0,0.0,0.0,1.0
2007_EML,00103-metadata.xml,1.0,0.0,10.0,1.0,1.0,1.0,0.0,0.0,1.0,1.0,0.0,0.0,1.0,1.0,1.0,1.0,1.0,0.0,4.0,0.0,2.0,1.0,1.0,1.0,0.0,1.0,1.0,4.0,1.0,0.0,0.0,0.0,1.0,1.0,1.0,1.0,1.0,1.0,1.0,0.0,1.0,0.0,1.0,2.0,1.0,1.0,1.0,1.0,1.0,1.0,1.0,1.0,0.0,0.0,1.0,1.0,0.0,1.0,1.0,0.0,0.0,1.0,1.0,1.0,1.0,1.0,0.0,0.0,1.0,0.0,153.0,0.0,0.0,0.0,1.0
2007_EML,00104-metadata.xml,1.0,0.0,100.0,7.0,1.0,1.0,0.0,0.0,1.0,1.0,3.0,2.0,1.0,1.0,1.0,0.0,0.0,0.0,2.0,1.0,1.0,1.0,1.0,0.0,4.0,1.0,1.0,1.0,0.0,0.0,0.0,0.0,1.0,1.0,1.0,1.0,1.0,1.0,1.0,1.0,1.0,0.0,1.0,2.0,5.0,1.0,1.0,1.0,1.0,0.0,1.0,1.0,0.0,4.0,1.0,1.0,1.0,1.0,1.0,0.0,0.0,1.0,1.0,1.0,1.0,1.0,1.0,1.0,1.0,0.0,936.0,0.0,0.0,0.0,1.0
2007_EML,00105-metadata.xml,0.0,0.0,13.0,1.0,3.0,3.0,0.0,0.0,3.0,1.0,2.0,1.0,1.0,1.0,1.0,1.0,1.0,0.0,7.0,0.0,0.0,0.0,0.0,1.0,0.0,0.0,1.0,6.0,3.0,0.0,0.0,0.0,1.0,0.0,3.0,0.0,1.0,0.0,0.0,0.0,0.0,0.0,0.0,1.0,0.0,1.0,1.0,1.0,1.0,0.0,1.0,1.0,0.0,0.0,0.0,1.0,0.0,1.0,1.0,0.0,0.0,1.0,0.0,1.0,1.0,1.0,0.0,0.0,1.0,0.0,275.0,0.0,0.0,0.0,1.0
2007_EML,00106-metadata.xml,1.0,0.0,92.0,1.0,1.0,1.0,0.0,0.0,0.0,1.0,1.0,1.0,1.0,1.0,0.0,1.0,1.0,0.0,5.0,2.0,0.0,1.0,0.0,1.0,0.0,0.0,1.0,4.0,1.0,0.0,0.0,3.0,1.0,0.0,0.0,1.0,1.0,1.0,1.0,0.0,0.0,0.0,0.0,1.0,1.0,1.0,1.0,1.0,1.0,1.0,1.0,1.0,0.0,0.0,0.0,1.0,0.0,1.0,1.0,0.0,0.0,1.0,0.0,1.0,1.0,0.0,0.0,0.0,1.0,0.0,323.0,0.0,0.0,0.0,1.0
2007_EML,00107-metadata.xml,1.0,0.0,0.0,0.0,2.0,2.0,2.0,0.0,2.0,1.0,1.0,1.0,0.0,1.0,1.0,0.0,0.0,0.0,9.0,0.0,1.0,1.0,1.0,1.0,0.0,1.0,1.0,4.0,1.0,0.0,0.0,0.0,1.0,0.0,2.0,1.0,1.0,0.0,0.0,0.0,0.0,0.0,1.0,1.0,1.0,1.0,0.0,1.0,1.0,0.0,1.0,1.0,0.0,0.0,1.0,1.0,0.0,1.0,1.0,0.0,0.0,1.0,1.0,1.0,1.0,1.0,0.0,0.0,1.0,0.0,120.0,0.0,0.0,0.0,1.0
2007_EML,00108-metadata.xml,1.0,0.0,15.0,1.0,5.0,5.0,0.0,0.0,5.0,1.0,0.0,0.0,1.0,1.0,1.0,1.0,1.0,0.0,4.0,0.0,2.0,1.0,1.0,1.0,0.0,1.0,1.0,6.0,2.0,0.0,0.0,0.0,1.0,1.0,5.0,1.0,1.0,1.0,1.0,0.0,1.0,0.0,1.0,2.0,1.0,1.0,1.0,1.0,1.0,1.0,1.0,1.0,0.0,0.0,1.0,1.0,0.0,1.0,1.0,0.0,0.0,1.0,1.0,1.0,1.0,1.0,0.0,0.0,1.0,0.0,242.0,0.0,0.0,0.0,1.0
2007_EML,00109-metadata.xml,1.0,6.0,15.0,3.0,2.0,2.0,1.0,0.0,1.0,1.0,1.0,1.0,1.0,1.0,1.0,3.0,3.0,0.0,4.0,2.0,1.0,1.0,1.0,1.0,4.0,1.0,1.0,2.0,1.0,0.0,0.0,0.0,1.0,1.0,1.0,1.0,1.0,1.0,1.0,1.0,1.0,0.0,1.0,2.0,5.0,1.0,1.0,1.0,1.0,0.0,1.0,1.0,0.0,4.0,1.0,1.0,1.0,1.0,1.0,0.0,0.0,1.0,1.0,1.0,1.0,1.0,0.0,1.0,1.0,0.0,929.0,1.0,1.0,1.0,1.0
2007_EML,00110-metadata.xml,1.0,0.0,22.0,1.0,1.0,1.0,0.0,1.0,0.0,1.0,1.0,1.0,1.0,1.0,1.0,1.0,1.0,0.0,6.0,0.0,0.0,1.0,1.0,1.0,0.0,1.0,1.0,3.0,1.0,0.0,0.0,0.0,1.0,1.0,0.0,1.0,1.0,1.0,1.0,0.0,1.0,0.0,1.0,1.0,1.0,1.0,1.0,1.0,1.0,0.0,1.0,1.0,0.0,0.0,1.0,1.0,0.0,1.0,1.0,0.0,0.0,1.0,1.0,1.0,1.0,1.0,0.0,0.0,1.0,0.0,221.0,0.0,0.0,0.0,1.0
2007_EML,00111-metadata.xml,1.0,0.0,2.0,1.0,5.0,5.0,2.0,0.0,2.0,1.0,1.0,1.0,1.0,1.0,1.0,1.0,1.0,0.0,3.0,0.0,1.0,1.0,1.0,1.0,0.0,1.0,1.0,4.0,1.0,0.0,0.0,0.0,1.0,0.0,2.0,1.0,1.0,0.0,0.0,0.0,0.0,0.0,1.0,1.0,1.0,1.0,1.0,1.0,1.0,0.0,1.0,1.0,0.0,0.0,1.0,1.0,0.0,1.0,1.0,0.0,0.0,1.0,1.0,1.0,1.0,1.0,0.0,0.0,1.0,0.0,140.0,0.0,0.0,0.0,1.0
2007_EML,00112-metadata.xml,1.0,0.0,8.0,1.0,1.0,1.0,0.0,1.0,0.0,23.0,2.0,1.0,1.0,23.0,1.0,1.0,1.0,0.0,9.0,0.0,0.0,1.0,1.0,1.0,0.0,1.0,23.0,3.0,1.0,0.0,0.0,0.0,1.0,1.0,0.0,1.0,1.0,1.0,1.0,0.0,1.0,0.0,1.0,1.0,1.0,1.0,1.0,1.0,1.0,0.0,1.0,1.0,0.0,0.0,1.0,1.0,0.0,1.0,1.0,0.0,0.0,1.0,1.0,23.0,24.0,1.0,0.0,0.0,1.0,0.0,218.0,0.0,0.0,0.0,23.0
2007_EML,00113-metadata.xml,1.0,0.0,66.0,2.0,2.0,2.0,0.0,0.0,0.0,1.0,2.0,1.0,1.0,1.0,1.0,2.0,2.0,0.0,9.0,0.0,3.0,1.0,1.0,0.0,0.0,1.0,1.0,2.0,0.0,0.0,0.0,0.0,1.0,0.0,0.0,1.0,1.0,0.0,0.0,0.0,0.0,0.0,1.0,1.0,1.0,1.0,1.0,1.0,1.0,0.0,1.0,1.0,0.0,0.0,1.0,1.0,0.0,1.0,1.0,0.0,0.0,1.0,1.0,1.0,1.0,1.0,0.0,1.0,1.0,0.0,274.0,1.0,1.0,1.0,1.0
2007_EML,00114-metadata.xml,1.0,0.0,6.0,1.0,1.0,1.0,0.0,0.0,1.0,1.0,2.0,1.0,1.0,1.0,1.0,1.0,1.0,0.0,10.0,0.0,0.0,1.0,1.0,1.0,0.0,1.0,1.0,4.0,0.0,0.0,0.0,0.0,1.0,0.0,1.0,1.0,1.0,1.0,1.0,0.0,0.0,0.0,1.0,1.0,1.0,1.0,1.0,1.0,1.0,0.0,1.0,1.0,0.0,0.0,1.0,1.0,0.0,1.0,1.0,2.0,1.0,1.0,1.0,1.0,1.0,1.0,0.0,0.0,1.0,0.0,147.0,0.0,0.0,0.0,1.0
2007_EML,00115-metadata.xml,1.0,0.0,8.0,1.0,5.0,5.0,3.0,0.0,4.0,1.0,2.0,1.0,1.0,1.0,1.0,1.0,1.0,0.0,7.0,0.0,1.0,1.0,1.0,1.0,0.0,1.0,1.0,4.0,1.0,0.0,0.0,0.0,1.0,0.0,4.0,1.0,1.0,0.0,0.0,0.0,0.0,0.0,1.0,1.0,1.0,1.0,1.0,1.0,1.0,0.0,1.0,1.0,0.0,0.0,1.0,1.0,0.0,1.0,1.0,0.0,0.0,1.0,1.0,1.0,1.0,1.0,0.0,0.0,1.0,0.0,160.0,0.0,0.0,0.0,1.0
2007_EML,00116-metadata.xml,1.0,0.0,39.0,1.0,5.0,5.0,0.0,5.0,0.0,1.0,8.0,1.0,1.0,1.0,1.0,1.0,1.0,0.0,9.0,0.0,0.0,1.0,1.0,1.0,0.0,1.0,1.0,3.0,1.0,0.0,0.0,0.0,1.0,1.0,0.0,1.0,1.0,1.0,1.0,0.0,1.0,0.0,1.0,1.0,1.0,1.0,1.0,1.0,1.0,0.0,1.0,1.0,0.0,0.0,1.0,1.0,0.0,1.0,1.0,0.0,0.0,1.0,1.0,1.0,2.0,1.0,0.0,0.0,1.0,0.0,324.0,0.0,0.0,0.0,1.0
2007_EML,00117-metadata.xml,1.0,0.0,81.0,4.0,2.0,2.0,2.0,2.0,1.0,1.0,2.0,2.0,2.0,1.0,1.0,5.0,5.0,0.0,19.0,2.0,5.0,1.0,1.0,0.0,3.0,1.0,1.0,4.0,1.0,0.0,0.0,2.0,1.0,1.0,1.0,1.0,1.0,0.0,0.0,0.0,1.0,0.0,1.0,1.0,4.0,1.0,2.0,1.0,1.0,1.0,1.0,1.0,1.0,3.0,1.0,1.0,1.0,1.0,1.0,2.0,0.0,1.0,1.0,1.0,1.0,1.0,0.0,0.0,1.0,0.0,1001.0,0.0,0.0,0.0,1.0
2007_EML,00118-metadata.xml,1.0,0.0,92.0,1.0,1.0,1.0,0.0,0.0,0.0,1.0,1.0,1.0,1.0,1.0,0.0,1.0,1.0,0.0,5.0,2.0,0.0,1.0,0.0,1.0,0.0,0.0,1.0,4.0,1.0,0.0,0.0,3.0,1.0,0.0,0.0,1.0,1.0,1.0,1.0,0.0,0.0,0.0,0.0,1.0,1.0,1.0,1.0,1.0,1.0,1.0,1.0,1.0,0.0,0.0,0.0,1.0,0.0,1.0,1.0,0.0,0.0,1.0,0.0,1.0,1.0,0.0,0.0,0.0,1.0,0.0,323.0,0.0,0.0,0.0,1.0
2007_EML,00119-metadata.xml,1.0,0.0,82.0,4.0,2.0,2.0,2.0,2.0,1.0,1.0,2.0,2.0,2.0,1.0,1.0,5.0,5.0,0.0,19.0,2.0,5.0,1.0,1.0,0.0,1.0,1.0,1.0,4.0,1.0,0.0,0.0,2.0,1.0,1.0,1.0,1.0,1.0,0.0,0.0,0.0,1.0,0.0,1.0,1.0,2.0,1.0,2.0,1.0,1.0,1.0,1.0,1.0,1.0,1.0,1.0,1.0,1.0,1.0,1.0,2.0,0.0,1.0,1.0,1.0,1.0,1.0,0.0,0.0,1.0,0.0,994.0,0.0,0.0,0.0,1.0
2007_EML,00120-metadata.xml,1.0,0.0,0.0,0.0,1.0,1.0,1.0,0.0,1.0,1.0,0.0,0.0,0.0,1.0,1.0,0.0,0.0,0.0,3.0,0.0,0.0,0.0,0.0,0.0,0.0,0.0,1.0,0.0,0.0,0.0,0.0,0.0,0.0,1.0,1.0,0.0,0.0,0.0,0.0,0.0,1.0,0.0,0.0,1.0,0.0,1.0,0.0,1.0,1.0,0.0,0.0,1.0,0.0,0.0,0.0,1.0,0.0,1.0,1.0,0.0,0.0,1.0,0.0,1.0,1.0,1.0,0.0,0.0,1.0,0.0,64.0,0.0,0.0,0.0,1.0
2007_EML,00121-metadata.xml,1.0,0.0,7.0,1.0,4.0,4.0,3.0,0.0,4.0,1.0,3.0,1.0,1.0,1.0,1.0,1.0,1.0,0.0,3.0,0.0,1.0,1.0,1.0,1.0,0.0,1.0,1.0,4.0,1.0,0.0,0.0,0.0,0.0,0.0,4.0,1.0,1.0,0.0,0.0,0.0,0.0,0.0,1.0,1.0,1.0,1.0,1.0,1.0,1.0,0.0,0.0,1.0,0.0,0.0,1.0,1.0,0.0,1.0,1.0,0.0,0.0,1.0,1.0,1.0,1.0,1.0,0.0,0.0,1.0,0.0,174.0,0.0,0.0,0.0,1.0
2007_EML,00122-metadata.xml,1.0,0.0,32.0,1.0,1.0,1.0,1.0,0.0,1.0,1.0,8.0,3.0,1.0,1.0,1.0,1.0,1.0,8.0,13.0,0.0,0.0,1.0,0.0,1.0,0.0,0.0,1.0,6.0,1.0,0.0,1.0,0.0,1.0,1.0,1.0,1.0,1.0,1.0,1.0,0.0,1.0,1.0,0.0,2.0,1.0,1.0,1.0,1.0,1.0,0.0,1.0,1.0,1.0,0.0,0.0,1.0,0.0,1.0,1.0,0.0,0.0,1.0,0.0,1.0,2.0,1.0,0.0,0.0,1.0,0.0,485.0,0.0,0.0,0.0,1.0
2007_EML,00123-metadata.xml,1.0,0.0,0.0,0.0,2.0,2.0,1.0,0.0,2.0,1.0,0.0,0.0,0.0,1.0,1.0,0.0,0.0,0.0,4.0,0.0,0.0,0.0,0.0,0.0,0.0,0.0,1.0,0.0,0.0,0.0,0.0,0.0,0.0,1.0,2.0,0.0,0.0,0.0,0.0,0.0,1.0,0.0,0.0,1.0,0.0,1.0,0.0,1.0,1.0,0.0,0.0,1.0,0.0,0.0,0.0,1.0,0.0,1.0,1.0,0.0,0.0,1.0,0.0,1.0,1.0,1.0,0.0,0.0,1.0,0.0,66.0,0.0,0.0,0.0,1.0
2007_EML,00124-metadata.xml,1.0,0.0,15.0,1.0,5.0,5.0,0.0,0.0,5.0,1.0,0.0,0.0,1.0,1.0,1.0,1.0,1.0,0.0,4.0,0.0,2.0,1.0,1.0,1.0,0.0,1.0,1.0,6.0,2.0,0.0,0.0,0.0,1.0,1.0,5.0,1.0,1.0,1.0,1.0,0.0,1.0,0.0,1.0,2.0,1.0,1.0,1.0,1.0,1.0,1.0,1.0,1.0,0.0,0.0,1.0,1.0,0.0,1.0,1.0,0.0,0.0,1.0,1.0,1.0,1.0,1.0,0.0,0.0,1.0,0.0,242.0,0.0,0.0,0.0,1.0
2007_EML,00125-metadata.xml,0.0,0.0,5.0,1.0,1.0,1.0,0.0,0.0,0.0,0.0,0.0,0.0,0.0,0.0,0.0,0.0,0.0,0.0,11.0,0.0,0.0,0.0,1.0,0.0,0.0,1.0,0.0,2.0,1.0,0.0,0.0,0.0,1.0,1.0,0.0,0.0,1.0,0.0,0.0,0.0,1.0,0.0,1.0,1.0,0.0,1.0,0.0,1.0,1.0,0.0,1.0,1.0,0.0,0.0,1.0,1.0,0.0,1.0,1.0,0.0,0.0,1.0,1.0,0.0,0.0,0.0,0.0,0.0,0.0,0.0,128.0,0.0,0.0,0.0,0.0
2007_EML,00126-metadata.xml,1.0,0.0,49.0,1.0,1.0,1.0,0.0,0.0,1.0,1.0,0.0,0.0,1.0,1.0,0.0,1.0,1.0,0.0,3.0,0.0,1.0,1.0,1.0,1.0,0.0,1.0,1.0,4.0,1.0,0.0,0.0,0.0,1.0,1.0,1.0,0.0,1.0,1.0,1.0,0.0,1.0,0.0,1.0,2.0,0.0,1.0,1.0,1.0,1.0,1.0,1.0,1.0,0.0,0.0,1.0,1.0,0.0,1.0,1.0,0.0,0.0,1.0,1.0,1.0,1.0,0.0,0.0,0.0,0.0,0.0,259.0,0.0,0.0,0.0,1.0
2007_EML,00127-metadata.xml,1.0,0.0,2.0,1.0,1.0,1.0,0.0,1.0,0.0,1.0,2.0,1.0,1.0,1.0,1.0,1.0,1.0,0.0,11.0,0.0,0.0,1.0,1.0,1.0,0.0,1.0,1.0,3.0,1.0,0.0,0.0,0.0,1.0,1.0,0.0,1.0,1.0,1.0,1.0,0.0,1.0,0.0,1.0,1.0,1.0,1.0,1.0,1.0,1.0,0.0,1.0,1.0,0.0,0.0,1.0,1.0,0.0,1.0,1.0,0.0,0.0,1.0,1.0,1.0,1.0,1.0,0.0,0.0,1.0,0.0,135.0,0.0,0.0,0.0,1.0
2007_EML,00128-metadata.xml,1.0,0.0,0.0,0.0,2.0,2.0,1.0,0.0,2.0,1.0,0.0,0.0,0.0,1.0,1.0,0.0,0.0,0.0,4.0,0.0,0.0,0.0,0.0,0.0,0.0,0.0,1.0,0.0,0.0,0.0,0.0,0.0,0.0,1.0,2.0,0.0,0.0,0.0,0.0,0.0,1.0,0.0,0.0,1.0,0.0,1.0,0.0,1.0,1.0,0.0,0.0,1.0,0.0,0.0,0.0,1.0,0.0,1.0,1.0,0.0,0.0,1.0,0.0,1.0,1.0,1.0,0.0,0.0,1.0,0.0,66.0,0.0,0.0,0.0,1.0
2007_EML,00129-metadata.xml,0.0,0.0,19.0,1.0,3.0,3.0,2.0,0.0,2.0,1.0,0.0,0.0,1.0,1.0,1.0,1.0,1.0,0.0,6.0,0.0,1.0,1.0,1.0,1.0,0.0,1.0,1.0,4.0,1.0,0.0,0.0,0.0,1.0,0.0,2.0,1.0,1.0,0.0,0.0,0.0,0.0,0.0,1.0,1.0,1.0,1.0,1.0,1.0,1.0,0.0,1.0,1.0,0.0,0.0,1.0,1.0,0.0,1.0,1.0,0.0,0.0,1.0,1.0,1.0,1.0,1.0,0.0,0.0,1.0,0.0,172.0,0.0,0.0,0.0,1.0
2007_EML,00130-metadata.xml,1.0,0.0,12.0,1.0,2.0,2.0,0.0,2.0,0.0,1.0,1.0,1.0,1.0,1.0,1.0,1.0,1.0,0.0,9.0,0.0,0.0,1.0,1.0,1.0,0.0,1.0,1.0,3.0,1.0,0.0,0.0,0.0,1.0,1.0,0.0,1.0,1.0,1.0,1.0,0.0,1.0,0.0,1.0,1.0,1.0,1.0,1.0,1.0,1.0,0.0,1.0,1.0,0.0,0.0,1.0,1.0,0.0,1.0,1.0,0.0,0.0,1.0,1.0,1.0,1.0,1.0,0.0,0.0,1.0,0.0,188.0,0.0,0.0,0.0,1.0
2007_EML,00131-metadata.xml,1.0,0.0,19.0,1.0,2.0,2.0,2.0,1.0,2.0,1.0,5.0,2.0,1.0,1.0,1.0,1.0,1.0,3.0,46.0,4.0,4.0,0.0,1.0,1.0,0.0,1.0,1.0,4.0,2.0,0.0,0.0,3.0,1.0,1.0,2.0,1.0,1.0,0.0,0.0,0.0,1.0,0.0,1.0,1.0,1.0,1.0,1.0,1.0,1.0,0.0,1.0,1.0,1.0,0.0,1.0,1.0,0.0,1.0,1.0,0.0,0.0,1.0,1.0,1.0,1.0,1.0,0.0,1.0,1.0,1.0,390.0,0.0,0.0,0.0,1.0
2007_EML,00132-metadata.xml,1.0,0.0,8.0,1.0,5.0,5.0,3.0,0.0,4.0,1.0,2.0,1.0,1.0,1.0,1.0,1.0,1.0,0.0,7.0,0.0,1.0,1.0,1.0,1.0,0.0,1.0,1.0,4.0,1.0,0.0,0.0,0.0,1.0,0.0,4.0,1.0,1.0,0.0,0.0,0.0,0.0,0.0,1.0,1.0,1.0,1.0,1.0,1.0,1.0,0.0,1.0,1.0,0.0,0.0,1.0,1.0,0.0,1.0,1.0,0.0,0.0,1.0,1.0,1.0,1.0,1.0,0.0,0.0,1.0,0.0,160.0,0.0,0.0,0.0,1.0
2007_EML,00133-metadata.xml,1.0,0.0,1.0,1.0,1.0,1.0,1.0,0.0,2.0,1.0,2.0,2.0,0.0,1.0,1.0,1.0,1.0,0.0,6.0,0.0,0.0,0.0,0.0,1.0,0.0,0.0,1.0,0.0,0.0,0.0,0.0,0.0,0.0,0.0,2.0,1.0,0.0,0.0,0.0,0.0,0.0,0.0,0.0,1.0,1.0,1.0,0.0,1.0,1.0,0.0,0.0,1.0,0.0,0.0,0.0,1.0,0.0,1.0,1.0,0.0,0.0,1.0,0.0,1.0,1.0,1.0,0.0,0.0,1.0,0.0,107.0,1.0,1.0,1.0,1.0
2007_EML,00134-metadata.xml,1.0,0.0,92.0,1.0,1.0,1.0,0.0,0.0,0.0,1.0,1.0,1.0,1.0,1.0,0.0,1.0,1.0,0.0,5.0,2.0,0.0,1.0,0.0,1.0,0.0,0.0,1.0,4.0,1.0,0.0,0.0,3.0,1.0,0.0,0.0,1.0,1.0,1.0,1.0,0.0,0.0,0.0,0.0,1.0,1.0,1.0,1.0,1.0,1.0,1.0,1.0,1.0,0.0,0.0,0.0,1.0,0.0,1.0,1.0,0.0,0.0,1.0,0.0,1.0,1.0,0.0,0.0,0.0,1.0,0.0,323.0,0.0,0.0,0.0,1.0
2007_EML,00135-metadata.xml,1.0,1.0,26.0,1.0,2.0,2.0,2.0,2.0,1.0,4.0,0.0,0.0,1.0,4.0,1.0,1.0,1.0,0.0,36.0,3.0,7.0,1.0,1.0,0.0,2.0,1.0,4.0,2.0,1.0,0.0,0.0,5.0,1.0,1.0,1.0,1.0,1.0,0.0,0.0,0.0,1.0,0.0,1.0,1.0,3.0,0.0,1.0,1.0,1.0,1.0,1.0,1.0,0.0,2.0,1.0,1.0,0.0,1.0,0.0,0.0,0.0,1.0,1.0,4.0,4.0,1.0,0.0,0.0,1.0,0.0,273.0,1.0,3.0,1.0,4.0
2007_EML,00136-metadata.xml,1.0,0.0,5.0,1.0,1.0,1.0,1.0,0.0,1.0,1.0,0.0,0.0,1.0,1.0,1.0,0.0,0.0,0.0,4.0,0.0,0.0,0.0,0.0,0.0,0.0,0.0,1.0,0.0,0.0,0.0,0.0,0.0,0.0,1.0,1.0,0.0,0.0,0.0,0.0,0.0,1.0,0.0,0.0,1.0,0.0,1.0,1.0,1.0,1.0,0.0,0.0,1.0,0.0,0.0,0.0,1.0,0.0,1.0,1.0,0.0,0.0,1.0,0.0,1.0,1.0,1.0,0.0,0.0,1.0,0.0,91.0,0.0,0.0,0.0,1.0
2007_EML,00137-metadata.xml,1.0,0.0,8.0,1.0,1.0,1.0,0.0,1.0,0.0,34.0,2.0,1.0,1.0,34.0,1.0,1.0,1.0,0.0,9.0,0.0,0.0,1.0,1.0,1.0,0.0,1.0,34.0,3.0,1.0,0.0,0.0,0.0,1.0,1.0,0.0,1.0,1.0,1.0,1.0,0.0,1.0,0.0,1.0,1.0,1.0,1.0,1.0,1.0,1.0,0.0,1.0,1.0,0.0,0.0,1.0,1.0,0.0,1.0,1.0,0.0,0.0,1.0,1.0,34.0,35.0,1.0,0.0,0.0,1.0,0.0,236.0,0.0,0.0,0.0,34.0
2007_EML,00138-metadata.xml,1.0,0.0,9.0,1.0,1.0,1.0,0.0,0.0,2.0,1.0,1.0,1.0,0.0,1.0,1.0,1.0,1.0,1.0,2.0,0.0,0.0,0.0,0.0,0.0,0.0,0.0,1.0,0.0,0.0,0.0,0.0,0.0,1.0,0.0,2.0,1.0,0.0,0.0,0.0,0.0,0.0,0.0,0.0,1.0,1.0,1.0,0.0,1.0,1.0,0.0,1.0,1.0,0.0,0.0,0.0,1.0,0.0,1.0,1.0,0.0,0.0,1.0,0.0,1.0,1.0,1.0,0.0,0.0,1.0,0.0,323.0,0.0,0.0,0.0,1.0
2007_EML,00139-metadata.xml,1.0,0.0,5.0,2.0,2.0,2.0,1.0,2.0,1.0,1.0,1.0,1.0,1.0,1.0,1.0,2.0,2.0,0.0,28.0,2.0,6.0,1.0,1.0,0.0,1.0,1.0,1.0,2.0,1.0,0.0,0.0,9.0,1.0,1.0,1.0,1.0,1.0,0.0,0.0,0.0,1.0,0.0,1.0,1.0,2.0,0.0,1.0,1.0,1.0,0.0,1.0,1.0,0.0,1.0,1.0,1.0,0.0,1.0,0.0,1.0,0.0,1.0,1.0,1.0,1.0,1.0,0.0,1.0,1.0,0.0,197.0,0.0,0.0,0.0,1.0
2007_EML,00140-metadata.xml,1.0,0.0,13.0,1.0,2.0,2.0,2.0,0.0,2.0,1.0,1.0,1.0,1.0,1.0,1.0,1.0,1.0,0.0,10.0,0.0,1.0,1.0,1.0,1.0,0.0,1.0,1.0,4.0,1.0,0.0,0.0,0.0,1.0,0.0,2.0,1.0,1.0,0.0,0.0,0.0,0.0,0.0,1.0,1.0,1.0,1.0,1.0,1.0,1.0,0.0,1.0,1.0,0.0,0.0,1.0,1.0,0.0,1.0,1.0,0.0,0.0,1.0,1.0,1.0,1.0,1.0,0.0,0.0,1.0,0.0,168.0,0.0,0.0,0.0,1.0
2007_EML,00141-metadata.xml,1.0,0.0,6.0,1.0,2.0,2.0,2.0,0.0,2.0,1.0,1.0,1.0,1.0,1.0,1.0,1.0,1.0,0.0,9.0,0.0,1.0,1.0,1.0,1.0,0.0,1.0,1.0,4.0,1.0,0.0,0.0,0.0,1.0,0.0,2.0,1.0,1.0,0.0,0.0,0.0,0.0,0.0,1.0,1.0,1.0,1.0,1.0,1.0,1.0,0.0,1.0,1.0,0.0,0.0,1.0,1.0,0.0,1.0,1.0,0.0,0.0,1.0,1.0,1.0,1.0,1.0,0.0,0.0,1.0,0.0,176.0,0.0,0.0,0.0,1.0
2007_EML,00142-metadata.xml,1.0,0.0,119.0,5.0,2.0,2.0,1.0,2.0,1.0,1.0,2.0,2.0,2.0,1.0,1.0,5.0,5.0,0.0,19.0,2.0,5.0,1.0,1.0,0.0,3.0,1.0,1.0,4.0,1.0,0.0,0.0,2.0,1.0,1.0,1.0,1.0,1.0,0.0,0.0,0.0,1.0,0.0,1.0,1.0,4.0,1.0,2.0,1.0,1.0,1.0,1.0,1.0,1.0,3.0,1.0,1.0,1.0,1.0,1.0,2.0,0.0,1.0,1.0,1.0,1.0,1.0,0.0,0.0,1.0,0.0,1001.0,0.0,0.0,0.0,1.0
2007_EML,00143-metadata.xml,1.0,0.0,11.0,1.0,1.0,1.0,1.0,0.0,1.0,2.0,2.0,2.0,1.0,1.0,1.0,1.0,1.0,1.0,14.0,0.0,0.0,1.0,0.0,1.0,0.0,0.0,2.0,6.0,1.0,0.0,1.0,0.0,1.0,1.0,1.0,1.0,1.0,1.0,1.0,0.0,1.0,1.0,0.0,2.0,1.0,1.0,1.0,1.0,1.0,0.0,1.0,1.0,1.0,0.0,0.0,1.0,0.0,1.0,1.0,0.0,0.0,1.0,0.0,1.0,2.0,1.0,0.0,0.0,1.0,0.0,354.0,0.0,0.0,0.0,2.0
2007_EML,00144-metadata.xml,1.0,0.0,0.0,0.0,2.0,2.0,1.0,0.0,2.0,1.0,0.0,0.0,0.0,1.0,1.0,0.0,0.0,0.0,3.0,0.0,0.0,0.0,0.0,0.0,0.0,0.0,1.0,0.0,0.0,0.0,0.0,0.0,0.0,1.0,2.0,0.0,0.0,0.0,0.0,0.0,1.0,0.0,0.0,1.0,0.0,1.0,0.0,1.0,1.0,0.0,0.0,1.0,0.0,0.0,0.0,1.0,0.0,1.0,1.0,0.0,0.0,1.0,0.0,1.0,1.0,1.0,0.0,0.0,1.0,0.0,67.0,0.0,0.0,0.0,1.0
2007_EML,00145-metadata.xml,1.0,0.0,11.0,1.0,1.0,1.0,0.0,1.0,0.0,1.0,1.0,1.0,1.0,1.0,1.0,1.0,1.0,0.0,15.0,0.0,0.0,1.0,1.0,1.0,0.0,1.0,1.0,3.0,1.0,0.0,0.0,0.0,1.0,1.0,0.0,1.0,1.0,1.0,1.0,0.0,1.0,0.0,1.0,1.0,1.0,1.0,1.0,1.0,1.0,0.0,1.0,1.0,0.0,0.0,1.0,1.0,0.0,1.0,1.0,0.0,0.0,1.0,1.0,1.0,1.0,1.0,0.0,0.0,1.0,0.0,176.0,0.0,0.0,0.0,1.0
2007_EML,00146-metadata.xml,1.0,0.0,32.0,1.0,2.0,2.0,0.0,0.0,0.0,1.0,1.0,1.0,1.0,1.0,1.0,1.0,1.0,0.0,11.0,0.0,3.0,0.0,1.0,0.0,0.0,1.0,1.0,2.0,0.0,0.0,0.0,0.0,1.0,0.0,0.0,1.0,1.0,0.0,0.0,0.0,0.0,0.0,1.0,1.0,1.0,1.0,1.0,1.0,1.0,0.0,1.0,1.0,0.0,0.0,1.0,1.0,0.0,1.0,1.0,0.0,0.0,1.0,1.0,1.0,1.0,1.0,0.0,1.0,1.0,0.0,174.0,1.0,1.0,1.0,1.0
2007_EML,00147-metadata.xml,1.0,0.0,32.0,1.0,1.0,1.0,1.0,0.0,1.0,1.0,8.0,3.0,1.0,1.0,1.0,1.0,1.0,8.0,13.0,0.0,0.0,1.0,0.0,1.0,0.0,0.0,1.0,6.0,1.0,0.0,1.0,0.0,1.0,1.0,1.0,1.0,1.0,1.0,1.0,0.0,1.0,1.0,0.0,2.0,1.0,1.0,1.0,1.0,1.0,0.0,1.0,1.0,1.0,0.0,0.0,1.0,0.0,1.0,1.0,0.0,0.0,1.0,0.0,1.0,2.0,1.0,0.0,0.0,1.0,0.0,485.0,0.0,0.0,0.0,1.0
2007_EML,00148-metadata.xml,1.0,0.0,6.0,1.0,1.0,1.0,0.0,1.0,0.0,35.0,0.0,0.0,1.0,35.0,1.0,1.0,1.0,0.0,11.0,0.0,0.0,1.0,1.0,1.0,0.0,1.0,35.0,3.0,1.0,0.0,0.0,0.0,1.0,1.0,0.0,1.0,1.0,1.0,1.0,0.0,1.0,0.0,1.0,1.0,1.0,1.0,1.0,1.0,1.0,0.0,1.0,1.0,0.0,0.0,1.0,1.0,0.0,1.0,1.0,0.0,0.0,1.0,1.0,35.0,36.0,1.0,0.0,0.0,1.0,0.0,222.0,0.0,0.0,0.0,35.0
2007_EML,00149-metadata.xml,1.0,0.0,5.0,1.0,3.0,3.0,3.0,0.0,3.0,1.0,4.0,1.0,1.0,1.0,1.0,1.0,1.0,0.0,4.0,0.0,1.0,1.0,1.0,1.0,0.0,1.0,1.0,4.0,1.0,0.0,0.0,0.0,1.0,0.0,3.0,1.0,1.0,0.0,0.0,0.0,0.0,0.0,1.0,1.0,1.0,1.0,1.0,1.0,1.0,0.0,1.0,1.0,0.0,0.0,1.0,1.0,0.0,1.0,1.0,0.0,0.0,1.0,1.0,1.0,1.0,1.0,0.0,0.0,1.0,0.0,160.0,0.0,0.0,0.0,1.0
2007_EML,00150-metadata.xml,1.0,0.0,5.0,1.0,2.0,2.0,2.0,0.0,2.0,1.0,1.0,1.0,1.0,1.0,1.0,1.0,1.0,0.0,4.0,0.0,1.0,1.0,1.0,1.0,0.0,1.0,1.0,4.0,1.0,0.0,0.0,0.0,0.0,0.0,2.0,1.0,1.0,0.0,0.0,0.0,0.0,0.0,1.0,1.0,1.0,1.0,1.0,1.0,1.0,0.0,0.0,1.0,0.0,0.0,1.0,1.0,0.0,1.0,1.0,0.0,0.0,1.0,1.0,1.0,1.0,1.0,0.0,0.0,1.0,0.0,121.0,0.0,0.0,0.0,1.0
2007_EML,00151-metadata.xml,1.0,0.0,8.0,1.0,1.0,1.0,0.0,1.0,0.0,23.0,2.0,1.0,1.0,23.0,1.0,1.0,1.0,0.0,9.0,0.0,0.0,1.0,1.0,1.0,0.0,1.0,23.0,3.0,1.0,0.0,0.0,0.0,1.0,1.0,0.0,1.0,1.0,1.0,1.0,0.0,1.0,0.0,1.0,1.0,1.0,1.0,1.0,1.0,1.0,0.0,1.0,1.0,0.0,0.0,1.0,1.0,0.0,1.0,1.0,0.0,0.0,1.0,1.0,23.0,24.0,1.0,0.0,0.0,1.0,0.0,218.0,0.0,0.0,0.0,23.0
2007_EML,00152-metadata.xml,1.0,0.0,5.0,1.0,2.0,2.0,0.0,2.0,0.0,1.0,1.0,1.0,1.0,1.0,1.0,1.0,1.0,0.0,14.0,0.0,0.0,1.0,1.0,1.0,0.0,1.0,1.0,3.0,1.0,0.0,0.0,0.0,1.0,1.0,0.0,1.0,1.0,1.0,1.0,0.0,1.0,0.0,1.0,1.0,1.0,1.0,1.0,1.0,1.0,0.0,1.0,1.0,0.0,0.0,1.0,1.0,0.0,1.0,1.0,0.0,0.0,1.0,1.0,1.0,1.0,1.0,0.0,1.0,1.0,0.0,140.0,0.0,0.0,0.0,1.0
2007_EML,00153-metadata.xml,1.0,0.0,7.0,1.0,1.0,1.0,0.0,1.0,0.0,1.0,2.0,1.0,1.0,1.0,1.0,1.0,1.0,0.0,9.0,0.0,0.0,1.0,1.0,1.0,0.0,1.0,1.0,3.0,1.0,0.0,0.0,0.0,1.0,1.0,0.0,1.0,1.0,1.0,1.0,0.0,1.0,0.0,1.0,1.0,1.0,1.0,1.0,1.0,1.0,0.0,1.0,1.0,0.0,0.0,1.0,1.0,0.0,1.0,1.0,0.0,0.0,1.0,1.0,1.0,1.0,1.0,0.0,0.0,1.0,0.0,166.0,0.0,0.0,0.0,1.0
2007_EML,00154-metadata.xml,1.0,0.0,2.0,1.0,1.0,1.0,0.0,1.0,0.0,1.0,2.0,1.0,1.0,1.0,1.0,1.0,1.0,0.0,11.0,0.0,0.0,1.0,1.0,1.0,0.0,1.0,1.0,3.0,1.0,0.0,0.0,0.0,1.0,1.0,0.0,1.0,1.0,1.0,1.0,0.0,1.0,0.0,1.0,1.0,1.0,1.0,1.0,1.0,1.0,0.0,1.0,1.0,0.0,0.0,1.0,1.0,0.0,1.0,1.0,0.0,0.0,1.0,1.0,1.0,1.0,1.0,0.0,0.0,1.0,0.0,135.0,0.0,0.0,0.0,1.0
2007_EML,00155-metadata.xml,1.0,0.0,11.0,1.0,1.0,1.0,1.0,0.0,1.0,2.0,2.0,2.0,1.0,2.0,1.0,1.0,1.0,1.0,13.0,0.0,0.0,1.0,0.0,1.0,0.0,0.0,2.0,7.0,1.0,0.0,1.0,0.0,1.0,1.0,1.0,1.0,1.0,1.0,1.0,0.0,1.0,1.0,0.0,2.0,1.0,1.0,1.0,1.0,1.0,0.0,1.0,1.0,1.0,0.0,0.0,1.0,0.0,1.0,1.0,0.0,0.0,1.0,0.0,2.0,2.0,1.0,0.0,0.0,1.0,0.0,239.0,0.0,0.0,0.0,2.0
2007_EML,00156-metadata.xml,1.0,0.0,0.0,0.0,2.0,2.0,2.0,0.0,2.0,1.0,0.0,0.0,0.0,1.0,1.0,0.0,0.0,0.0,3.0,0.0,0.0,0.0,0.0,0.0,0.0,0.0,1.0,0.0,0.0,0.0,0.0,0.0,0.0,1.0,2.0,0.0,0.0,0.0,0.0,0.0,1.0,0.0,0.0,1.0,0.0,1.0,0.0,1.0,1.0,0.0,0.0,1.0,0.0,0.0,0.0,1.0,0.0,1.0,1.0,0.0,0.0,1.0,0.0,1.0,1.0,1.0,0.0,0.0,1.0,0.0,66.0,0.0,0.0,0.0,1.0
2007_EML,00157-metadata.xml,1.0,0.0,79.0,6.0,5.0,5.0,0.0,0.0,5.0,1.0,0.0,0.0,1.0,1.0,1.0,6.0,6.0,0.0,12.0,0.0,2.0,1.0,1.0,1.0,0.0,1.0,1.0,6.0,2.0,0.0,0.0,0.0,1.0,1.0,5.0,1.0,1.0,1.0,1.0,0.0,1.0,0.0,1.0,2.0,1.0,1.0,1.0,1.0,1.0,1.0,1.0,1.0,0.0,0.0,1.0,1.0,0.0,1.0,1.0,0.0,0.0,1.0,1.0,1.0,1.0,1.0,0.0,0.0,1.0,0.0,457.0,0.0,0.0,0.0,1.0
2007_EML,00158-metadata.xml,1.0,0.0,0.0,0.0,4.0,4.0,2.0,0.0,2.0,1.0,0.0,0.0,0.0,1.0,1.0,0.0,0.0,0.0,3.0,0.0,0.0,0.0,0.0,0.0,0.0,0.0,1.0,0.0,0.0,0.0,0.0,0.0,0.0,1.0,2.0,0.0,0.0,0.0,0.0,0.0,1.0,0.0,0.0,1.0,0.0,1.0,0.0,1.0,1.0,0.0,0.0,1.0,0.0,0.0,0.0,1.0,0.0,1.0,1.0,0.0,0.0,1.0,0.0,1.0,1.0,1.0,0.0,0.0,1.0,0.0,70.0,0.0,0.0,0.0,1.0
2007_EML,00159-metadata.xml,1.0,0.0,6.0,1.0,2.0,2.0,2.0,0.0,2.0,1.0,1.0,1.0,1.0,1.0,1.0,1.0,1.0,0.0,6.0,0.0,1.0,1.0,1.0,1.0,0.0,1.0,1.0,4.0,1.0,0.0,0.0,0.0,1.0,0.0,2.0,1.0,1.0,0.0,0.0,0.0,0.0,0.0,1.0,1.0,1.0,1.0,1.0,1.0,1.0,0.0,1.0,1.0,0.0,0.0,1.0,1.0,0.0,1.0,1.0,0.0,0.0,1.0,1.0,1.0,1.0,1.0,0.0,0.0,1.0,0.0,136.0,0.0,0.0,0.0,1.0
2007_EML,00160-metadata.xml,1.0,0.0,21.0,1.0,2.0,2.0,2.0,0.0,2.0,1.0,0.0,0.0,1.0,1.0,1.0,1.0,1.0,0.0,11.0,0.0,1.0,1.0,1.0,1.0,0.0,1.0,1.0,4.0,1.0,0.0,0.0,0.0,1.0,0.0,2.0,1.0,1.0,0.0,0.0,0.0,0.0,0.0,1.0,1.0,1.0,1.0,1.0,1.0,1.0,0.0,1.0,1.0,0.0,0.0,1.0,1.0,0.0,1.0,1.0,0.0,0.0,1.0,1.0,1.0,1.0,1.0,0.0,0.0,1.0,0.0,166.0,0.0,0.0,0.0,1.0
2007_EML,00161-metadata.xml,1.0,0.0,6.0,1.0,4.0,4.0,4.0,0.0,3.0,1.0,0.0,0.0,1.0,1.0,1.0,1.0,1.0,0.0,2.0,0.0,1.0,1.0,1.0,1.0,0.0,1.0,1.0,4.0,1.0,0.0,0.0,0.0,1.0,0.0,3.0,1.0,1.0,0.0,0.0,0.0,0.0,0.0,1.0,1.0,1.0,1.0,1.0,1.0,1.0,0.0,1.0,1.0,0.0,0.0,1.0,1.0,0.0,1.0,1.0,0.0,0.0,1.0,1.0,1.0,1.0,1.0,0.0,0.0,1.0,0.0,134.0,0.0,0.0,0.0,1.0
2007_EML,00162-metadata.xml,1.0,0.0,92.0,1.0,1.0,1.0,0.0,0.0,0.0,1.0,1.0,1.0,1.0,1.0,0.0,1.0,1.0,0.0,5.0,2.0,0.0,1.0,0.0,1.0,0.0,0.0,1.0,4.0,1.0,0.0,0.0,3.0,1.0,0.0,0.0,1.0,1.0,1.0,1.0,0.0,0.0,0.0,0.0,1.0,1.0,1.0,1.0,1.0,1.0,1.0,1.0,1.0,0.0,0.0,0.0,1.0,0.0,1.0,1.0,0.0,0.0,1.0,0.0,1.0,1.0,0.0,0.0,0.0,1.0,0.0,323.0,0.0,0.0,0.0,1.0
2007_EML,00163-metadata.xml,1.0,0.0,5.0,1.0,1.0,1.0,0.0,1.0,0.0,1.0,3.0,1.0,1.0,1.0,1.0,1.0,1.0,0.0,4.0,0.0,0.0,1.0,0.0,1.0,0.0,0.0,1.0,2.0,0.0,0.0,0.0,0.0,1.0,1.0,0.0,1.0,1.0,1.0,1.0,0.0,1.0,0.0,0.0,1.0,1.0,1.0,1.0,1.0,1.0,0.0,1.0,1.0,0.0,0.0,0.0,1.0,0.0,1.0,1.0,0.0,0.0,1.0,0.0,1.0,1.0,1.0,0.0,0.0,1.0,0.0,183.0,0.0,0.0,0.0,1.0
2007_EML,00164-metadata.xml,1.0,0.0,5.0,2.0,2.0,2.0,1.0,2.0,1.0,1.0,1.0,1.0,1.0,1.0,1.0,2.0,2.0,0.0,28.0,2.0,6.0,1.0,1.0,0.0,1.0,1.0,1.0,2.0,1.0,0.0,0.0,9.0,1.0,1.0,1.0,1.0,1.0,0.0,0.0,0.0,1.0,0.0,1.0,1.0,2.0,0.0,1.0,1.0,1.0,0.0,1.0,1.0,0.0,1.0,1.0,1.0,0.0,1.0,0.0,1.0,0.0,1.0,1.0,1.0,1.0,1.0,0.0,1.0,1.0,0.0,197.0,0.0,0.0,0.0,1.0
2007_EML,00165-metadata.xml,1.0,0.0,8.0,1.0,1.0,1.0,0.0,1.0,0.0,24.0,2.0,1.0,1.0,24.0,1.0,1.0,1.0,0.0,9.0,0.0,0.0,1.0,1.0,1.0,0.0,1.0,24.0,3.0,1.0,0.0,0.0,0.0,1.0,1.0,0.0,1.0,1.0,1.0,1.0,0.0,1.0,0.0,1.0,1.0,1.0,1.0,1.0,1.0,1.0,0.0,1.0,1.0,0.0,0.0,1.0,1.0,0.0,1.0,1.0,0.0,0.0,1.0,1.0,24.0,25.0,1.0,0.0,0.0,1.0,0.0,220.0,0.0,0.0,0.0,24.0
2007_EML,00166-metadata.xml,1.0,0.0,4.0,1.0,2.0,2.0,2.0,0.0,2.0,0.0,1.0,1.0,1.0,0.0,1.0,1.0,1.0,0.0,3.0,0.0,1.0,1.0,1.0,1.0,0.0,1.0,0.0,4.0,1.0,0.0,0.0,0.0,1.0,0.0,2.0,1.0,1.0,0.0,0.0,0.0,0.0,0.0,1.0,1.0,1.0,1.0,1.0,1.0,1.0,0.0,1.0,1.0,0.0,0.0,1.0,1.0,0.0,1.0,1.0,0.0,0.0,1.0,1.0,0.0,0.0,1.0,0.0,0.0,1.0,0.0,124.0,0.0,0.0,0.0,0.0
2007_EML,00167-metadata.xml,1.0,0.0,0.0,0.0,4.0,4.0,2.0,0.0,3.0,1.0,1.0,1.0,0.0,1.0,1.0,0.0,0.0,0.0,9.0,0.0,1.0,1.0,1.0,1.0,0.0,1.0,1.0,4.0,1.0,0.0,0.0,0.0,1.0,0.0,3.0,1.0,1.0,0.0,0.0,0.0,0.0,0.0,1.0,1.0,1.0,1.0,0.0,1.0,1.0,0.0,1.0,1.0,0.0,0.0,1.0,1.0,0.0,1.0,1.0,0.0,0.0,1.0,1.0,1.0,1.0,1.0,0.0,0.0,1.0,0.0,124.0,0.0,0.0,0.0,1.0
2007_EML,00168-metadata.xml,1.0,0.0,14.0,1.0,1.0,1.0,0.0,0.0,1.0,9.0,6.0,3.0,1.0,8.0,1.0,1.0,1.0,0.0,11.0,0.0,2.0,0.0,1.0,0.0,0.0,1.0,8.0,3.0,1.0,0.0,0.0,0.0,1.0,0.0,1.0,1.0,0.0,0.0,0.0,0.0,0.0,0.0,1.0,1.0,1.0,1.0,1.0,1.0,1.0,1.0,1.0,1.0,0.0,0.0,1.0,1.0,0.0,1.0,1.0,0.0,0.0,1.0,1.0,8.0,9.0,1.0,1.0,0.0,1.0,0.0,156.0,5.0,5.0,1.0,8.0
2007_EML,00169-metadata.xml,1.0,0.0,8.0,1.0,1.0,1.0,0.0,1.0,0.0,28.0,2.0,1.0,1.0,28.0,1.0,1.0,1.0,0.0,9.0,0.0,0.0,1.0,1.0,1.0,0.0,1.0,28.0,3.0,1.0,0.0,0.0,0.0,1.0,1.0,0.0,1.0,1.0,1.0,1.0,0.0,1.0,0.0,1.0,1.0,1.0,1.0,1.0,1.0,1.0,0.0,1.0,1.0,0.0,0.0,1.0,1.0,0.0,1.0,1.0,0.0,0.0,1.0,1.0,28.0,29.0,1.0,0.0,0.0,1.0,0.0,227.0,0.0,0.0,0.0,28.0
2007_EML,00170-metadata.xml,1.0,0.0,4.0,1.0,1.0,1.0,0.0,1.0,1.0,2.0,0.0,0.0,1.0,2.0,1.0,0.0,0.0,0.0,2.0,0.0,0.0,0.0,0.0,0.0,0.0,0.0,2.0,1.0,1.0,0.0,0.0,0.0,0.0,0.0,1.0,0.0,0.0,0.0,0.0,0.0,0.0,0.0,0.0,1.0,0.0,0.0,1.0,1.0,1.0,0.0,0.0,1.0,0.0,0.0,0.0,1.0,0.0,1.0,0.0,0.0,0.0,1.0,0.0,2.0,2.0,1.0,0.0,0.0,1.0,0.0,78.0,0.0,0.0,0.0,2.0
2007_EML,00171-metadata.xml,1.0,0.0,66.0,2.0,2.0,2.0,0.0,0.0,0.0,1.0,2.0,1.0,1.0,1.0,1.0,2.0,2.0,0.0,9.0,0.0,3.0,1.0,1.0,0.0,0.0,1.0,1.0,2.0,0.0,0.0,0.0,0.0,1.0,0.0,0.0,1.0,1.0,0.0,0.0,0.0,0.0,0.0,1.0,1.0,1.0,1.0,1.0,1.0,1.0,0.0,1.0,1.0,0.0,0.0,1.0,1.0,0.0,1.0,1.0,0.0,0.0,1.0,1.0,1.0,1.0,1.0,0.0,1.0,1.0,0.0,274.0,1.0,1.0,1.0,1.0
2007_EML,00172-metadata.xml,1.0,0.0,114.0,1.0,3.0,3.0,0.0,0.0,3.0,1.0,0.0,0.0,1.0,1.0,1.0,1.0,1.0,0.0,4.0,0.0,2.0,1.0,1.0,1.0,0.0,1.0,1.0,6.0,2.0,0.0,0.0,0.0,1.0,1.0,3.0,1.0,1.0,1.0,1.0,0.0,1.0,0.0,1.0,2.0,1.0,1.0,1.0,1.0,1.0,1.0,1.0,1.0,0.0,0.0,1.0,1.0,0.0,1.0,1.0,0.0,0.0,1.0,1.0,1.0,1.0,1.0,0.0,0.0,1.0,0.0,416.0,0.0,0.0,0.0,1.0
2007_EML,00173-metadata.xml,1.0,0.0,32.0,1.0,1.0,1.0,1.0,0.0,1.0,1.0,5.0,2.0,1.0,1.0,1.0,1.0,1.0,8.0,13.0,0.0,0.0,1.0,0.0,1.0,0.0,0.0,1.0,6.0,1.0,0.0,1.0,0.0,1.0,1.0,1.0,1.0,1.0,1.0,1.0,0.0,1.0,1.0,0.0,2.0,1.0,1.0,1.0,1.0,1.0,0.0,1.0,1.0,1.0,0.0,0.0,1.0,0.0,1.0,1.0,0.0,0.0,1.0,0.0,1.0,2.0,1.0,0.0,0.0,1.0,0.0,509.0,0.0,0.0,0.0,1.0
2007_EML,00174-metadata.xml,1.0,0.0,32.0,1.0,1.0,1.0,1.0,0.0,1.0,1.0,5.0,2.0,1.0,1.0,1.0,1.0,1.0,8.0,13.0,0.0,0.0,1.0,0.0,1.0,0.0,0.0,1.0,6.0,1.0,0.0,1.0,0.0,1.0,1.0,1.0,1.0,1.0,1.0,1.0,0.0,1.0,1.0,0.0,2.0,1.0,1.0,1.0,1.0,1.0,0.0,1.0,1.0,1.0,0.0,0.0,1.0,0.0,1.0,1.0,0.0,0.0,1.0,0.0,1.0,2.0,1.0,0.0,0.0,1.0,0.0,509.0,0.0,0.0,0.0,1.0
2007_EML,00175-metadata.xml,0.0,0.0,20.0,1.0,3.0,3.0,0.0,0.0,3.0,1.0,2.0,1.0,1.0,1.0,1.0,1.0,1.0,0.0,7.0,0.0,0.0,0.0,0.0,1.0,0.0,0.0,1.0,6.0,3.0,0.0,0.0,0.0,1.0,0.0,3.0,0.0,1.0,0.0,0.0,0.0,0.0,0.0,0.0,1.0,0.0,1.0,1.0,1.0,1.0,0.0,1.0,1.0,0.0,0.0,0.0,1.0,0.0,1.0,1.0,0.0,0.0,1.0,0.0,1.0,1.0,1.0,0.0,0.0,1.0,0.0,227.0,0.0,0.0,0.0,1.0
2007_EML,00176-metadata.xml,1.0,6.0,15.0,3.0,2.0,2.0,1.0,0.0,1.0,1.0,1.0,1.0,1.0,1.0,1.0,3.0,3.0,0.0,4.0,2.0,1.0,1.0,1.0,1.0,4.0,1.0,1.0,2.0,1.0,0.0,0.0,0.0,1.0,1.0,1.0,1.0,1.0,1.0,1.0,1.0,1.0,0.0,1.0,2.0,5.0,1.0,1.0,1.0,1.0,0.0,1.0,1.0,0.0,4.0,1.0,1.0,1.0,1.0,1.0,0.0,0.0,1.0,1.0,1.0,1.0,1.0,0.0,1.0,1.0,0.0,929.0,1.0,1.0,1.0,1.0
2007_EML,00177-metadata.xml,1.0,0.0,50.0,1.0,1.0,1.0,0.0,1.0,0.0,1.0,2.0,1.0,1.0,1.0,1.0,1.0,1.0,0.0,23.0,0.0,0.0,1.0,0.0,1.0,0.0,0.0,1.0,2.0,0.0,0.0,0.0,0.0,1.0,1.0,0.0,1.0,1.0,1.0,1.0,0.0,1.0,0.0,0.0,1.0,1.0,1.0,1.0,1.0,1.0,0.0,1.0,1.0,0.0,0.0,0.0,1.0,0.0,1.0,1.0,0.0,0.0,1.0,0.0,1.0,1.0,1.0,0.0,0.0,1.0,0.0,378.0,0.0,0.0,0.0,1.0
2007_EML,00178-metadata.xml,1.0,0.0,15.0,1.0,2.0,2.0,2.0,0.0,2.0,1.0,3.0,1.0,1.0,1.0,1.0,1.0,1.0,0.0,8.0,0.0,1.0,1.0,1.0,1.0,0.0,1.0,1.0,4.0,1.0,0.0,0.0,0.0,1.0,0.0,2.0,1.0,1.0,0.0,0.0,0.0,0.0,0.0,1.0,1.0,1.0,1.0,1.0,1.0,1.0,0.0,1.0,1.0,0.0,0.0,1.0,1.0,0.0,1.0,1.0,0.0,0.0,1.0,1.0,1.0,1.0,1.0,0.0,0.0,1.0,0.0,188.0,0.0,0.0,0.0,1.0
2007_EML,00179-metadata.xml,1.0,0.0,50.0,1.0,1.0,1.0,0.0,1.0,0.0,1.0,2.0,1.0,1.0,1.0,1.0,1.0,1.0,0.0,23.0,0.0,0.0,1.0,0.0,1.0,0.0,0.0,1.0,2.0,0.0,0.0,0.0,0.0,1.0,1.0,0.0,1.0,1.0,1.0,1.0,0.0,1.0,0.0,0.0,1.0,1.0,1.0,1.0,1.0,1.0,0.0,1.0,1.0,0.0,0.0,0.0,1.0,0.0,1.0,1.0,0.0,0.0,1.0,0.0,1.0,1.0,1.0,0.0,0.0,1.0,0.0,376.0,0.0,0.0,0.0,1.0
2007_EML,00180-metadata.xml,1.0,0.0,0.0,0.0,4.0,4.0,3.0,0.0,4.0,1.0,0.0,0.0,0.0,1.0,1.0,0.0,0.0,0.0,3.0,0.0,0.0,0.0,0.0,0.0,0.0,0.0,1.0,0.0,0.0,0.0,0.0,0.0,0.0,1.0,4.0,0.0,0.0,0.0,0.0,0.0,1.0,0.0,0.0,1.0,0.0,1.0,0.0,1.0,1.0,0.0,0.0,1.0,0.0,0.0,0.0,1.0,0.0,1.0,1.0,0.0,0.0,1.0,0.0,1.0,1.0,1.0,0.0,0.0,1.0,0.0,78.0,0.0,0.0,0.0,1.0
2007_EML,00181-metadata.xml,1.0,0.0,6.0,1.0,2.0,2.0,0.0,2.0,0.0,1.0,1.0,1.0,1.0,1.0,1.0,1.0,1.0,0.0,8.0,0.0,0.0,1.0,1.0,1.0,0.0,1.0,1.0,3.0,1.0,0.0,0.0,0.0,1.0,1.0,0.0,1.0,1.0,1.0,1.0,0.0,1.0,0.0,1.0,1.0,1.0,1.0,1.0,1.0,1.0,0.0,1.0,1.0,0.0,0.0,1.0,1.0,0.0,1.0,1.0,0.0,0.0,1.0,1.0,1.0,1.0,1.0,0.0,0.0,1.0,0.0,150.0,0.0,0.0,0.0,1.0
2007_EML,00182-metadata.xml,1.0,0.0,92.0,1.0,1.0,1.0,0.0,0.0,0.0,1.0,1.0,1.0,1.0,1.0,0.0,1.0,1.0,0.0,5.0,2.0,0.0,1.0,0.0,1.0,0.0,0.0,1.0,4.0,1.0,0.0,0.0,3.0,1.0,0.0,0.0,1.0,1.0,1.0,1.0,0.0,0.0,0.0,0.0,1.0,1.0,1.0,1.0,1.0,1.0,1.0,1.0,1.0,0.0,0.0,0.0,1.0,0.0,1.0,1.0,0.0,0.0,1.0,0.0,1.0,1.0,0.0,0.0,0.0,1.0,0.0,323.0,0.0,0.0,0.0,1.0
2007_EML,00183-metadata.xml,1.0,0.0,35.0,3.0,2.0,2.0,2.0,0.0,2.0,1.0,0.0,0.0,1.0,1.0,1.0,10.0,10.0,0.0,3.0,0.0,0.0,0.0,0.0,0.0,0.0,0.0,1.0,0.0,0.0,0.0,0.0,0.0,0.0,1.0,2.0,0.0,0.0,0.0,0.0,0.0,1.0,0.0,0.0,1.0,0.0,1.0,1.0,1.0,1.0,0.0,0.0,1.0,0.0,0.0,0.0,1.0,0.0,1.0,1.0,0.0,0.0,1.0,0.0,1.0,1.0,1.0,0.0,0.0,1.0,0.0,189.0,0.0,0.0,0.0,1.0
2007_EML,00184-metadata.xml,0.0,0.0,13.0,1.0,3.0,3.0,0.0,0.0,3.0,1.0,2.0,1.0,1.0,1.0,1.0,1.0,1.0,0.0,7.0,0.0,0.0,0.0,0.0,1.0,0.0,0.0,1.0,6.0,3.0,0.0,0.0,0.0,1.0,0.0,3.0,0.0,1.0,0.0,0.0,0.0,0.0,0.0,0.0,1.0,0.0,1.0,1.0,1.0,1.0,0.0,1.0,1.0,0.0,0.0,0.0,1.0,0.0,1.0,1.0,0.0,0.0,1.0,0.0,1.0,1.0,1.0,0.0,0.0,1.0,0.0,275.0,0.0,0.0,0.0,1.0
2007_EML,00185-metadata.xml,1.0,6.0,15.0,3.0,2.0,2.0,1.0,0.0,1.0,1.0,1.0,1.0,1.0,1.0,1.0,3.0,3.0,0.0,4.0,2.0,1.0,1.0,1.0,1.0,4.0,1.0,1.0,2.0,1.0,0.0,0.0,0.0,1.0,1.0,1.0,1.0,1.0,1.0,1.0,1.0,1.0,0.0,1.0,2.0,5.0,1.0,1.0,1.0,1.0,0.0,1.0,1.0,0.0,4.0,1.0,1.0,1.0,1.0,1.0,0.0,0.0,1.0,1.0,1.0,1.0,1.0,0.0,1.0,1.0,0.0,929.0,1.0,1.0,1.0,1.0
2007_EML,00186-metadata.xml,1.0,0.0,92.0,1.0,1.0,1.0,0.0,0.0,0.0,1.0,1.0,1.0,1.0,1.0,0.0,1.0,1.0,0.0,5.0,2.0,0.0,1.0,0.0,1.0,0.0,0.0,1.0,4.0,1.0,0.0,0.0,3.0,1.0,0.0,0.0,1.0,1.0,1.0,1.0,0.0,0.0,0.0,0.0,1.0,1.0,1.0,1.0,1.0,1.0,1.0,1.0,1.0,0.0,0.0,0.0,1.0,0.0,1.0,1.0,0.0,0.0,1.0,0.0,1.0,1.0,0.0,0.0,0.0,1.0,0.0,323.0,0.0,0.0,0.0,1.0
2007_EML,00187-metadata.xml,1.0,0.0,6.0,1.0,1.0,1.0,0.0,1.0,0.0,2.0,3.0,1.0,1.0,2.0,1.0,1.0,1.0,0.0,13.0,0.0,0.0,1.0,0.0,1.0,0.0,0.0,2.0,2.0,0.0,0.0,0.0,0.0,1.0,1.0,0.0,1.0,1.0,1.0,1.0,0.0,1.0,0.0,0.0,1.0,1.0,1.0,1.0,1.0,1.0,0.0,1.0,1.0,0.0,0.0,0.0,1.0,0.0,1.0,1.0,0.0,0.0,1.0,0.0,2.0,3.0,1.0,0.0,0.0,1.0,0.0,166.0,0.0,0.0,0.0,2.0
2007_EML,00188-metadata.xml,1.0,0.0,15.0,1.0,2.0,2.0,0.0,2.0,0.0,1.0,1.0,1.0,1.0,1.0,1.0,1.0,1.0,0.0,15.0,0.0,0.0,1.0,1.0,1.0,0.0,1.0,1.0,3.0,1.0,0.0,0.0,0.0,1.0,1.0,0.0,1.0,1.0,1.0,1.0,0.0,1.0,0.0,1.0,1.0,1.0,1.0,1.0,1.0,1.0,0.0,1.0,1.0,0.0,0.0,1.0,1.0,0.0,1.0,1.0,0.0,0.0,1.0,1.0,1.0,1.0,1.0,0.0,1.0,1.0,0.0,185.0,0.0,0.0,0.0,1.0
2007_EML,00189-metadata.xml,1.0,0.0,39.0,1.0,5.0,5.0,0.0,5.0,0.0,1.0,8.0,1.0,1.0,1.0,1.0,1.0,1.0,0.0,9.0,0.0,0.0,1.0,1.0,1.0,0.0,1.0,1.0,3.0,1.0,0.0,0.0,0.0,1.0,1.0,0.0,1.0,1.0,1.0,1.0,0.0,1.0,0.0,1.0,1.0,1.0,1.0,1.0,1.0,1.0,0.0,1.0,1.0,0.0,0.0,1.0,1.0,0.0,1.0,1.0,0.0,0.0,1.0,1.0,1.0,2.0,1.0,0.0,0.0,1.0,0.0,324.0,0.0,0.0,0.0,1.0
2007_EML,00190-metadata.xml,1.0,0.0,14.0,1.0,2.0,2.0,1.0,0.0,2.0,1.0,0.0,0.0,1.0,1.0,1.0,1.0,1.0,0.0,6.0,0.0,1.0,1.0,1.0,1.0,0.0,1.0,1.0,4.0,1.0,0.0,0.0,0.0,1.0,0.0,2.0,1.0,1.0,0.0,0.0,0.0,0.0,0.0,1.0,1.0,1.0,1.0,1.0,1.0,1.0,0.0,1.0,1.0,0.0,0.0,1.0,1.0,0.0,1.0,1.0,0.0,0.0,1.0,1.0,1.0,1.0,1.0,0.0,0.0,1.0,0.0,145.0,0.0,0.0,0.0,1.0
2007_EML,00191-metadata.xml,1.0,0.0,17.0,1.0,2.0,2.0,2.0,1.0,2.0,1.0,8.0,1.0,1.0,1.0,1.0,1.0,1.0,9.0,53.0,4.0,4.0,0.0,1.0,1.0,0.0,1.0,1.0,4.0,2.0,0.0,0.0,3.0,1.0,1.0,2.0,1.0,1.0,0.0,0.0,0.0,1.0,0.0,1.0,1.0,1.0,1.0,1.0,1.0,1.0,0.0,1.0,1.0,1.0,0.0,1.0,1.0,0.0,1.0,1.0,0.0,0.0,1.0,1.0,1.0,1.0,1.0,0.0,1.0,1.0,1.0,402.0,0.0,0.0,0.0,1.0
2007_EML,00192-metadata.xml,1.0,0.0,6.0,1.0,2.0,2.0,2.0,0.0,2.0,0.0,0.0,0.0,1.0,0.0,1.0,1.0,1.0,0.0,3.0,0.0,1.0,1.0,1.0,1.0,0.0,1.0,0.0,4.0,1.0,0.0,0.0,0.0,1.0,0.0,2.0,1.0,1.0,0.0,0.0,0.0,0.0,0.0,1.0,1.0,1.0,1.0,1.0,1.0,1.0,0.0,1.0,1.0,0.0,0.0,1.0,1.0,0.0,1.0,1.0,0.0,0.0,1.0,1.0,0.0,0.0,1.0,0.0,0.0,1.0,0.0,123.0,0.0,0.0,0.0,0.0
2007_EML,00193-metadata.xml,1.0,0.0,8.0,1.0,1.0,1.0,0.0,1.0,0.0,24.0,2.0,1.0,1.0,24.0,1.0,1.0,1.0,0.0,9.0,0.0,0.0,1.0,1.0,1.0,0.0,1.0,24.0,3.0,1.0,0.0,0.0,0.0,1.0,1.0,0.0,1.0,1.0,1.0,1.0,0.0,1.0,0.0,1.0,1.0,1.0,1.0,1.0,1.0,1.0,0.0,1.0,1.0,0.0,0.0,1.0,1.0,0.0,1.0,1.0,0.0,0.0,1.0,1.0,24.0,25.0,1.0,0.0,0.0,1.0,0.0,220.0,0.0,0.0,0.0,24.0
2007_EML,00194-metadata.xml,1.0,0.0,0.0,0.0,2.0,2.0,2.0,0.0,2.0,1.0,0.0,0.0,0.0,1.0,1.0,0.0,0.0,0.0,3.0,0.0,0.0,0.0,0.0,0.0,0.0,0.0,1.0,0.0,0.0,0.0,0.0,0.0,0.0,1.0,2.0,0.0,0.0,0.0,0.0,0.0,1.0,0.0,0.0,1.0,0.0,1.0,0.0,1.0,1.0,0.0,0.0,1.0,0.0,0.0,0.0,1.0,0.0,1.0,1.0,0.0,0.0,1.0,0.0,1.0,1.0,1.0,0.0,0.0,1.0,0.0,66.0,0.0,0.0,0.0,1.0
2007_EML,00195-metadata.xml,1.0,0.0,0.0,0.0,2.0,2.0,1.0,0.0,2.0,1.0,0.0,0.0,0.0,1.0,1.0,0.0,0.0,0.0,2.0,0.0,0.0,0.0,0.0,0.0,0.0,0.0,1.0,0.0,0.0,0.0,0.0,0.0,0.0,1.0,2.0,0.0,0.0,0.0,0.0,0.0,1.0,0.0,0.0,1.0,0.0,1.0,0.0,1.0,1.0,0.0,0.0,1.0,0.0,0.0,0.0,1.0,0.0,1.0,1.0,0.0,0.0,1.0,0.0,1.0,1.0,1.0,0.0,0.0,1.0,0.0,69.0,0.0,0.0,0.0,1.0
2007_EML,00196-metadata.xml,1.0,0.0,6.0,1.0,2.0,2.0,2.0,0.0,2.0,1.0,1.0,1.0,1.0,1.0,1.0,1.0,1.0,0.0,2.0,0.0,1.0,1.0,1.0,1.0,0.0,1.0,1.0,4.0,1.0,0.0,0.0,0.0,1.0,0.0,2.0,1.0,1.0,0.0,0.0,0.0,0.0,0.0,1.0,1.0,1.0,1.0,1.0,1.0,1.0,0.0,1.0,1.0,0.0,0.0,1.0,1.0,0.0,1.0,1.0,0.0,0.0,1.0,1.0,1.0,1.0,1.0,0.0,0.0,1.0,0.0,136.0,0.0,0.0,0.0,1.0
2007_EML,00197-metadata.xml,0.0,0.0,19.0,1.0,3.0,3.0,2.0,0.0,2.0,1.0,0.0,0.0,1.0,1.0,1.0,1.0,1.0,0.0,6.0,0.0,1.0,1.0,1.0,1.0,0.0,1.0,1.0,4.0,1.0,0.0,0.0,0.0,1.0,0.0,2.0,1.0,1.0,0.0,0.0,0.0,0.0,0.0,1.0,1.0,1.0,1.0,1.0,1.0,1.0,0.0,1.0,1.0,0.0,0.0,1.0,1.0,0.0,1.0,1.0,0.0,0.0,1.0,1.0,1.0,1.0,1.0,0.0,0.0,1.0,0.0,172.0,0.0,0.0,0.0,1.0
2007_EML,00198-metadata.xml,1.0,0.0,4.0,1.0,7.0,7.0,5.0,0.0,7.0,1.0,2.0,1.0,1.0,1.0,1.0,1.0,1.0,0.0,10.0,0.0,1.0,1.0,1.0,1.0,0.0,1.0,1.0,4.0,1.0,0.0,0.0,0.0,1.0,0.0,7.0,1.0,1.0,0.0,0.0,0.0,0.0,0.0,1.0,1.0,1.0,1.0,1.0,1.0,1.0,0.0,1.0,1.0,0.0,0.0,1.0,1.0,0.0,1.0,1.0,0.0,0.0,1.0,1.0,1.0,1.0,1.0,0.0,0.0,1.0,0.0,167.0,0.0,0.0,0.0,1.0
2007_EML,00199-metadata.xml,1.0,0.0,0.0,0.0,1.0,1.0,1.0,0.0,1.0,1.0,0.0,0.0,0.0,1.0,1.0,0.0,0.0,0.0,3.0,0.0,0.0,0.0,0.0,0.0,0.0,0.0,1.0,0.0,0.0,0.0,0.0,0.0,0.0,1.0,1.0,0.0,0.0,0.0,0.0,0.0,1.0,0.0,0.0,1.0,0.0,1.0,0.0,1.0,1.0,0.0,0.0,1.0,0.0,0.0,0.0,1.0,0.0,1.0,1.0,0.0,0.0,1.0,0.0,1.0,1.0,1.0,0.0,0.0,1.0,0.0,64.0,0.0,0.0,0.0,1.0
2007_EML,00200-metadata.xml,1.0,0.0,11.0,1.0,1.0,1.0,0.0,1.0,0.0,1.0,1.0,1.0,1.0,1.0,1.0,1.0,1.0,0.0,15.0,0.0,0.0,1.0,1.0,1.0,0.0,1.0,1.0,3.0,1.0,0.0,0.0,0.0,1.0,1.0,0.0,1.0,1.0,1.0,1.0,0.0,1.0,0.0,1.0,1.0,1.0,1.0,1.0,1.0,1.0,0.0,1.0,1.0,0.0,0.0,1.0,1.0,0.0,1.0,1.0,0.0,0.0,1.0,1.0,1.0,1.0,1.0,0.0,0.0,1.0,0.0,175.0,0.0,0.0,0.0,1.0
2007_EML,00201-metadata.xml,1.0,0.0,9.0,1.0,2.0,2.0,0.0,2.0,0.0,4.0,1.0,1.0,1.0,4.0,1.0,1.0,1.0,0.0,11.0,0.0,0.0,1.0,1.0,1.0,0.0,1.0,4.0,3.0,1.0,0.0,0.0,0.0,1.0,1.0,0.0,1.0,1.0,1.0,1.0,0.0,1.0,0.0,1.0,1.0,1.0,1.0,1.0,1.0,1.0,0.0,1.0,1.0,0.0,0.0,1.0,1.0,0.0,1.0,1.0,0.0,0.0,1.0,1.0,4.0,4.0,1.0,0.0,1.0,1.0,0.0,182.0,0.0,0.0,0.0,4.0
2007_EML,00202-metadata.xml,1.0,0.0,4.0,1.0,2.0,2.0,2.0,0.0,2.0,1.0,1.0,1.0,1.0,1.0,1.0,1.0,1.0,0.0,1.0,0.0,1.0,1.0,1.0,1.0,0.0,1.0,1.0,4.0,1.0,0.0,0.0,0.0,1.0,0.0,2.0,1.0,1.0,0.0,0.0,0.0,0.0,0.0,1.0,1.0,1.0,1.0,1.0,1.0,1.0,0.0,1.0,1.0,0.0,0.0,1.0,1.0,0.0,1.0,1.0,0.0,0.0,1.0,1.0,1.0,1.0,1.0,0.0,0.0,1.0,0.0,132.0,0.0,0.0,0.0,1.0
2007_EML,00203-metadata.xml,1.0,0.0,11.0,1.0,1.0,1.0,1.0,0.0,1.0,2.0,2.0,2.0,1.0,2.0,1.0,1.0,1.0,1.0,13.0,0.0,0.0,1.0,0.0,1.0,0.0,0.0,2.0,7.0,1.0,0.0,1.0,0.0,1.0,1.0,1.0,1.0,1.0,1.0,1.0,0.0,1.0,1.0,0.0,2.0,1.0,1.0,1.0,1.0,1.0,0.0,1.0,1.0,1.0,0.0,0.0,1.0,0.0,1.0,1.0,0.0,0.0,1.0,0.0,2.0,2.0,1.0,0.0,0.0,1.0,0.0,239.0,0.0,0.0,0.0,2.0
2007_EML,00204-metadata.xml,1.0,0.0,29.0,3.0,5.0,5.0,0.0,0.0,4.0,1.0,0.0,0.0,1.0,1.0,1.0,3.0,3.0,0.0,11.0,0.0,2.0,1.0,1.0,1.0,0.0,1.0,1.0,6.0,2.0,0.0,0.0,0.0,1.0,1.0,4.0,1.0,1.0,1.0,1.0,0.0,1.0,0.0,1.0,2.0,1.0,1.0,1.0,1.0,1.0,1.0,1.0,1.0,0.0,0.0,1.0,1.0,0.0,1.0,1.0,0.0,0.0,1.0,1.0,1.0,1.0,1.0,0.0,0.0,1.0,0.0,306.0,0.0,0.0,0.0,1.0
2007_EML,00205-metadata.xml,1.0,2.0,9.0,1.0,2.0,2.0,1.0,0.0,2.0,1.0,2.0,2.0,1.0,1.0,1.0,1.0,1.0,0.0,3.0,1.0,1.0,1.0,1.0,1.0,3.0,1.0,1.0,2.0,1.0,0.0,0.0,0.0,1.0,1.0,2.0,1.0,1.0,1.0,1.0,1.0,1.0,0.0,1.0,2.0,4.0,1.0,1.0,1.0,1.0,0.0,1.0,1.0,0.0,3.0,1.0,1.0,1.0,1.0,1.0,0.0,0.0,1.0,1.0,1.0,1.0,1.0,1.0,1.0,1.0,0.0,687.0,0.0,0.0,0.0,1.0
2007_EML,00206-metadata.xml,1.0,0.0,4.0,1.0,2.0,2.0,2.0,0.0,2.0,1.0,1.0,1.0,1.0,1.0,1.0,1.0,1.0,0.0,1.0,0.0,1.0,1.0,1.0,1.0,0.0,1.0,1.0,4.0,1.0,0.0,0.0,0.0,1.0,0.0,2.0,1.0,1.0,0.0,0.0,0.0,0.0,0.0,1.0,1.0,1.0,1.0,1.0,1.0,1.0,0.0,1.0,1.0,0.0,0.0,1.0,1.0,0.0,1.0,1.0,0.0,0.0,1.0,1.0,1.0,1.0,1.0,0.0,0.0,1.0,0.0,132.0,0.0,0.0,0.0,1.0
2007_EML,00207-metadata.xml,1.0,0.0,22.0,1.0,1.0,1.0,0.0,1.0,0.0,1.0,1.0,1.0,1.0,1.0,1.0,1.0,1.0,0.0,6.0,0.0,0.0,1.0,1.0,1.0,0.0,1.0,1.0,3.0,1.0,0.0,0.0,0.0,1.0,1.0,0.0,1.0,1.0,1.0,1.0,0.0,1.0,0.0,1.0,1.0,1.0,1.0,1.0,1.0,1.0,0.0,1.0,1.0,0.0,0.0,1.0,1.0,0.0,1.0,1.0,0.0,0.0,1.0,1.0,1.0,1.0,1.0,0.0,0.0,1.0,0.0,221.0,0.0,0.0,0.0,1.0
2007_EML,00208-metadata.xml,1.0,0.0,15.0,1.0,2.0,2.0,0.0,2.0,0.0,1.0,1.0,1.0,1.0,1.0,1.0,1.0,1.0,0.0,15.0,0.0,0.0,1.0,1.0,1.0,0.0,1.0,1.0,3.0,1.0,0.0,0.0,0.0,1.0,1.0,0.0,1.0,1.0,1.0,1.0,0.0,1.0,0.0,1.0,1.0,1.0,1.0,1.0,1.0,1.0,0.0,1.0,1.0,0.0,0.0,1.0,1.0,0.0,1.0,1.0,0.0,0.0,1.0,1.0,1.0,1.0,1.0,0.0,1.0,1.0,0.0,185.0,0.0,0.0,0.0,1.0
2007_EML,00209-metadata.xml,1.0,0.0,17.0,1.0,2.0,2.0,2.0,1.0,2.0,1.0,8.0,1.0,1.0,1.0,1.0,1.0,1.0,9.0,53.0,4.0,4.0,0.0,1.0,1.0,0.0,1.0,1.0,4.0,2.0,0.0,0.0,3.0,1.0,1.0,2.0,1.0,1.0,0.0,0.0,0.0,1.0,0.0,1.0,1.0,1.0,1.0,1.0,1.0,1.0,0.0,1.0,1.0,1.0,0.0,1.0,1.0,0.0,1.0,1.0,0.0,0.0,1.0,1.0,1.0,1.0,1.0,0.0,1.0,1.0,1.0,402.0,0.0,0.0,0.0,1.0
2007_EML,00210-metadata.xml,1.0,0.0,11.0,1.0,1.0,1.0,0.0,1.0,0.0,1.0,2.0,1.0,1.0,1.0,1.0,1.0,1.0,0.0,12.0,0.0,0.0,1.0,1.0,1.0,0.0,1.0,1.0,3.0,1.0,0.0,0.0,0.0,1.0,1.0,0.0,1.0,1.0,1.0,1.0,0.0,1.0,0.0,1.0,1.0,1.0,1.0,1.0,1.0,1.0,0.0,1.0,1.0,0.0,0.0,1.0,1.0,0.0,1.0,1.0,0.0,0.0,1.0,1.0,1.0,1.0,1.0,0.0,0.0,1.0,0.0,184.0,0.0,0.0,0.0,1.0
2007_EML,00211-metadata.xml,1.0,0.0,6.0,1.0,2.0,2.0,2.0,0.0,2.0,1.0,1.0,1.0,1.0,1.0,1.0,1.0,1.0,0.0,9.0,0.0,1.0,1.0,1.0,1.0,0.0,1.0,1.0,4.0,1.0,0.0,0.0,0.0,1.0,0.0,2.0,1.0,1.0,0.0,0.0,0.0,0.0,0.0,1.0,1.0,1.0,1.0,1.0,1.0,1.0,0.0,1.0,1.0,0.0,0.0,1.0,1.0,0.0,1.0,1.0,0.0,0.0,1.0,1.0,1.0,1.0,1.0,0.0,0.0,1.0,0.0,176.0,0.0,0.0,0.0,1.0
2007_EML,00212-metadata.xml,1.0,0.0,6.0,1.0,3.0,3.0,2.0,0.0,3.0,1.0,0.0,0.0,1.0,1.0,1.0,1.0,1.0,0.0,11.0,0.0,1.0,1.0,1.0,1.0,0.0,1.0,1.0,4.0,1.0,0.0,0.0,0.0,1.0,0.0,3.0,1.0,1.0,0.0,0.0,0.0,0.0,0.0,1.0,1.0,1.0,1.0,1.0,1.0,1.0,0.0,1.0,1.0,0.0,0.0,1.0,1.0,0.0,1.0,1.0,0.0,0.0,1.0,1.0,1.0,1.0,1.0,0.0,0.0,1.0,0.0,138.0,0.0,0.0,0.0,1.0
2007_EML,00213-metadata.xml,1.0,1.0,26.0,1.0,2.0,2.0,2.0,2.0,1.0,4.0,0.0,0.0,1.0,4.0,1.0,1.0,1.0,0.0,36.0,3.0,7.0,1.0,1.0,0.0,2.0,1.0,4.0,2.0,1.0,0.0,0.0,5.0,1.0,1.0,1.0,1.0,1.0,0.0,0.0,0.0,1.0,0.0,1.0,1.0,3.0,0.0,1.0,1.0,1.0,1.0,1.0,1.0,0.0,2.0,1.0,1.0,0.0,1.0,0.0,0.0,0.0,1.0,1.0,4.0,4.0,1.0,0.0,0.0,1.0,0.0,273.0,1.0,3.0,1.0,4.0
2007_EML,00214-metadata.xml,1.0,0.0,7.0,1.0,2.0,2.0,2.0,0.0,2.0,1.0,3.0,1.0,1.0,1.0,1.0,1.0,1.0,0.0,9.0,0.0,1.0,1.0,1.0,1.0,0.0,1.0,1.0,4.0,1.0,0.0,0.0,0.0,1.0,0.0,2.0,1.0,1.0,0.0,0.0,0.0,0.0,0.0,1.0,1.0,1.0,1.0,1.0,1.0,1.0,0.0,1.0,1.0,0.0,0.0,1.0,1.0,0.0,1.0,1.0,0.0,0.0,1.0,1.0,1.0,1.0,1.0,0.0,0.0,1.0,0.0,152.0,0.0,0.0,0.0,1.0
2007_EML,00215-metadata.xml,1.0,0.0,56.0,10.0,5.0,5.0,0.0,0.0,4.0,1.0,0.0,0.0,2.0,1.0,1.0,9.0,9.0,0.0,14.0,0.0,2.0,1.0,1.0,1.0,0.0,1.0,1.0,6.0,2.0,0.0,0.0,0.0,1.0,1.0,4.0,1.0,1.0,1.0,1.0,0.0,1.0,0.0,1.0,2.0,1.0,1.0,2.0,1.0,1.0,1.0,1.0,1.0,0.0,0.0,1.0,1.0,0.0,1.0,1.0,0.0,0.0,1.0,1.0,1.0,1.0,1.0,0.0,0.0,1.0,0.0,435.0,0.0,0.0,0.0,1.0
2007_EML,00216-metadata.xml,1.0,0.0,72.0,1.0,2.0,2.0,0.0,2.0,2.0,1.0,2.0,2.0,1.0,1.0,1.0,1.0,1.0,6.0,21.0,2.0,5.0,0.0,1.0,0.0,0.0,1.0,1.0,2.0,1.0,0.0,0.0,2.0,1.0,1.0,2.0,1.0,1.0,0.0,0.0,0.0,1.0,0.0,1.0,1.0,1.0,1.0,1.0,1.0,1.0,1.0,1.0,1.0,0.0,0.0,1.0,1.0,0.0,1.0,1.0,2.0,0.0,1.0,1.0,1.0,1.0,1.0,0.0,0.0,1.0,0.0,482.0,1.0,1.0,1.0,1.0
2007_EML,00217-metadata.xml,1.0,0.0,0.0,0.0,3.0,3.0,3.0,0.0,3.0,1.0,1.0,1.0,0.0,1.0,1.0,0.0,0.0,0.0,3.0,0.0,1.0,1.0,1.0,1.0,0.0,1.0,1.0,4.0,1.0,0.0,0.0,0.0,0.0,0.0,3.0,1.0,1.0,0.0,0.0,0.0,0.0,0.0,1.0,1.0,1.0,1.0,0.0,1.0,1.0,0.0,0.0,1.0,0.0,0.0,1.0,1.0,0.0,1.0,1.0,0.0,0.0,1.0,1.0,1.0,1.0,1.0,0.0,0.0,1.0,0.0,121.0,0.0,0.0,0.0,1.0
2007_EML,00218-metadata.xml,1.0,0.0,11.0,1.0,2.0,2.0,0.0,2.0,0.0,1.0,8.0,1.0,1.0,1.0,1.0,1.0,1.0,0.0,6.0,0.0,0.0,1.0,0.0,1.0,0.0,0.0,1.0,2.0,0.0,0.0,0.0,0.0,1.0,1.0,0.0,1.0,1.0,1.0,1.0,0.0,1.0,0.0,0.0,1.0,1.0,1.0,1.0,1.0,1.0,0.0,1.0,1.0,0.0,0.0,0.0,1.0,0.0,1.0,1.0,0.0,0.0,1.0,0.0,1.0,1.0,1.0,0.0,0.0,1.0,0.0,208.0,0.0,0.0,0.0,1.0
2007_EML,00219-metadata.xml,1.0,0.0,22.0,1.0,3.0,3.0,2.0,0.0,2.0,1.0,0.0,0.0,1.0,1.0,1.0,0.0,0.0,0.0,5.0,0.0,0.0,0.0,0.0,0.0,0.0,0.0,1.0,0.0,0.0,0.0,0.0,0.0,0.0,1.0,2.0,0.0,0.0,0.0,0.0,0.0,1.0,0.0,0.0,1.0,0.0,1.0,1.0,1.0,1.0,0.0,0.0,1.0,0.0,0.0,0.0,1.0,0.0,1.0,1.0,0.0,0.0,1.0,0.0,1.0,1.0,1.0,0.0,0.0,1.0,0.0,145.0,0.0,0.0,0.0,1.0
2007_EML,00220-metadata.xml,1.0,0.0,0.0,0.0,2.0,2.0,1.0,0.0,1.0,1.0,1.0,1.0,0.0,1.0,1.0,0.0,0.0,0.0,0.0,0.0,0.0,1.0,1.0,0.0,2.0,1.0,1.0,2.0,1.0,0.0,0.0,0.0,0.0,1.0,1.0,1.0,1.0,1.0,1.0,1.0,1.0,0.0,1.0,1.0,3.0,1.0,0.0,1.0,1.0,0.0,0.0,1.0,0.0,2.0,1.0,1.0,1.0,1.0,1.0,0.0,0.0,1.0,1.0,1.0,1.0,1.0,0.0,0.0,1.0,0.0,131.0,1.0,1.0,1.0,1.0
2007_EML,00221-metadata.xml,1.0,0.0,7.0,1.0,1.0,1.0,0.0,0.0,1.0,4.0,3.0,2.0,1.0,4.0,1.0,1.0,1.0,0.0,9.0,0.0,2.0,0.0,1.0,0.0,0.0,1.0,4.0,3.0,1.0,0.0,0.0,0.0,1.0,0.0,1.0,0.0,0.0,0.0,0.0,1.0,0.0,0.0,1.0,1.0,0.0,1.0,1.0,1.0,1.0,1.0,1.0,1.0,0.0,0.0,1.0,1.0,0.0,1.0,1.0,0.0,0.0,1.0,1.0,4.0,4.0,1.0,1.0,0.0,1.0,0.0,84.0,3.0,3.0,1.0,4.0
2007_EML,00222-metadata.xml,1.0,0.0,8.0,1.0,1.0,1.0,0.0,1.0,0.0,35.0,2.0,1.0,1.0,35.0,1.0,1.0,1.0,0.0,9.0,0.0,0.0,1.0,1.0,1.0,0.0,1.0,35.0,3.0,1.0,0.0,0.0,0.0,1.0,1.0,0.0,1.0,1.0,1.0,1.0,0.0,1.0,0.0,1.0,1.0,1.0,1.0,1.0,1.0,1.0,0.0,1.0,1.0,0.0,0.0,1.0,1.0,0.0,1.0,1.0,0.0,0.0,1.0,1.0,35.0,36.0,1.0,0.0,0.0,1.0,0.0,237.0,0.0,0.0,0.0,35.0
2007_EML,00223-metadata.xml,1.0,1.0,9.0,1.0,2.0,2.0,1.0,2.0,1.0,7.0,1.0,1.0,1.0,7.0,1.0,1.0,1.0,0.0,26.0,3.0,7.0,1.0,1.0,0.0,0.0,1.0,7.0,4.0,1.0,0.0,0.0,2.0,1.0,1.0,1.0,1.0,1.0,0.0,0.0,0.0,1.0,0.0,1.0,1.0,1.0,1.0,1.0,1.0,1.0,1.0,1.0,1.0,1.0,0.0,1.0,1.0,0.0,1.0,1.0,1.0,0.0,1.0,1.0,7.0,7.0,1.0,0.0,1.0,1.0,0.0,343.0,0.0,0.0,0.0,7.0
2007_EML,00224-metadata.xml,1.0,0.0,0.0,0.0,1.0,1.0,1.0,0.0,1.0,1.0,0.0,0.0,0.0,1.0,1.0,0.0,0.0,0.0,2.0,0.0,0.0,0.0,0.0,0.0,0.0,0.0,1.0,0.0,0.0,0.0,0.0,0.0,0.0,1.0,1.0,0.0,0.0,0.0,0.0,0.0,1.0,0.0,0.0,1.0,0.0,1.0,0.0,1.0,1.0,0.0,0.0,1.0,0.0,0.0,0.0,1.0,0.0,1.0,1.0,0.0,0.0,1.0,0.0,1.0,1.0,1.0,0.0,0.0,1.0,0.0,64.0,0.0,0.0,0.0,1.0
2007_EML,00225-metadata.xml,0.0,0.0,60.0,1.0,3.0,3.0,0.0,0.0,3.0,1.0,2.0,1.0,1.0,1.0,1.0,1.0,1.0,0.0,6.0,0.0,0.0,0.0,0.0,1.0,0.0,0.0,1.0,6.0,3.0,0.0,0.0,0.0,1.0,0.0,3.0,0.0,1.0,0.0,0.0,0.0,0.0,0.0,0.0,1.0,0.0,1.0,1.0,1.0,1.0,0.0,1.0,1.0,0.0,0.0,0.0,1.0,0.0,1.0,1.0,0.0,0.0,1.0,0.0,1.0,1.0,1.0,0.0,0.0,1.0,0.0,311.0,0.0,0.0,0.0,1.0
2007_EML,00226-metadata.xml,1.0,0.0,79.0,6.0,5.0,5.0,0.0,0.0,5.0,1.0,0.0,0.0,1.0,1.0,1.0,6.0,6.0,0.0,12.0,0.0,2.0,1.0,1.0,1.0,0.0,1.0,1.0,6.0,2.0,0.0,0.0,0.0,1.0,1.0,5.0,1.0,1.0,1.0,1.0,0.0,1.0,0.0,1.0,2.0,1.0,1.0,1.0,1.0,1.0,1.0,1.0,1.0,0.0,0.0,1.0,1.0,0.0,1.0,1.0,0.0,0.0,1.0,1.0,1.0,1.0,1.0,0.0,0.0,1.0,0.0,457.0,0.0,0.0,0.0,1.0
2007_EML,00227-metadata.xml,1.0,0.0,72.0,1.0,2.0,2.0,0.0,2.0,2.0,1.0,2.0,2.0,1.0,1.0,1.0,1.0,1.0,6.0,21.0,2.0,5.0,0.0,1.0,0.0,0.0,1.0,1.0,2.0,1.0,0.0,0.0,2.0,1.0,1.0,2.0,1.0,1.0,0.0,0.0,0.0,1.0,0.0,1.0,1.0,1.0,1.0,1.0,1.0,1.0,1.0,1.0,1.0,0.0,0.0,1.0,1.0,0.0,1.0,1.0,2.0,0.0,1.0,1.0,1.0,1.0,1.0,0.0,0.0,1.0,0.0,482.0,1.0,1.0,1.0,1.0
2007_EML,00228-metadata.xml,1.0,0.0,15.0,1.0,2.0,2.0,0.0,2.0,0.0,1.0,1.0,1.0,1.0,1.0,1.0,1.0,1.0,0.0,15.0,0.0,0.0,1.0,1.0,1.0,0.0,1.0,1.0,3.0,1.0,0.0,0.0,0.0,1.0,1.0,0.0,1.0,1.0,1.0,1.0,0.0,1.0,0.0,1.0,1.0,1.0,1.0,1.0,1.0,1.0,0.0,1.0,1.0,0.0,0.0,1.0,1.0,0.0,1.0,1.0,0.0,0.0,1.0,1.0,1.0,1.0,1.0,0.0,1.0,1.0,0.0,185.0,0.0,0.0,0.0,1.0
2007_EML,00229-metadata.xml,1.0,0.0,0.0,0.0,4.0,4.0,2.0,0.0,2.0,1.0,0.0,0.0,0.0,1.0,1.0,0.0,0.0,0.0,3.0,0.0,0.0,0.0,0.0,0.0,0.0,0.0,1.0,0.0,0.0,0.0,0.0,0.0,0.0,1.0,2.0,0.0,0.0,0.0,0.0,0.0,1.0,0.0,0.0,1.0,0.0,1.0,0.0,1.0,1.0,0.0,0.0,1.0,0.0,0.0,0.0,1.0,0.0,1.0,1.0,0.0,0.0,1.0,0.0,1.0,1.0,1.0,0.0,0.0,1.0,0.0,74.0,0.0,0.0,0.0,1.0
2007_EML,00230-metadata.xml,1.0,0.0,11.0,1.0,1.0,1.0,1.0,0.0,1.0,2.0,2.0,2.0,1.0,2.0,1.0,1.0,1.0,1.0,13.0,0.0,0.0,1.0,0.0,1.0,0.0,0.0,2.0,7.0,1.0,0.0,1.0,0.0,1.0,1.0,1.0,1.0,1.0,1.0,1.0,0.0,1.0,1.0,0.0,2.0,1.0,1.0,1.0,1.0,1.0,0.0,1.0,1.0,1.0,0.0,0.0,1.0,0.0,1.0,1.0,0.0,0.0,1.0,0.0,2.0,2.0,1.0,0.0,0.0,1.0,0.0,239.0,0.0,0.0,0.0,2.0
2007_EML,00231-metadata.xml,1.0,0.0,6.0,1.0,2.0,2.0,0.0,2.0,0.0,4.0,1.0,1.0,1.0,4.0,1.0,1.0,1.0,0.0,12.0,0.0,0.0,1.0,1.0,1.0,0.0,1.0,4.0,3.0,1.0,0.0,0.0,0.0,1.0,1.0,0.0,1.0,1.0,1.0,1.0,0.0,1.0,0.0,1.0,1.0,1.0,1.0,1.0,1.0,1.0,0.0,1.0,1.0,0.0,0.0,1.0,1.0,0.0,1.0,1.0,0.0,0.0,1.0,1.0,4.0,4.0,1.0,0.0,1.0,1.0,0.0,167.0,0.0,0.0,0.0,4.0
2007_EML,00232-metadata.xml,1.0,0.0,0.0,0.0,2.0,2.0,2.0,0.0,2.0,1.0,0.0,0.0,0.0,1.0,1.0,0.0,0.0,0.0,2.0,0.0,0.0,0.0,0.0,0.0,0.0,0.0,1.0,0.0,0.0,0.0,0.0,0.0,0.0,1.0,2.0,0.0,0.0,0.0,0.0,0.0,1.0,0.0,0.0,1.0,0.0,1.0,0.0,1.0,1.0,0.0,0.0,1.0,0.0,0.0,0.0,1.0,0.0,1.0,1.0,0.0,0.0,1.0,0.0,1.0,1.0,1.0,0.0,0.0,1.0,0.0,67.0,0.0,0.0,0.0,1.0
2007_EML,00233-metadata.xml,1.0,0.0,8.0,1.0,5.0,5.0,3.0,0.0,4.0,1.0,2.0,1.0,1.0,1.0,1.0,1.0,1.0,0.0,7.0,0.0,1.0,1.0,1.0,1.0,0.0,1.0,1.0,4.0,1.0,0.0,0.0,0.0,1.0,0.0,4.0,1.0,1.0,0.0,0.0,0.0,0.0,0.0,1.0,1.0,1.0,1.0,1.0,1.0,1.0,0.0,1.0,1.0,0.0,0.0,1.0,1.0,0.0,1.0,1.0,0.0,0.0,1.0,1.0,1.0,1.0,1.0,0.0,0.0,1.0,0.0,160.0,0.0,0.0,0.0,1.0
2007_EML,00234-metadata.xml,0.0,0.0,7.0,1.0,1.0,1.0,0.0,0.0,1.0,2.0,2.0,1.0,1.0,2.0,1.0,1.0,1.0,0.0,4.0,0.0,0.0,0.0,0.0,1.0,0.0,0.0,2.0,4.0,1.0,1.0,0.0,0.0,1.0,0.0,1.0,0.0,1.0,0.0,0.0,0.0,0.0,0.0,0.0,1.0,0.0,1.0,1.0,1.0,1.0,0.0,1.0,1.0,0.0,0.0,0.0,1.0,0.0,0.0,1.0,0.0,0.0,0.0,0.0,2.0,2.0,0.0,0.0,0.0,1.0,0.0,139.0,0.0,0.0,0.0,2.0
2007_EML,00235-metadata.xml,1.0,0.0,5.0,1.0,2.0,2.0,0.0,2.0,0.0,1.0,1.0,1.0,1.0,1.0,1.0,1.0,1.0,0.0,14.0,0.0,0.0,1.0,1.0,1.0,0.0,1.0,1.0,3.0,1.0,0.0,0.0,0.0,1.0,1.0,0.0,1.0,1.0,1.0,1.0,0.0,1.0,0.0,1.0,1.0,1.0,1.0,1.0,1.0,1.0,0.0,1.0,1.0,0.0,0.0,1.0,1.0,0.0,1.0,1.0,0.0,0.0,1.0,1.0,1.0,1.0,1.0,0.0,1.0,1.0,0.0,140.0,0.0,0.0,0.0,1.0
2007_EML,00236-metadata.xml,1.0,0.0,6.0,1.0,4.0,4.0,3.0,0.0,4.0,1.0,3.0,1.0,1.0,1.0,1.0,1.0,1.0,0.0,4.0,0.0,1.0,1.0,1.0,1.0,0.0,1.0,1.0,4.0,1.0,0.0,0.0,0.0,0.0,0.0,4.0,1.0,1.0,0.0,0.0,0.0,0.0,0.0,1.0,1.0,1.0,1.0,1.0,1.0,1.0,0.0,0.0,1.0,0.0,0.0,1.0,1.0,0.0,1.0,1.0,0.0,0.0,1.0,1.0,1.0,1.0,1.0,0.0,0.0,1.0,0.0,148.0,0.0,0.0,0.0,1.0
2007_EML,00237-metadata.xml,1.0,0.0,9.0,1.0,2.0,2.0,0.0,2.0,0.0,4.0,1.0,1.0,1.0,4.0,1.0,1.0,1.0,0.0,11.0,0.0,0.0,1.0,1.0,1.0,0.0,1.0,4.0,3.0,1.0,0.0,0.0,0.0,1.0,1.0,0.0,1.0,1.0,1.0,1.0,0.0,1.0,0.0,1.0,1.0,1.0,1.0,1.0,1.0,1.0,0.0,1.0,1.0,0.0,0.0,1.0,1.0,0.0,1.0,1.0,0.0,0.0,1.0,1.0,4.0,4.0,1.0,0.0,1.0,1.0,0.0,182.0,0.0,0.0,0.0,4.0
2007_EML,00238-metadata.xml,1.0,0.0,8.0,1.0,1.0,1.0,0.0,0.0,1.0,4.0,1.0,1.0,1.0,4.0,1.0,1.0,1.0,0.0,11.0,0.0,2.0,1.0,1.0,0.0,0.0,1.0,4.0,3.0,1.0,0.0,0.0,0.0,1.0,0.0,1.0,1.0,0.0,0.0,0.0,0.0,0.0,0.0,1.0,1.0,1.0,1.0,1.0,1.0,1.0,1.0,1.0,1.0,0.0,0.0,1.0,1.0,0.0,1.0,1.0,0.0,0.0,1.0,1.0,4.0,4.0,1.0,1.0,0.0,1.0,0.0,106.0,4.0,4.0,1.0,4.0
2007_EML,00239-metadata.xml,1.0,0.0,20.0,1.0,2.0,2.0,2.0,1.0,2.0,1.0,4.0,2.0,1.0,1.0,1.0,1.0,1.0,6.0,60.0,4.0,4.0,0.0,1.0,1.0,0.0,1.0,1.0,4.0,2.0,0.0,0.0,3.0,1.0,1.0,2.0,1.0,1.0,0.0,0.0,0.0,1.0,0.0,1.0,1.0,1.0,1.0,1.0,1.0,1.0,0.0,1.0,1.0,1.0,0.0,1.0,1.0,0.0,1.0,1.0,0.0,0.0,1.0,1.0,1.0,1.0,1.0,0.0,1.0,1.0,1.0,418.0,0.0,0.0,0.0,1.0
2007_EML,00240-metadata.xml,1.0,0.0,5.0,1.0,2.0,2.0,0.0,2.0,0.0,1.0,1.0,1.0,1.0,1.0,1.0,1.0,1.0,0.0,11.0,0.0,0.0,1.0,1.0,1.0,0.0,1.0,1.0,3.0,1.0,0.0,0.0,0.0,1.0,1.0,0.0,1.0,1.0,1.0,1.0,0.0,1.0,0.0,1.0,1.0,1.0,1.0,1.0,1.0,1.0,0.0,1.0,1.0,0.0,0.0,1.0,1.0,0.0,1.0,1.0,0.0,0.0,1.0,1.0,1.0,1.0,1.0,0.0,1.0,1.0,0.0,146.0,0.0,0.0,0.0,1.0
2007_EML,00241-metadata.xml,1.0,0.0,16.0,1.0,2.0,2.0,2.0,0.0,1.0,1.0,0.0,0.0,1.0,1.0,1.0,1.0,1.0,0.0,17.0,0.0,1.0,1.0,1.0,1.0,0.0,1.0,1.0,4.0,1.0,0.0,0.0,0.0,1.0,0.0,1.0,1.0,1.0,0.0,0.0,0.0,0.0,0.0,1.0,1.0,1.0,1.0,1.0,1.0,1.0,0.0,1.0,1.0,0.0,0.0,1.0,1.0,0.0,1.0,1.0,0.0,0.0,1.0,1.0,1.0,1.0,1.0,0.0,0.0,1.0,0.0,173.0,0.0,0.0,0.0,1.0
2007_EML,00242-metadata.xml,1.0,0.0,9.0,1.0,1.0,1.0,1.0,0.0,1.0,2.0,1.0,1.0,1.0,2.0,1.0,1.0,1.0,5.0,12.0,0.0,0.0,1.0,0.0,1.0,0.0,0.0,2.0,6.0,1.0,0.0,1.0,0.0,1.0,1.0,1.0,1.0,1.0,1.0,1.0,0.0,1.0,1.0,0.0,2.0,1.0,1.0,1.0,1.0,1.0,0.0,1.0,1.0,1.0,0.0,0.0,1.0,0.0,1.0,1.0,0.0,0.0,1.0,0.0,2.0,2.0,1.0,0.0,0.0,1.0,0.0,492.0,0.0,0.0,0.0,2.0
2007_EML,00243-metadata.xml,1.0,0.0,1.0,1.0,2.0,2.0,1.0,0.0,2.0,1.0,2.0,2.0,0.0,1.0,1.0,1.0,1.0,0.0,7.0,0.0,0.0,0.0,0.0,1.0,0.0,0.0,1.0,0.0,0.0,0.0,0.0,0.0,0.0,0.0,2.0,1.0,0.0,0.0,0.0,0.0,0.0,0.0,0.0,1.0,1.0,1.0,0.0,1.0,1.0,0.0,0.0,1.0,0.0,0.0,0.0,1.0,0.0,1.0,1.0,0.0,0.0,1.0,0.0,1.0,1.0,1.0,0.0,0.0,1.0,0.0,124.0,1.0,1.0,1.0,1.0
2007_EML,00244-metadata.xml,1.0,0.0,4.0,1.0,1.0,1.0,0.0,0.0,0.0,1.0,0.0,0.0,1.0,1.0,1.0,1.0,1.0,0.0,5.0,2.0,0.0,1.0,0.0,1.0,0.0,0.0,1.0,3.0,0.0,0.0,0.0,3.0,1.0,0.0,0.0,1.0,1.0,1.0,1.0,0.0,0.0,0.0,0.0,1.0,1.0,1.0,1.0,1.0,1.0,1.0,1.0,1.0,0.0,0.0,0.0,1.0,0.0,1.0,1.0,0.0,0.0,1.0,0.0,1.0,1.0,1.0,0.0,0.0,1.0,0.0,133.0,0.0,0.0,0.0,1.0
2007_EML,00245-metadata.xml,1.0,0.0,100.0,7.0,1.0,1.0,0.0,0.0,1.0,1.0,3.0,2.0,1.0,1.0,1.0,0.0,0.0,0.0,2.0,1.0,1.0,1.0,1.0,0.0,4.0,1.0,1.0,1.0,0.0,0.0,0.0,0.0,1.0,1.0,1.0,1.0,1.0,1.0,1.0,1.0,1.0,0.0,1.0,2.0,5.0,1.0,1.0,1.0,1.0,0.0,1.0,1.0,0.0,4.0,1.0,1.0,1.0,1.0,1.0,0.0,0.0,1.0,1.0,1.0,1.0,1.0,1.0,1.0,1.0,0.0,936.0,0.0,0.0,0.0,1.0
2007_EML,00246-metadata.xml,1.0,0.0,6.0,1.0,1.0,1.0,0.0,1.0,0.0,1.0,2.0,1.0,1.0,1.0,1.0,1.0,1.0,0.0,7.0,0.0,0.0,1.0,1.0,1.0,0.0,1.0,1.0,3.0,1.0,0.0,0.0,0.0,1.0,1.0,0.0,1.0,1.0,1.0,1.0,0.0,1.0,0.0,1.0,1.0,1.0,1.0,1.0,1.0,1.0,0.0,1.0,1.0,0.0,0.0,1.0,1.0,0.0,1.0,1.0,0.0,0.0,1.0,1.0,1.0,1.0,1.0,0.0,0.0,1.0,0.0,166.0,0.0,0.0,0.0,1.0
2007_EML,00247-metadata.xml,1.0,0.0,2.0,1.0,2.0,2.0,2.0,0.0,2.0,0.0,0.0,0.0,1.0,0.0,1.0,1.0,1.0,0.0,5.0,0.0,1.0,1.0,1.0,1.0,0.0,1.0,0.0,4.0,1.0,0.0,0.0,0.0,1.0,0.0,2.0,1.0,1.0,0.0,0.0,0.0,0.0,0.0,1.0,1.0,1.0,1.0,1.0,1.0,1.0,0.0,1.0,1.0,0.0,0.0,1.0,1.0,0.0,1.0,1.0,0.0,0.0,1.0,1.0,0.0,0.0,1.0,0.0,0.0,1.0,0.0,128.0,0.0,0.0,0.0,0.0
2007_EML,00248-metadata.xml,1.0,2.0,9.0,1.0,2.0,2.0,1.0,0.0,2.0,1.0,2.0,2.0,1.0,1.0,1.0,1.0,1.0,0.0,3.0,1.0,1.0,1.0,1.0,1.0,3.0,1.0,1.0,2.0,1.0,0.0,0.0,0.0,1.0,1.0,2.0,1.0,1.0,1.0,1.0,1.0,1.0,0.0,1.0,2.0,4.0,1.0,1.0,1.0,1.0,0.0,1.0,1.0,0.0,3.0,1.0,1.0,1.0,1.0,1.0,0.0,0.0,1.0,1.0,1.0,1.0,1.0,1.0,1.0,1.0,0.0,687.0,0.0,0.0,0.0,1.0
2007_EML,00249-metadata.xml,1.0,0.0,35.0,2.0,1.0,1.0,0.0,0.0,0.0,1.0,1.0,1.0,1.0,1.0,1.0,2.0,2.0,0.0,8.0,0.0,3.0,0.0,1.0,0.0,0.0,1.0,1.0,2.0,0.0,0.0,0.0,0.0,1.0,0.0,0.0,1.0,1.0,0.0,0.0,0.0,0.0,0.0,1.0,1.0,1.0,1.0,1.0,1.0,1.0,0.0,1.0,1.0,0.0,0.0,1.0,1.0,0.0,1.0,1.0,0.0,0.0,1.0,1.0,1.0,1.0,1.0,0.0,1.0,1.0,0.0,181.0,1.0,1.0,1.0,1.0
