<?xml version="1.0" encoding="utf-8"?>
<!--re3data.org Schema for the Description of Research Data Repositories. Version 2.2, December 2014. doi:10.2312/re3.006-->
<r3d:re3data xmlns:r3d="http://www.re3data.org/schema/2-2" xmlns:xsi="http://www.w3.org/2001/XMLSchema-instance" xsi:schemaLocation="http://www.re3data.org/schema/2-2 http://schema.re3data.org/2-2/re3dataV2-2.xsd">
  <r3d:repository>
    <r3d:re3data.orgIdentifier>r3d100010318</r3d:re3data.orgIdentifier>
    <r3d:repositoryName language="eng">Nuclear Data Portal</r3d:repositoryName>
    <r3d:repositoryURL>http://www.nndc.bnl.gov/content/NuclearPortal.html</r3d:repositoryURL>
    <r3d:description language="eng">The Nuclear Data Portal is a new generation of nuclear data services using modern and powerful DELL servers, Sybase relational database software, the Linux operating system with programming in Java. The Portal includes nuclear structure, decay and reaction data, as well as literature information. Data can be searched for using optimized query forms; results are presented in tables and interactive plots. Additionally, a number of nuclear science tools, codes, applications, and links are provided.
The databases includes are: CINDA - Computer Index of Nuclear Reaction Data, CSISRS alias EXFOR - Experimental nuclear reaction data, ENDF - Evaluated Nuclear Data File , ENSDF - Evaluated Nuclear Structure Data File, MIRD - Medical Internal Radiation Dose, NSR - Nuclear Science References, NuDat - Nuclear Structure &amp; Decay Data, XUNDL - Experimental Unevaluated Nuclear Data List, Chart of Nuclides.</r3d:description>
    <r3d:repositoryContact>nds.contact-point@iaea.org</r3d:repositoryContact>
    <r3d:repositoryContact>http://www.nndc.bnl.gov/about/nndc.html</r3d:repositoryContact>
    <r3d:type>disciplinary</r3d:type>
    <r3d:size updated=""></r3d:size>
    <r3d:startDate>1977</r3d:startDate>
    <r3d:endDate></r3d:endDate>
    <r3d:repositoryLanguage>eng</r3d:repositoryLanguage>
    <r3d:subject subjectScheme="DFG">32 Physics</r3d:subject>
    <r3d:subject subjectScheme="DFG">308 Optics, Quantum Optics and Physics of Atoms, Molecules and Plasmas</r3d:subject>
    <r3d:subject subjectScheme="DFG">311 Astrophysics and Astronomy</r3d:subject>
    <r3d:subject subjectScheme="DFG">3 Natural Sciences</r3d:subject>
    <r3d:missionStatementURL>http://www.nndc.bnl.gov/about/nndc.html#mission</r3d:missionStatementURL>
    <r3d:contentType contentTypeScheme="parse">Software applications</r3d:contentType>
    <r3d:contentType contentTypeScheme="parse">Databases</r3d:contentType>
    <r3d:contentType contentTypeScheme="parse">Scientific and statistical data formats</r3d:contentType>
    <r3d:contentType contentTypeScheme="parse">Networkbased data</r3d:contentType>
    <r3d:contentType contentTypeScheme="parse">Configuration data</r3d:contentType>
    <r3d:contentType contentTypeScheme="parse">other</r3d:contentType>
    <r3d:providerType>serviceProvider</r3d:providerType>
    <r3d:keyword>nuclear research</r3d:keyword>
    <r3d:keyword>decay information</r3d:keyword>
    <r3d:institution>
        <r3d:institutionName language="eng">U.S. Department of Energy, Office of Science, Office of Nuclear Physics</r3d:institutionName>
        <r3d:institutionCountry>USA</r3d:institutionCountry>
        <r3d:responsibilityType>funding</r3d:responsibilityType>
        <r3d:responsibilityType>technical</r3d:responsibilityType>
        <r3d:institutionType>non-profit</r3d:institutionType>
        <r3d:institutionURL>https://science.energy.gov/np/</r3d:institutionURL>
        <r3d:responsibilityStartDate></r3d:responsibilityStartDate>
        <r3d:responsibilityEndDate></r3d:responsibilityEndDate>
        <r3d:institutionContact>https://science.energy.gov/about/contact/</r3d:institutionContact>
    </r3d:institution>
    <r3d:institution>
        <r3d:institutionName language="eng">Nuclear Science and Technology Department, Brookhaben Nation Laboratory, National Nuclear Data Center</r3d:institutionName>
        <r3d:institutionAdditionalName language="eng">NNDC</r3d:institutionAdditionalName>
        <r3d:institutionCountry>USA</r3d:institutionCountry>
        <r3d:responsibilityType>general</r3d:responsibilityType>
        <r3d:institutionType>non-profit</r3d:institutionType>
        <r3d:institutionURL>http://www.nndc.bnl.gov/</r3d:institutionURL>
        <r3d:responsibilityStartDate>1977</r3d:responsibilityStartDate>
        <r3d:responsibilityEndDate></r3d:responsibilityEndDate>
        <r3d:institutionContact>http://www.nndc.bnl.gov/about/nndc.html#contacts</r3d:institutionContact>
    </r3d:institution>
    <r3d:databaseAccess>
        <r3d:databaseAccessType>open</r3d:databaseAccessType>
    </r3d:databaseAccess>
    <r3d:dataAccess>
    <r3d:dataAccessType>open</r3d:dataAccessType>
    </r3d:dataAccess>
    <r3d:dataLicense>
        <r3d:dataLicenseName>other</r3d:dataLicenseName>
        <r3d:dataLicenseURL>http://www.nndc.bnl.gov/about/nndc.html</r3d:dataLicenseURL>
    </r3d:dataLicense>
    <r3d:dataUpload>
        <r3d:dataUploadType>closed</r3d:dataUploadType>
    </r3d:dataUpload>
    <r3d:software>
        <r3d:softwareName>unknown</r3d:softwareName>
    </r3d:software>
    <r3d:versioning></r3d:versioning>
    <r3d:pidSystem>none</r3d:pidSystem>
    <r3d:citationGuidelineURL>http://www.nndc.bnl.gov/empire/ref.html</r3d:citationGuidelineURL>
    <r3d:enhancedPublication>unknown</r3d:enhancedPublication>
    <r3d:qualityManagement>unknown</r3d:qualityManagement>
    <r3d:remarks></r3d:remarks>
    <r3d:entryDate>2013-07-17</r3d:entryDate>
    <r3d:lastUpdate>2017-08-28</r3d:lastUpdate>
  </r3d:repository>
</r3d:re3data>