<?xml version="1.0" encoding="utf-8"?>
<!--re3data.org Schema for the Description of Research Data Repositories. Version 2.2, December 2014. doi:10.2312/re3.006-->
<r3d:re3data xmlns:r3d="http://www.re3data.org/schema/2-2" xmlns:xsi="http://www.w3.org/2001/XMLSchema-instance" xsi:schemaLocation="http://www.re3data.org/schema/2-2 http://schema.re3data.org/2-2/re3dataV2-2.xsd">
  <r3d:repository>
    <r3d:re3data.orgIdentifier>r3d100010167</r3d:re3data.orgIdentifier>
    <r3d:repositoryName language="eng">SourceForge</r3d:repositoryName>
    <r3d:additionalName language="eng">Find, create and publish Open Source software for free</r3d:additionalName>
    <r3d:repositoryURL>https://sourceforge.net/</r3d:repositoryURL>
    <r3d:description language="eng">SourceForge is dedicated to making open source projects successful.
We thrive on community collaboration to help us create the leading resource for open source software development and distribution. 
IT professionals come to Sourceforge to develop, download, review, and publish open source software. Sourceforge is the largest, most trusted destination for Open Source Software discovery and development on the web.</r3d:description>
    <r3d:repositoryContact>https://slashdotmedia.com/contact/</r3d:repositoryContact>
    <r3d:type>other</r3d:type>
    <r3d:size updated="2017-03-29">3,7 million developers; 430.000 projects</r3d:size>
    <r3d:startDate>2012</r3d:startDate>
    <r3d:endDate></r3d:endDate>
    <r3d:repositoryLanguage>eng</r3d:repositoryLanguage>
    <r3d:subject subjectScheme="DFG">409 Computer Science</r3d:subject>
    <r3d:subject subjectScheme="DFG">40902 Software Technology</r3d:subject>
    <r3d:subject subjectScheme="DFG">44 Computer Science, Electrical and System Engineering</r3d:subject>
    <r3d:subject subjectScheme="DFG">4 Engineering Sciences</r3d:subject>
    <r3d:missionStatementURL>https://sourceforge.net/about</r3d:missionStatementURL>
    <r3d:contentType contentTypeScheme="parse">Software applications</r3d:contentType>
    <r3d:contentType contentTypeScheme="parse">Source code</r3d:contentType>
    <r3d:contentType contentTypeScheme="parse">Configuration data</r3d:contentType>
    <r3d:contentType contentTypeScheme="parse">Databases</r3d:contentType>
    <r3d:providerType>dataProvider</r3d:providerType>
    <r3d:keyword>open source</r3d:keyword>
    <r3d:institution>
        <r3d:institutionName language="eng">Slashdot Media</r3d:institutionName>
        <r3d:institutionCountry>USA</r3d:institutionCountry>
        <r3d:responsibilityType>general</r3d:responsibilityType>
        <r3d:responsibilityType>technical</r3d:responsibilityType>
        <r3d:institutionType>non-profit</r3d:institutionType>
        <r3d:institutionURL>https://slashdotmedia.com/</r3d:institutionURL>
        <r3d:responsibilityStartDate>2016</r3d:responsibilityStartDate>
        <r3d:responsibilityEndDate></r3d:responsibilityEndDate>
        <r3d:institutionContact>https://slashdotmedia.com/contact/</r3d:institutionContact>
    </r3d:institution>
    <r3d:institution>
        <r3d:institutionName language="eng">DHI Group Inc.</r3d:institutionName>
        <r3d:institutionAdditionalName language="eng">Dice Holdings, Inc.</r3d:institutionAdditionalName>
        <r3d:institutionCountry>USA</r3d:institutionCountry>
        <r3d:responsibilityType>general</r3d:responsibilityType>
        <r3d:responsibilityType>technical</r3d:responsibilityType>
        <r3d:institutionType>non-profit</r3d:institutionType>
        <r3d:institutionURL>http://www.dhigroupinc.com/home-page/default.aspx</r3d:institutionURL>
        <r3d:responsibilityStartDate>2012</r3d:responsibilityStartDate>
        <r3d:responsibilityEndDate>2016</r3d:responsibilityEndDate>
    </r3d:institution>
    <r3d:policy>
        <r3d:policyName>TERMS OF USE AGREEMENT • SLASHDOT MEDIA</r3d:policyName>
        <r3d:policyURL>https://slashdotmedia.com/terms-of-use/</r3d:policyURL>
    </r3d:policy>
    <r3d:databaseAccess>
        <r3d:databaseAccessType>open</r3d:databaseAccessType>
    </r3d:databaseAccess>
    <r3d:databaseLicense>
        <r3d:databaseLicenseName>other</r3d:databaseLicenseName>
        <r3d:databaseLicenseURL>http://opensource.org/docs/osd</r3d:databaseLicenseURL>
    </r3d:databaseLicense>
    <r3d:dataAccess>
    <r3d:dataAccessType>open</r3d:dataAccessType>
    </r3d:dataAccess>
    <r3d:dataLicense>
        <r3d:dataLicenseName>other</r3d:dataLicenseName>
        <r3d:dataLicenseURL>http://opensource.org/docs/osd</r3d:dataLicenseURL>
    </r3d:dataLicense>
    <r3d:dataLicense>
        <r3d:dataLicenseName>other</r3d:dataLicenseName>
        <r3d:dataLicenseURL>https://slashdotmedia.com/terms-of-use/</r3d:dataLicenseURL>
    </r3d:dataLicense>
    <r3d:dataUpload>
        <r3d:dataUploadType>restricted</r3d:dataUploadType>
        <r3d:dataUploadRestriction>registration</r3d:dataUploadRestriction>
    </r3d:dataUpload>
    <r3d:dataUploadLicense>
        <r3d:dataUploadLicenseName>Code of Conduct</r3d:dataUploadLicenseName>
        <r3d:dataUploadLicenseURL>https://slashdotmedia.com/terms-of-use/</r3d:dataUploadLicenseURL>
    </r3d:dataUploadLicense>
    <r3d:software>
        <r3d:softwareName>unknown</r3d:softwareName>
    </r3d:software>
    <r3d:versioning></r3d:versioning>
    <r3d:api apiType="REST">https://sourceforge.net/p/forge/documentation/Allura%20API/</r3d:api>
    <r3d:pidSystem>none</r3d:pidSystem>
    <r3d:citationGuidelineURL>https://slashdotmedia.com/terms-of-use/</r3d:citationGuidelineURL>
    <r3d:enhancedPublication>unknown</r3d:enhancedPublication>
    <r3d:qualityManagement>no</r3d:qualityManagement>
    <r3d:syndication syndicationType="RSS">https://sourceforge.net/blog/feed/</r3d:syndication>
    <r3d:remarks>SourceForge.net is owned and operated by Slashdot Media. Formerly SourceForge.net was owned and operated by Geeknet Media,  a DIH Holdings, Inc. company.</r3d:remarks>
    <r3d:entryDate>2012-12-14</r3d:entryDate>
    <r3d:lastUpdate>2017-03-29</r3d:lastUpdate>
  </r3d:repository>
</r3d:re3data>