<?xml version="1.0" encoding="utf-8"?>
<!--re3data.org Schema for the Description of Research Data Repositories. Version 2.2, December 2014. doi:10.2312/re3.006-->
<r3d:re3data xmlns:r3d="http://www.re3data.org/schema/2-2" xmlns:xsi="http://www.w3.org/2001/XMLSchema-instance" xsi:schemaLocation="http://www.re3data.org/schema/2-2 http://schema.re3data.org/2-2/re3dataV2-2.xsd">
  <r3d:repository>
    <r3d:re3data.orgIdentifier>r3d100010372</r3d:re3data.orgIdentifier>
    <r3d:repositoryName language="eng">ZINC</r3d:repositoryName>
    <r3d:repositoryURL>http://zinc15.docking.org/</r3d:repositoryURL>
    <r3d:repositoryIdentifier>RRID:SCR_008596</r3d:repositoryIdentifier>
    <r3d:repositoryIdentifier>RRID:nif-0000-31930</r3d:repositoryIdentifier>
    <r3d:description language="eng">The ZINC Database contains commercially available compounds for structure based virtual screening. It currently has about 21 million compounds that can simply be purchased. It is provided in ready-to-dock, 3D formats with molecules represented in biologically relevant forms. It is available in subsets for general screening as well as target-, chemotype- and vendor-focused subsets. ZINC is free for everyone to use and download at the website zinc.docking.org.</r3d:description>
    <r3d:type>disciplinary</r3d:type>
    <r3d:size updated="2017-04-19">over 100 million purchasable compounds</r3d:size>
    <r3d:startDate>2007</r3d:startDate>
    <r3d:endDate></r3d:endDate>
    <r3d:repositoryLanguage>eng</r3d:repositoryLanguage>
    <r3d:subject subjectScheme="DFG">301 Molecular Chemistry</r3d:subject>
    <r3d:subject subjectScheme="DFG">31 Chemistry</r3d:subject>
    <r3d:subject subjectScheme="DFG">3 Natural Sciences</r3d:subject>
    <r3d:missionStatementURL>http://wiki.bkslab.org/index.php/ZINC15:Getting_started</r3d:missionStatementURL>
    <r3d:contentType contentTypeScheme="parse">Scientific and statistical data formats</r3d:contentType>
    <r3d:contentType contentTypeScheme="parse">Audiovisual data</r3d:contentType>
    <r3d:contentType contentTypeScheme="parse">Structured text</r3d:contentType>
    <r3d:contentType contentTypeScheme="parse">Plain text</r3d:contentType>
    <r3d:contentType contentTypeScheme="parse">Standard office documents</r3d:contentType>
    <r3d:providerType>dataProvider</r3d:providerType>
    <r3d:keyword>pharmaceutical chemistry</r3d:keyword>
    <r3d:keyword>pharmaceutical products</r3d:keyword>
    <r3d:institution>
        <r3d:institutionName language="eng">University of California San Fransico, Irwin Lab</r3d:institutionName>
        <r3d:institutionAdditionalName language="eng">UCSF</r3d:institutionAdditionalName>
        <r3d:institutionAdditionalName language="eng">John Irwin Lab</r3d:institutionAdditionalName>
        <r3d:institutionCountry>USA</r3d:institutionCountry>
        <r3d:responsibilityType>general</r3d:responsibilityType>
        <r3d:institutionType>non-profit</r3d:institutionType>
        <r3d:institutionURL>http://irwinlab.compbio.ucsf.edu/</r3d:institutionURL>
        <r3d:responsibilityStartDate></r3d:responsibilityStartDate>
        <r3d:responsibilityEndDate></r3d:responsibilityEndDate>
        <r3d:institutionContact>http://irwinlab.compbio.ucsf.edu/contact</r3d:institutionContact>
    </r3d:institution>
    <r3d:institution>
        <r3d:institutionName language="eng">University of California San Fransico, Shoichet Lab</r3d:institutionName>
        <r3d:institutionCountry>USA</r3d:institutionCountry>
        <r3d:responsibilityType>general</r3d:responsibilityType>
        <r3d:institutionType>non-profit</r3d:institutionType>
        <r3d:institutionURL>http://bkslab.org/</r3d:institutionURL>
        <r3d:responsibilityStartDate></r3d:responsibilityStartDate>
        <r3d:responsibilityEndDate></r3d:responsibilityEndDate>
        <r3d:institutionContact>bshoichet at gmail.com</r3d:institutionContact>
    </r3d:institution>
    <r3d:institution>
        <r3d:institutionName language="eng">National Institutes of Health, National Institute of General Medical Sciences</r3d:institutionName>
        <r3d:institutionAdditionalName language="eng">NIGMS</r3d:institutionAdditionalName>
        <r3d:institutionCountry>USA</r3d:institutionCountry>
        <r3d:responsibilityType>funding</r3d:responsibilityType>
        <r3d:institutionType>non-profit</r3d:institutionType>
        <r3d:institutionURL>https://www.nigms.nih.gov/Pages/default.aspx</r3d:institutionURL>
        <r3d:responsibilityStartDate></r3d:responsibilityStartDate>
        <r3d:responsibilityEndDate></r3d:responsibilityEndDate>
    </r3d:institution>
    <r3d:policy>
        <r3d:policyName>Terms And Conditions</r3d:policyName>
        <r3d:policyURL>http://wiki.bkslab.org/index.php/Terms_And_Conditions</r3d:policyURL>
    </r3d:policy>
    <r3d:databaseAccess>
        <r3d:databaseAccessType>open</r3d:databaseAccessType>
    </r3d:databaseAccess>
    <r3d:dataAccess>
    <r3d:dataAccessType>open</r3d:dataAccessType>
    </r3d:dataAccess>
    <r3d:dataAccess>
    <r3d:dataAccessType>restricted</r3d:dataAccessType>
    <r3d:dataAccessRestriction>feeRequired</r3d:dataAccessRestriction>
    </r3d:dataAccess>
    <r3d:dataLicense>
        <r3d:dataLicenseName>other</r3d:dataLicenseName>
        <r3d:dataLicenseURL>http://wiki.bkslab.org/index.php/ZINC_Database</r3d:dataLicenseURL>
    </r3d:dataLicense>
    <r3d:dataUpload>
        <r3d:dataUploadType>restricted</r3d:dataUploadType>
        <r3d:dataUploadRestriction>registration</r3d:dataUploadRestriction>
    </r3d:dataUpload>
    <r3d:dataUploadLicense>
        <r3d:dataUploadLicenseName>Terms And Conditions</r3d:dataUploadLicenseName>
        <r3d:dataUploadLicenseURL>http://wiki.bkslab.org/index.php/Terms_And_Conditions</r3d:dataUploadLicenseURL>
    </r3d:dataUploadLicense>
    <r3d:software>
        <r3d:softwareName>other</r3d:softwareName>
    </r3d:software>
    <r3d:versioning>yes</r3d:versioning>
    <r3d:api apiType="REST">http://wiki.bkslab.org/index.php/ZINC15:Query_operators</r3d:api>
    <r3d:api apiType="REST">http://wiki.bkslab.org/index.php/ZINC15_access#ZINC_API</r3d:api>
    <r3d:pidSystem>DOI</r3d:pidSystem>
    <r3d:citationGuidelineURL>http://zinc15.docking.org/</r3d:citationGuidelineURL>
    <r3d:enhancedPublication>unknown</r3d:enhancedPublication>
    <r3d:qualityManagement>unknown</r3d:qualityManagement>
    <r3d:remarks>an older version of zinc database can be found here http://zinc.docking.org/</r3d:remarks>
    <r3d:entryDate>2013-03-08</r3d:entryDate>
    <r3d:lastUpdate>2017-04-19</r3d:lastUpdate>
  </r3d:repository>
</r3d:re3data>