<?xml version="1.0" encoding="utf-8"?>
<!--re3data.org Schema for the Description of Research Data Repositories. Version 2.2, December 2014. doi:10.2312/re3.006-->
<r3d:re3data xmlns:r3d="http://www.re3data.org/schema/2-2" xmlns:xsi="http://www.w3.org/2001/XMLSchema-instance" xsi:schemaLocation="http://www.re3data.org/schema/2-2 http://schema.re3data.org/2-2/re3dataV2-2.xsd">
  <r3d:repository>
    <r3d:re3data.orgIdentifier>r3d100010529</r3d:re3data.orgIdentifier>
    <r3d:repositoryName language="eng">International Long Term Ecological Research</r3d:repositoryName>
    <r3d:additionalName language="eng">ILTER</r3d:additionalName>
    <r3d:repositoryURL>https://www.ilter.network/</r3d:repositoryURL>
    <r3d:description language="eng">ILTER is a &#039;network of networks&#039;, a global network of research sites located in a wide array of ecosystems that can help understand environmental change across the globe. ILTER&#039;s focus is on long-term, site-based research and monitoring.</r3d:description>
    <r3d:repositoryContact>https://www.ilter.network/?q=contact</r3d:repositoryContact>
    <r3d:type>other</r3d:type>
    <r3d:size updated=""></r3d:size>
    <r3d:startDate>1993</r3d:startDate>
    <r3d:endDate></r3d:endDate>
    <r3d:repositoryLanguage>eng</r3d:repositoryLanguage>
    <r3d:subject subjectScheme="DFG">20704 Ecology of Agricultural Landscapes</r3d:subject>
    <r3d:subject subjectScheme="DFG">313 Atmospheric Science and Oceanography</r3d:subject>
    <r3d:subject subjectScheme="DFG">315 Geophysics and Geodesy</r3d:subject>
    <r3d:subject subjectScheme="DFG">202 Plant Sciences</r3d:subject>
    <r3d:subject subjectScheme="DFG">207 Agriculture, Forestry, Horticulture and Veterinary Medicine</r3d:subject>
    <r3d:subject subjectScheme="DFG">23 Agriculture, Forestry, Horticulture and Veterinary Medicine</r3d:subject>
    <r3d:subject subjectScheme="DFG">2 Life Sciences</r3d:subject>
    <r3d:subject subjectScheme="DFG">34 Geosciences (including Geography)</r3d:subject>
    <r3d:subject subjectScheme="DFG">3 Natural Sciences</r3d:subject>
    <r3d:subject subjectScheme="DFG">21 Biology</r3d:subject>
    <r3d:missionStatementURL>https://www.ilter.network/?q=content/about</r3d:missionStatementURL>
    <r3d:contentType contentTypeScheme="parse">Standard office documents</r3d:contentType>
    <r3d:contentType contentTypeScheme="parse">Databases</r3d:contentType>
    <r3d:contentType contentTypeScheme="parse">Scientific and statistical data formats</r3d:contentType>
    <r3d:contentType contentTypeScheme="parse">Images</r3d:contentType>
    <r3d:contentType contentTypeScheme="parse">Raw data</r3d:contentType>
    <r3d:contentType contentTypeScheme="parse">other</r3d:contentType>
    <r3d:providerType>serviceProvider</r3d:providerType>
    <r3d:keyword>ecology</r3d:keyword>
    <r3d:keyword>ecosystem</r3d:keyword>
    <r3d:keyword>socioeconomics</r3d:keyword>
    <r3d:keyword>environmental change</r3d:keyword>
    <r3d:institution>
        <r3d:institutionName language="eng">International Long Term Ecological Research</r3d:institutionName>
        <r3d:institutionAdditionalName language="eng">ILTER</r3d:institutionAdditionalName>
        <r3d:institutionAdditionalName language="spa">Asociacion Cientifica para la Investigacion Ecologica a Largo Plazo ILTER</r3d:institutionAdditionalName>
        <r3d:institutionCountry>CRI</r3d:institutionCountry>
        <r3d:responsibilityType>general</r3d:responsibilityType>
        <r3d:institutionType>non-profit</r3d:institutionType>
        <r3d:institutionURL>https://www.ilter.network/?q=content/networks-and-regions</r3d:institutionURL>
        <r3d:responsibilityStartDate>1993</r3d:responsibilityStartDate>
        <r3d:responsibilityEndDate></r3d:responsibilityEndDate>
        <r3d:institutionContact>https://www.ilter.network/?q=contact</r3d:institutionContact>
    </r3d:institution>
    <r3d:policy>
        <r3d:policyName>ILTER Policy Document (bylaws)</r3d:policyName>
        <r3d:policyURL>https://www.ilter.network/?q=content/ilter-cloud</r3d:policyURL>
    </r3d:policy>
    <r3d:policy>
        <r3d:policyName>Ecological data sharing</r3d:policyName>
        <r3d:policyURL>https://doi.org/10.1016/j.ecoinf.2015.06.010</r3d:policyURL>
    </r3d:policy>
    <r3d:databaseAccess>
        <r3d:databaseAccessType>open</r3d:databaseAccessType>
    </r3d:databaseAccess>
    <r3d:dataAccess>
    <r3d:dataAccessType>restricted</r3d:dataAccessType>
    <r3d:dataAccessRestriction>registration</r3d:dataAccessRestriction>
    </r3d:dataAccess>
    <r3d:dataAccess>
    <r3d:dataAccessType>restricted</r3d:dataAccessType>
    <r3d:dataAccessRestriction>other</r3d:dataAccessRestriction>
    </r3d:dataAccess>
    <r3d:dataAccess>
    <r3d:dataAccessType>closed</r3d:dataAccessType>
    </r3d:dataAccess>
    <r3d:dataLicense>
        <r3d:dataLicenseName>other</r3d:dataLicenseName>
        <r3d:dataLicenseURL>http://www.lter-europe.net/elter/ta/ta-docs/ta-details-document/view</r3d:dataLicenseURL>
    </r3d:dataLicense>
    <r3d:dataUpload>
        <r3d:dataUploadType>restricted</r3d:dataUploadType>
        <r3d:dataUploadRestriction>registration</r3d:dataUploadRestriction>
    </r3d:dataUpload>
    <r3d:software>
        <r3d:softwareName>other</r3d:softwareName>
    </r3d:software>
    <r3d:versioning></r3d:versioning>
    <r3d:pidSystem>none</r3d:pidSystem>
    <r3d:citationGuidelineURL></r3d:citationGuidelineURL>
    <r3d:enhancedPublication>unknown</r3d:enhancedPublication>
    <r3d:qualityManagement>unknown</r3d:qualityManagement>
    <r3d:remarks>The Drupal Ecosystem Information Management System (DEIMS) is an online searchable database of ILTER sites: https://data.lter-europe.net/deims/
Details of the LTER networks that are members of ILTER can be found at: https://www.ilter.network/?q=content/networks-and-regions</r3d:remarks>
    <r3d:entryDate>2013-10-16</r3d:entryDate>
    <r3d:lastUpdate>2017-10-25</r3d:lastUpdate>
  </r3d:repository>
</r3d:re3data>