<?xml version="1.0" encoding="utf-8"?>
<!--re3data.org Schema for the Description of Research Data Repositories. Version 2.2, December 2014. doi:10.2312/re3.006-->
<r3d:re3data xmlns:r3d="http://www.re3data.org/schema/2-2" xmlns:xsi="http://www.w3.org/2001/XMLSchema-instance" xsi:schemaLocation="http://www.re3data.org/schema/2-2 http://schema.re3data.org/2-2/re3dataV2-2.xsd">
  <r3d:repository>
    <r3d:re3data.orgIdentifier>r3d100000039</r3d:re3data.orgIdentifier>
    <r3d:repositoryName language="eng">Global Biodiversity Information Facility</r3d:repositoryName>
    <r3d:additionalName language="eng">Data index of the Global Biodiversity Information Facility</r3d:additionalName>
    <r3d:additionalName language="eng">GBIF.org</r3d:additionalName>
    <r3d:repositoryURL>https://www.gbif.org/</r3d:repositoryURL>
    <r3d:repositoryIdentifier>RRID:SCR_005904</r3d:repositoryIdentifier>
    <r3d:repositoryIdentifier>RRID:nlx_149475</r3d:repositoryIdentifier>
    <r3d:repositoryIdentifier>biodbcore-000635</r3d:repositoryIdentifier>
    <r3d:repositoryIdentifier>OMICS_19240</r3d:repositoryIdentifier>
    <r3d:description language="eng">GBIF is an international organisation that is working to make the world&#039;s biodiversity data accessible everywhere in the world. GBIF and its many partners work to mobilize the data, and to improve search mechanisms, data and metadata standards, web services, and the other components of an Internet-based information infrastructure for biodiversity.
GBIF makes available data that are shared by hundreds of data publishers from around the world. These data are shared according to the GBIF Data Use Agreement, which includes the provision that users of any data accessed through or retrieved via the GBIF Portal will always give credit to the original data publishers.</r3d:description>
    <r3d:repositoryContact>https://www.gbif.org/contact-us</r3d:repositoryContact>
    <r3d:type>institutional</r3d:type>
    <r3d:type>disciplinary</r3d:type>
    <r3d:size updated="2081-01-09">964.313.520 occurence records; 37.614 datasets;</r3d:size>
    <r3d:startDate>2001</r3d:startDate>
    <r3d:endDate></r3d:endDate>
    <r3d:repositoryLanguage>eng</r3d:repositoryLanguage>
    <r3d:subject subjectScheme="DFG">21 Biology</r3d:subject>
    <r3d:subject subjectScheme="DFG">23 Agriculture, Forestry, Horticulture and Veterinary Medicine</r3d:subject>
    <r3d:subject subjectScheme="DFG">2 Life Sciences</r3d:subject>
    <r3d:missionStatementURL>https://www.gbif.org/what-is-gbif</r3d:missionStatementURL>
    <r3d:contentType contentTypeScheme="parse">Images</r3d:contentType>
    <r3d:contentType contentTypeScheme="parse">Structured graphics</r3d:contentType>
    <r3d:contentType contentTypeScheme="parse">Scientific and statistical data formats</r3d:contentType>
    <r3d:contentType contentTypeScheme="parse">Structured text</r3d:contentType>
    <r3d:contentType contentTypeScheme="parse">Software applications</r3d:contentType>
    <r3d:providerType>dataProvider</r3d:providerType>
    <r3d:providerType>serviceProvider</r3d:providerType>
    <r3d:keyword>biodiversity</r3d:keyword>
    <r3d:keyword>animal</r3d:keyword>
    <r3d:keyword>plant</r3d:keyword>
    <r3d:keyword>fungi</r3d:keyword>
    <r3d:keyword>protozoa</r3d:keyword>
    <r3d:keyword>chromista</r3d:keyword>
    <r3d:keyword>bacteria</r3d:keyword>
    <r3d:keyword>archaea</r3d:keyword>
    <r3d:keyword>virus</r3d:keyword>
    <r3d:institution>
        <r3d:institutionName language="eng">Global Biodiversity Information Facility</r3d:institutionName>
        <r3d:institutionAdditionalName language="eng">GBIF</r3d:institutionAdditionalName>
        <r3d:institutionCountry>DNK</r3d:institutionCountry>
        <r3d:responsibilityType>general</r3d:responsibilityType>
        <r3d:responsibilityType>technical</r3d:responsibilityType>
        <r3d:institutionType>non-profit</r3d:institutionType>
        <r3d:institutionURL>https://www.gbif.org/</r3d:institutionURL>
        <r3d:responsibilityStartDate>2001</r3d:responsibilityStartDate>
        <r3d:responsibilityEndDate></r3d:responsibilityEndDate>
        <r3d:institutionContact>communication@gbif.org</r3d:institutionContact>
    </r3d:institution>
    <r3d:policy>
        <r3d:policyName>Terms of use</r3d:policyName>
        <r3d:policyURL>https://www.gbif.org/terms</r3d:policyURL>
    </r3d:policy>
    <r3d:policy>
        <r3d:policyName>Data User Agreement</r3d:policyName>
        <r3d:policyURL>https://www.gbif.org/terms/data-user</r3d:policyURL>
    </r3d:policy>
    <r3d:databaseAccess>
        <r3d:databaseAccessType>open</r3d:databaseAccessType>
    </r3d:databaseAccess>
    <r3d:dataAccess>
    <r3d:dataAccessType>open</r3d:dataAccessType>
    </r3d:dataAccess>
    <r3d:dataLicense>
        <r3d:dataLicenseName>CC</r3d:dataLicenseName>
        <r3d:dataLicenseURL>https://creativecommons.org/licenses/by/4.0/</r3d:dataLicenseURL>
    </r3d:dataLicense>
    <r3d:dataLicense>
        <r3d:dataLicenseName>CC</r3d:dataLicenseName>
        <r3d:dataLicenseURL>https://creativecommons.org/licenses/by-nc/4.0/</r3d:dataLicenseURL>
    </r3d:dataLicense>
    <r3d:dataLicense>
        <r3d:dataLicenseName>CC0</r3d:dataLicenseName>
        <r3d:dataLicenseURL>https://creativecommons.org/publicdomain/zero/1.0/</r3d:dataLicenseURL>
    </r3d:dataLicense>
    <r3d:dataLicense>
        <r3d:dataLicenseName>other</r3d:dataLicenseName>
        <r3d:dataLicenseURL>https://www.gbif.org/mou</r3d:dataLicenseURL>
    </r3d:dataLicense>
    <r3d:dataLicense>
        <r3d:dataLicenseName>other</r3d:dataLicenseName>
        <r3d:dataLicenseURL>https://www.gbif.org/terms</r3d:dataLicenseURL>
    </r3d:dataLicense>
    <r3d:dataUpload>
        <r3d:dataUploadType>restricted</r3d:dataUploadType>
        <r3d:dataUploadRestriction>other</r3d:dataUploadRestriction>
    </r3d:dataUpload>
    <r3d:dataUploadLicense>
        <r3d:dataUploadLicenseName>Data publisher agreement</r3d:dataUploadLicenseName>
        <r3d:dataUploadLicenseURL>https://www.gbif.org/terms/data-publisher</r3d:dataUploadLicenseURL>
    </r3d:dataUploadLicense>
    <r3d:versioning>yes</r3d:versioning>
    <r3d:api apiType="REST">https://www.gbif.org/developer/summary</r3d:api>
    <r3d:pidSystem>DOI</r3d:pidSystem>
    <r3d:citationGuidelineURL>https://www.gbif.org/citation-guidelines</r3d:citationGuidelineURL>
    <r3d:enhancedPublication>unknown</r3d:enhancedPublication>
    <r3d:qualityManagement>unknown</r3d:qualityManagement>
    <r3d:certificate>WDS</r3d:certificate>
    <r3d:metadataStandard>
      <r3d:metadataStandardName metadataStandardScheme="DCC">Darwin Core</r3d:metadataStandardName>
      <r3d:metadataStandardURL>http://www.dcc.ac.uk/resources/metadata-standards/darwin-core</r3d:metadataStandardURL>
    </r3d:metadataStandard>
    <r3d:metadataStandard>
      <r3d:metadataStandardName metadataStandardScheme="DCC">EML - Ecological Metadata Language</r3d:metadataStandardName>
      <r3d:metadataStandardURL>http://www.dcc.ac.uk/resources/metadata-standards/eml-ecological-metadata-language</r3d:metadataStandardURL>
    </r3d:metadataStandard>
    <r3d:metadataStandard>
      <r3d:metadataStandardName metadataStandardScheme="DCC">ABCD - Access to Biological Collection Data</r3d:metadataStandardName>
      <r3d:metadataStandardURL>http://www.dcc.ac.uk/resources/metadata-standards/abcd-access-biological-collection-data</r3d:metadataStandardURL>
    </r3d:metadataStandard>
    <r3d:remarks></r3d:remarks>
    <r3d:entryDate>2013-01-31</r3d:entryDate>
    <r3d:lastUpdate>2018-01-09</r3d:lastUpdate>
  </r3d:repository>
</r3d:re3data>