<?xml version="1.0" encoding="utf-8"?>
<!--re3data.org Schema for the Description of Research Data Repositories. Version 2.2, December 2014. doi:10.2312/re3.006-->
<r3d:re3data xmlns:r3d="http://www.re3data.org/schema/2-2" xmlns:xsi="http://www.w3.org/2001/XMLSchema-instance" xsi:schemaLocation="http://www.re3data.org/schema/2-2 http://schema.re3data.org/2-2/re3dataV2-2.xsd">
  <r3d:repository>
    <r3d:re3data.orgIdentifier>r3d100010228</r3d:re3data.orgIdentifier>
    <r3d:repositoryName language="eng">Ensembl</r3d:repositoryName>
    <r3d:additionalName language="eng">e!</r3d:additionalName>
    <r3d:repositoryURL>http://www.ensembl.org/index.html</r3d:repositoryURL>
    <r3d:repositoryIdentifier>RRID:nif-0000-21145</r3d:repositoryIdentifier>
    <r3d:repositoryIdentifier>RRID:SCR_002344</r3d:repositoryIdentifier>
    <r3d:repositoryIdentifier>OMICS_01647</r3d:repositoryIdentifier>
    <r3d:repositoryIdentifier>biodbcore-000330</r3d:repositoryIdentifier>
    <r3d:repositoryIdentifier>MIR:00100011</r3d:repositoryIdentifier>
    <r3d:description language="eng">The Ensembl project produces genome databases for vertebrates and other eukaryotic species. Ensembl is a joint project between the European Bioinformatics Institute (EBI) and the Wellcome Trust Sanger Institute (WTSI) to develop a software system that produces and maintains automatic annotation on selected genomes.The Ensembl project was started in 1999, some years before the draft human genome was completed. Even at that early stage it was clear that manual annotation of 3 billion base pairs of sequence would not be able to offer researchers timely access to the latest data. The goal of Ensembl was therefore to automatically annotate the genome, integrate this annotation with other available biological data and make all this publicly available via the web. Since the website&#039;s launch in July 2000, many more genomes have been added to Ensembl and the range of available data has also expanded to include comparative genomics, variation and regulatory data. Ensembl is a joint project between European Bioinformatics Institute (EBI), an outstation of the European Molecular Biology Laboratory (EMBL), and the Wellcome Trust Sanger Institute (WTSI). Both institutes are located on the Wellcome Trust Genome Campus in Hinxton, south of the city of Cambridge, United Kingdom.</r3d:description>
    <r3d:repositoryContact>http://www.ensembl.org/info/about/contact/index.html</r3d:repositoryContact>
    <r3d:type>disciplinary</r3d:type>
    <r3d:size updated=""></r3d:size>
    <r3d:startDate>2000</r3d:startDate>
    <r3d:endDate></r3d:endDate>
    <r3d:repositoryLanguage>eng</r3d:repositoryLanguage>
    <r3d:subject subjectScheme="DFG">20105 General Genetics</r3d:subject>
    <r3d:subject subjectScheme="DFG">20107 Bioinformatics and Theoretical Biology</r3d:subject>
    <r3d:subject subjectScheme="DFG">20306 Animal Genetics, Cell and Developmental Biology</r3d:subject>
    <r3d:subject subjectScheme="DFG">20503 Human Genetics</r3d:subject>
    <r3d:subject subjectScheme="DFG">201 Basic Biological and Medical Research</r3d:subject>
    <r3d:subject subjectScheme="DFG">21 Biology</r3d:subject>
    <r3d:subject subjectScheme="DFG">2 Life Sciences</r3d:subject>
    <r3d:subject subjectScheme="DFG">203 Zoology</r3d:subject>
    <r3d:subject subjectScheme="DFG">205 Medicine</r3d:subject>
    <r3d:subject subjectScheme="DFG">22 Medicine</r3d:subject>
    <r3d:missionStatementURL>http://www.ensembl.org/info/about/index.html</r3d:missionStatementURL>
    <r3d:contentType contentTypeScheme="parse">Standard office documents</r3d:contentType>
    <r3d:contentType contentTypeScheme="parse">Structured graphics</r3d:contentType>
    <r3d:contentType contentTypeScheme="parse">Audiovisual data</r3d:contentType>
    <r3d:contentType contentTypeScheme="parse">Scientific and statistical data formats</r3d:contentType>
    <r3d:contentType contentTypeScheme="parse">Raw data</r3d:contentType>
    <r3d:contentType contentTypeScheme="parse">Plain text</r3d:contentType>
    <r3d:providerType>dataProvider</r3d:providerType>
    <r3d:keyword>DNA sequence</r3d:keyword>
    <r3d:keyword>DNA assemblies</r3d:keyword>
    <r3d:keyword>gene</r3d:keyword>
    <r3d:keyword>LRG  Locus Reference Genomic</r3d:keyword>
    <r3d:keyword>LSDB Locus Specific Databases</r3d:keyword>
    <r3d:keyword>RNA</r3d:keyword>
    <r3d:keyword>ENCODE ENCyclopedia Of DNA Elements</r3d:keyword>
    <r3d:keyword>enselb</r3d:keyword>
    <r3d:keyword>bioinformatics</r3d:keyword>
    <r3d:keyword>genom-browser</r3d:keyword>
    <r3d:keyword>vertebrates</r3d:keyword>
    <r3d:keyword>eukaryotics</r3d:keyword>
    <r3d:institution>
        <r3d:institutionName language="eng">European Bioinformatics Institute</r3d:institutionName>
        <r3d:institutionAdditionalName language="eng">EBI</r3d:institutionAdditionalName>
        <r3d:institutionCountry>GBR</r3d:institutionCountry>
        <r3d:responsibilityType>funding</r3d:responsibilityType>
        <r3d:institutionType>non-profit</r3d:institutionType>
        <r3d:institutionURL>https://www.ebi.ac.uk/</r3d:institutionURL>
        <r3d:responsibilityStartDate>2000</r3d:responsibilityStartDate>
        <r3d:responsibilityEndDate></r3d:responsibilityEndDate>
        <r3d:institutionContact>https://www.ebi.ac.uk/services/teams/ensembl</r3d:institutionContact>
    </r3d:institution>
    <r3d:institution>
        <r3d:institutionName language="eng">Wellcome Trust</r3d:institutionName>
        <r3d:institutionAdditionalName language="eng">Wellcome Trust Sanger Insitute</r3d:institutionAdditionalName>
        <r3d:institutionCountry>GBR</r3d:institutionCountry>
        <r3d:responsibilityType>funding</r3d:responsibilityType>
        <r3d:institutionType>non-profit</r3d:institutionType>
        <r3d:institutionURL>https://wellcome.ac.uk/</r3d:institutionURL>
        <r3d:responsibilityStartDate>2000</r3d:responsibilityStartDate>
        <r3d:responsibilityEndDate></r3d:responsibilityEndDate>
        <r3d:institutionContact>http://www.ensembl.org/info/about/contact/collaboration.html</r3d:institutionContact>
    </r3d:institution>
    <r3d:institution>
        <r3d:institutionName language="eng">European Molecular Biology Laboratory</r3d:institutionName>
        <r3d:institutionAdditionalName language="eng">EMBL</r3d:institutionAdditionalName>
        <r3d:institutionCountry>EEC</r3d:institutionCountry>
        <r3d:responsibilityType>funding</r3d:responsibilityType>
        <r3d:responsibilityType>general</r3d:responsibilityType>
        <r3d:responsibilityType>technical</r3d:responsibilityType>
        <r3d:institutionType>non-profit</r3d:institutionType>
        <r3d:institutionURL>https://www.embl.de/</r3d:institutionURL>
        <r3d:responsibilityStartDate>2000</r3d:responsibilityStartDate>
        <r3d:responsibilityEndDate></r3d:responsibilityEndDate>
    </r3d:institution>
    <r3d:institution>
        <r3d:institutionName language="eng">National Human Genome Research Institute</r3d:institutionName>
        <r3d:institutionAdditionalName language="eng">NHGRI</r3d:institutionAdditionalName>
        <r3d:institutionCountry>GBR</r3d:institutionCountry>
        <r3d:responsibilityType>funding</r3d:responsibilityType>
        <r3d:institutionType>non-profit</r3d:institutionType>
        <r3d:institutionURL>https://www.genome.gov/</r3d:institutionURL>
        <r3d:responsibilityStartDate>2000</r3d:responsibilityStartDate>
        <r3d:responsibilityEndDate></r3d:responsibilityEndDate>
    </r3d:institution>
    <r3d:institution>
        <r3d:institutionName language="eng">BBSRC</r3d:institutionName>
        <r3d:institutionAdditionalName language="eng">Biotechnology and Biological Sciences Research Council</r3d:institutionAdditionalName>
        <r3d:institutionCountry>GBR</r3d:institutionCountry>
        <r3d:responsibilityType>funding</r3d:responsibilityType>
        <r3d:institutionType>non-profit</r3d:institutionType>
        <r3d:institutionURL>http://www.bbsrc.ac.uk/</r3d:institutionURL>
        <r3d:responsibilityStartDate>2000</r3d:responsibilityStartDate>
        <r3d:responsibilityEndDate></r3d:responsibilityEndDate>
    </r3d:institution>
    <r3d:policy>
        <r3d:policyName>Privacy Policy</r3d:policyName>
        <r3d:policyURL>http://www.ensembl.org/info/about/legal/privacy.html</r3d:policyURL>
    </r3d:policy>
    <r3d:policy>
        <r3d:policyName>Legal Notes</r3d:policyName>
        <r3d:policyURL>http://www.ensembl.org/info/about/legal/index.html</r3d:policyURL>
    </r3d:policy>
    <r3d:databaseAccess>
        <r3d:databaseAccessType>open</r3d:databaseAccessType>
    </r3d:databaseAccess>
    <r3d:databaseLicense>
        <r3d:databaseLicenseName>CC</r3d:databaseLicenseName>
        <r3d:databaseLicenseURL>https://creativecommons.org/licenses/by-sa/3.0/</r3d:databaseLicenseURL>
    </r3d:databaseLicense>
    <r3d:dataAccess>
    <r3d:dataAccessType>open</r3d:dataAccessType>
    </r3d:dataAccess>
    <r3d:dataLicense>
        <r3d:dataLicenseName>CC</r3d:dataLicenseName>
        <r3d:dataLicenseURL>https://creativecommons.org/licenses/by-sa/3.0/</r3d:dataLicenseURL>
    </r3d:dataLicense>
    <r3d:dataUpload>
        <r3d:dataUploadType>open</r3d:dataUploadType>
    </r3d:dataUpload>
    <r3d:software>
        <r3d:softwareName>other</r3d:softwareName>
    </r3d:software>
    <r3d:versioning>yes</r3d:versioning>
    <r3d:api apiType="REST">http://rest.ensembl.org/documentation/info/rest</r3d:api>
    <r3d:api apiType="other">http://www.ensembl.org/info/docs/api/index.html</r3d:api>
    <r3d:pidSystem>none</r3d:pidSystem>
    <r3d:citationGuidelineURL>http://www.ensembl.org/info/about/publications.html</r3d:citationGuidelineURL>
    <r3d:enhancedPublication>unknown</r3d:enhancedPublication>
    <r3d:qualityManagement>unknown</r3d:qualityManagement>
    <r3d:syndication syndicationType="RSS">http://www.ensembl.info/blog/2013/02/18/whats-coming-in-ensembl-release-71/feed/</r3d:syndication>
    <r3d:remarks>Ensembl contains variation data from the 1000 Genomes project
Ensembl Mirror sites: http://www.ensembl.org/Help/Mirrors
US West (Amazon AWS) - Cloud-based mirror on West Coast of US: http://uswest.ensembl.org/index.html?redirect=no
US East (Amazon AWS) - Cloud-based mirror on East Coast of US: http://useast.ensembl.org/index.html?redirect=no
Asia (Amazon AWS) - Cloud-based mirror in Singapore: http://asia.ensembl.org/index.html?redirect=no</r3d:remarks>
    <r3d:entryDate>2013-03-19</r3d:entryDate>
    <r3d:lastUpdate>2017-11-28</r3d:lastUpdate>
  </r3d:repository>
</r3d:re3data>