<?xml version="1.0" encoding="utf-8"?>
<!--re3data.org Schema for the Description of Research Data Repositories. Version 2.2, December 2014. doi:10.2312/re3.006-->
<r3d:re3data xmlns:r3d="http://www.re3data.org/schema/2-2" xmlns:xsi="http://www.w3.org/2001/XMLSchema-instance" xsi:schemaLocation="http://www.re3data.org/schema/2-2 http://schema.re3data.org/2-2/re3dataV2-2.xsd">
  <r3d:repository>
    <r3d:re3data.orgIdentifier>r3d100010562</r3d:re3data.orgIdentifier>
    <r3d:repositoryName language="eng">The Electron Microscopy Data Bank at PDBe</r3d:repositoryName>
    <r3d:additionalName language="eng">EMDB</r3d:additionalName>
    <r3d:additionalName language="eng">The Electron Microscopy Data Bank at Protein Data Bank in Europe</r3d:additionalName>
    <r3d:additionalName language="eng">EMDB at PDBe</r3d:additionalName>
    <r3d:repositoryURL>http://www.ebi.ac.uk/pdbe/emdb/</r3d:repositoryURL>
    <r3d:repositoryIdentifier>RRID:nlx_149453</r3d:repositoryIdentifier>
    <r3d:repositoryIdentifier>RRID:SCR_006506</r3d:repositoryIdentifier>
    <r3d:repositoryIdentifier>MIR:00100738</r3d:repositoryIdentifier>
    <r3d:description language="eng">The Electron Microscopy Data Bank (EMDB) is a public repository for electron microscopy density maps of macromolecular complexes and subcellular structures. It covers a variety of techniques, including single-particle analysis, electron tomography, and electron (2D) crystallography.</r3d:description>
    <r3d:type>disciplinary</r3d:type>
    <r3d:size updated="2017-09-14">5.163 released maps; 2.018 associated publications</r3d:size>
    <r3d:startDate>2002</r3d:startDate>
    <r3d:endDate></r3d:endDate>
    <r3d:repositoryLanguage>eng</r3d:repositoryLanguage>
    <r3d:subject subjectScheme="DFG">204 Microbiology, Virology and Immunology</r3d:subject>
    <r3d:subject subjectScheme="DFG">201 Basic Biological and Medical Research</r3d:subject>
    <r3d:subject subjectScheme="DFG">22 Medicine</r3d:subject>
    <r3d:subject subjectScheme="DFG">21 Biology</r3d:subject>
    <r3d:subject subjectScheme="DFG">2 Life Sciences</r3d:subject>
    <r3d:missionStatementURL>http://www.ebi.ac.uk/pdbe/emdb/index.html/</r3d:missionStatementURL>
    <r3d:contentType contentTypeScheme="parse">Standard office documents</r3d:contentType>
    <r3d:contentType contentTypeScheme="parse">Images</r3d:contentType>
    <r3d:contentType contentTypeScheme="parse">Structured graphics</r3d:contentType>
    <r3d:contentType contentTypeScheme="parse">Scientific and statistical data formats</r3d:contentType>
    <r3d:contentType contentTypeScheme="parse">Raw data</r3d:contentType>
    <r3d:contentType contentTypeScheme="parse">Plain text</r3d:contentType>
    <r3d:contentType contentTypeScheme="parse">Archived data</r3d:contentType>
    <r3d:contentType contentTypeScheme="parse">other</r3d:contentType>
    <r3d:providerType>dataProvider</r3d:providerType>
    <r3d:providerType>serviceProvider</r3d:providerType>
    <r3d:keyword>biology</r3d:keyword>
    <r3d:keyword>ribosome</r3d:keyword>
    <r3d:keyword>enzymes</r3d:keyword>
    <r3d:keyword>virus</r3d:keyword>
    <r3d:keyword>macromolecular complexes</r3d:keyword>
    <r3d:keyword>electron tomography</r3d:keyword>
    <r3d:keyword>electron crystallography</r3d:keyword>
    <r3d:keyword>proteins</r3d:keyword>
    <r3d:keyword>electrons</r3d:keyword>
    <r3d:institution>
        <r3d:institutionName language="eng">European Bioinformatics Institute, Protein Data Bank in Europe</r3d:institutionName>
        <r3d:institutionAdditionalName language="eng">PDBe</r3d:institutionAdditionalName>
        <r3d:institutionCountry>GBR</r3d:institutionCountry>
        <r3d:responsibilityType>general</r3d:responsibilityType>
        <r3d:institutionType>non-profit</r3d:institutionType>
        <r3d:institutionURL>http://www.ebi.ac.uk/pdbe/</r3d:institutionURL>
        <r3d:responsibilityStartDate></r3d:responsibilityStartDate>
        <r3d:responsibilityEndDate></r3d:responsibilityEndDate>
        <r3d:institutionContact>http://www.ebi.ac.uk/pdbe/about/contact</r3d:institutionContact>
    </r3d:institution>
    <r3d:institution>
        <r3d:institutionName language="eng">Rutgers</r3d:institutionName>
        <r3d:institutionAdditionalName language="eng">The State University of New Jersey</r3d:institutionAdditionalName>
        <r3d:institutionCountry>USA</r3d:institutionCountry>
        <r3d:responsibilityType>technical</r3d:responsibilityType>
        <r3d:institutionType>non-profit</r3d:institutionType>
        <r3d:institutionURL>http://www.rutgers.edu/</r3d:institutionURL>
        <r3d:responsibilityStartDate></r3d:responsibilityStartDate>
        <r3d:responsibilityEndDate></r3d:responsibilityEndDate>
        <r3d:institutionContact>http://www.rutgers.edu/about/contact-us</r3d:institutionContact>
    </r3d:institution>
    <r3d:institution>
        <r3d:institutionName language="eng">National Center for Macromolecular Imaging</r3d:institutionName>
        <r3d:institutionAdditionalName language="eng">NCMI</r3d:institutionAdditionalName>
        <r3d:institutionCountry>USA</r3d:institutionCountry>
        <r3d:responsibilityType>funding</r3d:responsibilityType>
        <r3d:institutionType>non-profit</r3d:institutionType>
        <r3d:institutionURL>http://ncmi.bcm.edu/ncmi</r3d:institutionURL>
        <r3d:responsibilityStartDate></r3d:responsibilityStartDate>
        <r3d:responsibilityEndDate></r3d:responsibilityEndDate>
        <r3d:institutionContact>http://ncmi.bcm.edu/ncmi/contact</r3d:institutionContact>
    </r3d:institution>
    <r3d:institution>
        <r3d:institutionName language="eng">Research Collaboratory for Structural Bioinformatics, Protein Data Bank</r3d:institutionName>
        <r3d:institutionAdditionalName language="eng">RCSB PDB</r3d:institutionAdditionalName>
        <r3d:institutionCountry>GBR</r3d:institutionCountry>
        <r3d:responsibilityType>general</r3d:responsibilityType>
        <r3d:institutionType>non-profit</r3d:institutionType>
        <r3d:institutionURL>http://www.rcsb.org/pdb/home/home.do</r3d:institutionURL>
        <r3d:responsibilityStartDate></r3d:responsibilityStartDate>
        <r3d:responsibilityEndDate></r3d:responsibilityEndDate>
        <r3d:institutionContact>http://www.rcsb.org/pdb/home/contactUs.do</r3d:institutionContact>
    </r3d:institution>
    <r3d:institution>
        <r3d:institutionName language="eng">National Institutes of Health</r3d:institutionName>
        <r3d:institutionAdditionalName language="eng">NIH</r3d:institutionAdditionalName>
        <r3d:institutionCountry>USA</r3d:institutionCountry>
        <r3d:responsibilityType>funding</r3d:responsibilityType>
        <r3d:institutionType>non-profit</r3d:institutionType>
        <r3d:institutionURL>https://www.nih.gov/</r3d:institutionURL>
        <r3d:responsibilityStartDate></r3d:responsibilityStartDate>
        <r3d:responsibilityEndDate></r3d:responsibilityEndDate>
        <r3d:institutionContact>https://www.nih.gov/about-nih/contact-us</r3d:institutionContact>
    </r3d:institution>
    <r3d:policy>
        <r3d:policyName>wwPDB agreement</r3d:policyName>
        <r3d:policyURL>http://www.wwpdb.org/about/agreement</r3d:policyURL>
    </r3d:policy>
    <r3d:databaseAccess>
        <r3d:databaseAccessType>open</r3d:databaseAccessType>
    </r3d:databaseAccess>
    <r3d:dataAccess>
    <r3d:dataAccessType>open</r3d:dataAccessType>
    </r3d:dataAccess>
    <r3d:dataLicense>
        <r3d:dataLicenseName>Public Domain</r3d:dataLicenseName>
        <r3d:dataLicenseURL>http://www.ebi.ac.uk/about/terms-of-use</r3d:dataLicenseURL>
    </r3d:dataLicense>
    <r3d:dataLicense>
        <r3d:dataLicenseName>Copyrights</r3d:dataLicenseName>
        <r3d:dataLicenseURL>http://www-ebi.emdatabank.org/faq.html#a3</r3d:dataLicenseURL>
    </r3d:dataLicense>
    <r3d:dataUpload>
        <r3d:dataUploadType>restricted</r3d:dataUploadType>
        <r3d:dataUploadRestriction>registration</r3d:dataUploadRestriction>
    </r3d:dataUpload>
    <r3d:dataUploadLicense>
        <r3d:dataUploadLicenseName>wwPDB OneDep System</r3d:dataUploadLicenseName>
        <r3d:dataUploadLicenseURL>https://deposit-pdbe.wwpdb.org/deposition/</r3d:dataUploadLicenseURL>
    </r3d:dataUploadLicense>
    <r3d:dataUploadLicense>
        <r3d:dataUploadLicenseName>depostion guide</r3d:dataUploadLicenseName>
        <r3d:dataUploadLicenseURL>https://www.wwpdb.org/deposition/tutorial</r3d:dataUploadLicenseURL>
    </r3d:dataUploadLicense>
    <r3d:software>
        <r3d:softwareName>unknown</r3d:softwareName>
    </r3d:software>
    <r3d:versioning>yes</r3d:versioning>
    <r3d:api apiType="FTP">ftp://ftp.ebi.ac.uk/pub/databases/emdb</r3d:api>
    <r3d:pidSystem>none</r3d:pidSystem>
    <r3d:citationGuidelineURL>http://www.ebi.ac.uk/pdbe/entry/pdb/1vbd/citations</r3d:citationGuidelineURL>
    <r3d:aidSystem>ORCID</r3d:aidSystem>
    <r3d:enhancedPublication>yes</r3d:enhancedPublication>
    <r3d:qualityManagement>yes</r3d:qualityManagement>
    <r3d:syndication syndicationType="RSS">http://www.ebi.ac.uk/pdbe/pdblatest/maps_emdb.xml</r3d:syndication>
    <r3d:remarks>EMDB is covered by Thomson Reuters Data Citation Index. The EMDB was founded at EBI in 2002, under the leadership of Kim Henrick. Since 2007 it has been operated jointly by the PDBe, and the Research Collaboratory for Structural Bioinformatics (RCSB PDB) as a part of EMDataBank. PDBe is a member of wwPDB (worldwide protein data bank) and EMDataBank</r3d:remarks>
    <r3d:entryDate>2013-12-04</r3d:entryDate>
    <r3d:lastUpdate>2017-09-15</r3d:lastUpdate>
  </r3d:repository>
</r3d:re3data>