<?xml version="1.0" encoding="utf-8"?>
<!--re3data.org Schema for the Description of Research Data Repositories. Version 2.2, December 2014. doi:10.2312/re3.006-->
<r3d:re3data xmlns:r3d="http://www.re3data.org/schema/2-2" xmlns:xsi="http://www.w3.org/2001/XMLSchema-instance" xsi:schemaLocation="http://www.re3data.org/schema/2-2 http://schema.re3data.org/2-2/re3dataV2-2.xsd">
  <r3d:repository>
    <r3d:re3data.orgIdentifier>r3d100010117</r3d:re3data.orgIdentifier>
    <r3d:repositoryName language="eng">fossilworks</r3d:repositoryName>
    <r3d:additionalName language="eng">Paleobiology Database</r3d:additionalName>
    <r3d:additionalName language="eng">PaleoDB</r3d:additionalName>
    <r3d:repositoryURL>http://fossilworks.org/?a=home</r3d:repositoryURL>
    <r3d:description language="eng">Fossilworks is a web-based portal to the Paleobiology Database. Fossilworks is the original public interface to the PaleoDB and is housed at Macquarie. It is a non-governmental, non-profit public resource. Its purpose is to provide global, collection-based occurrence and taxonomic data for marine and terrestrial animals and plants of any geological age, as well as web-based software for statistical analysis of the data. The project&#039;s wider, long-term goal is to encourage collaborative efforts to answer large-scale paleobiological questions by developing a useful database infrastructure and bringing together large data sets.</r3d:description>
    <r3d:repositoryContact>john.alroy@mq.edu.au</r3d:repositoryContact>
    <r3d:type>disciplinary</r3d:type>
    <r3d:size updated="2014-02-10">61,461 references • 350,150 taxa • 184,018 fossil collections • 1,324,653 taxonomic occurrences</r3d:size>
    <r3d:startDate>1998</r3d:startDate>
    <r3d:endDate></r3d:endDate>
    <r3d:repositoryLanguage>eng</r3d:repositoryLanguage>
    <r3d:subject subjectScheme="DFG">202 Plant Sciences</r3d:subject>
    <r3d:subject subjectScheme="DFG">203 Zoology</r3d:subject>
    <r3d:subject subjectScheme="DFG">314 Geology and Palaeontology</r3d:subject>
    <r3d:subject subjectScheme="DFG">21 Biology</r3d:subject>
    <r3d:subject subjectScheme="DFG">2 Life Sciences</r3d:subject>
    <r3d:subject subjectScheme="DFG">34 Geosciences (including Geography)</r3d:subject>
    <r3d:subject subjectScheme="DFG">3 Natural Sciences</r3d:subject>
    <r3d:missionStatementURL>http://fossilworks.org/?page=FAQ</r3d:missionStatementURL>
    <r3d:contentType contentTypeScheme="parse">Plain text</r3d:contentType>
    <r3d:contentType contentTypeScheme="parse">Raw data</r3d:contentType>
    <r3d:contentType contentTypeScheme="parse">Networkbased data</r3d:contentType>
    <r3d:contentType contentTypeScheme="parse">Structured text</r3d:contentType>
    <r3d:providerType>dataProvider</r3d:providerType>
    <r3d:providerType>serviceProvider</r3d:providerType>
    <r3d:keyword>fossils</r3d:keyword>
    <r3d:keyword>marine animals</r3d:keyword>
    <r3d:keyword>terrestrial animals</r3d:keyword>
    <r3d:keyword>paleobiology</r3d:keyword>
    <r3d:keyword>paleontology</r3d:keyword>
    <r3d:keyword>paleogepgraphy</r3d:keyword>
    <r3d:keyword>classification</r3d:keyword>
    <r3d:institution>
        <r3d:institutionName language="eng">Macquarie University</r3d:institutionName>
        <r3d:institutionCountry>AUS</r3d:institutionCountry>
        <r3d:responsibilityType>general</r3d:responsibilityType>
        <r3d:responsibilityType>technical</r3d:responsibilityType>
        <r3d:institutionType>non-profit</r3d:institutionType>
        <r3d:institutionURL>http://mq.edu.au/</r3d:institutionURL>
        <r3d:responsibilityStartDate></r3d:responsibilityStartDate>
        <r3d:responsibilityEndDate></r3d:responsibilityEndDate>
        <r3d:institutionContact>http://bio.mq.edu.au/~jalroy/cv.html</r3d:institutionContact>
    </r3d:institution>
    <r3d:institution>
        <r3d:institutionName language="eng">Australian Governmnent, Australian Research Council</r3d:institutionName>
        <r3d:institutionAdditionalName language="eng">ARC</r3d:institutionAdditionalName>
        <r3d:institutionCountry>AUS</r3d:institutionCountry>
        <r3d:responsibilityType>funding</r3d:responsibilityType>
        <r3d:institutionType>non-profit</r3d:institutionType>
        <r3d:institutionURL>http://www.arc.gov.au/</r3d:institutionURL>
        <r3d:responsibilityStartDate>2009</r3d:responsibilityStartDate>
        <r3d:responsibilityEndDate></r3d:responsibilityEndDate>
    </r3d:institution>
    <r3d:institution>
        <r3d:institutionName language="eng">National Science Foundation</r3d:institutionName>
        <r3d:institutionAdditionalName language="eng">NSF</r3d:institutionAdditionalName>
        <r3d:institutionCountry>USA</r3d:institutionCountry>
        <r3d:responsibilityType>funding</r3d:responsibilityType>
        <r3d:institutionType>non-profit</r3d:institutionType>
        <r3d:institutionURL>http://www.nsf.gov/</r3d:institutionURL>
        <r3d:responsibilityStartDate>2000</r3d:responsibilityStartDate>
        <r3d:responsibilityEndDate>2008</r3d:responsibilityEndDate>
    </r3d:institution>
    <r3d:institution>
        <r3d:institutionName language="eng">National Center for Ecological Analysis and Synthesis</r3d:institutionName>
        <r3d:institutionAdditionalName language="eng">NCEAS</r3d:institutionAdditionalName>
        <r3d:institutionCountry>USA</r3d:institutionCountry>
        <r3d:responsibilityType>funding</r3d:responsibilityType>
        <r3d:institutionType>non-profit</r3d:institutionType>
        <r3d:institutionURL>https://www.nceas.ucsb.edu/</r3d:institutionURL>
        <r3d:responsibilityStartDate>1998</r3d:responsibilityStartDate>
        <r3d:responsibilityEndDate>2000</r3d:responsibilityEndDate>
    </r3d:institution>
    <r3d:policy>
        <r3d:policyName>Data Ownership</r3d:policyName>
        <r3d:policyURL>http://fossilworks.org/bridge.pl?page=FAQ#DataOwnership</r3d:policyURL>
    </r3d:policy>
    <r3d:databaseAccess>
        <r3d:databaseAccessType>open</r3d:databaseAccessType>
    </r3d:databaseAccess>
    <r3d:dataAccess>
    <r3d:dataAccessType>open</r3d:dataAccessType>
    </r3d:dataAccess>
    <r3d:dataAccess>
    <r3d:dataAccessType>restricted</r3d:dataAccessType>
    <r3d:dataAccessRestriction>registration</r3d:dataAccessRestriction>
    </r3d:dataAccess>
    <r3d:dataLicense>
        <r3d:dataLicenseName>other</r3d:dataLicenseName>
        <r3d:dataLicenseURL>http://fossilworks.org/bridge.pl?page=FAQ#DataOwnership</r3d:dataLicenseURL>
    </r3d:dataLicense>
    <r3d:dataLicense>
        <r3d:dataLicenseName>Copyrights</r3d:dataLicenseName>
        <r3d:dataLicenseURL>http://fossilworks.org/bridge.pl?page=paleodbFAQ&amp;action=displayPage#ownership</r3d:dataLicenseURL>
    </r3d:dataLicense>
    <r3d:dataLicense>
        <r3d:dataLicenseName>Public Domain</r3d:dataLicenseName>
        <r3d:dataLicenseURL>http://fossilworks.org/bridge.pl?page=paleodbFAQ&amp;action=displayPage#ownership</r3d:dataLicenseURL>
    </r3d:dataLicense>
    <r3d:dataUpload>
        <r3d:dataUploadType>closed</r3d:dataUploadType>
    </r3d:dataUpload>
    <r3d:software>
        <r3d:softwareName>unknown</r3d:softwareName>
    </r3d:software>
    <r3d:versioning></r3d:versioning>
    <r3d:pidSystem>none</r3d:pidSystem>
    <r3d:citationGuidelineURL>http://fossilworks.org/bridge.pl?page=FAQ#Citing</r3d:citationGuidelineURL>
    <r3d:enhancedPublication>yes</r3d:enhancedPublication>
    <r3d:qualityManagement>yes</r3d:qualityManagement>
    <r3d:remarks>Fossilworks is the original public interface to the PaleoDB and is housed at Macquarie. A different Paleobiology Database site has been set up at the University of Wisconsin-Madison by a group of contributors. The Wisconsin site is using the name &quot;Paleobiology Database&quot; by mutual agreement because using different names should minimize confusion. The sites plan to exchange data on a regular basis. Fossilworks is not a platform for data entry, but the Wisconsin site is seeking contributors.</r3d:remarks>
    <r3d:entryDate>2012-10-18</r3d:entryDate>
    <r3d:lastUpdate>2017-02-10</r3d:lastUpdate>
  </r3d:repository>
</r3d:re3data>