<?xml version="1.0" encoding="utf-8"?>
<!--re3data.org Schema for the Description of Research Data Repositories. Version 2.2, December 2014. doi:10.2312/re3.006-->
<r3d:re3data xmlns:r3d="http://www.re3data.org/schema/2-2" xmlns:xsi="http://www.w3.org/2001/XMLSchema-instance" xsi:schemaLocation="http://www.re3data.org/schema/2-2 http://schema.re3data.org/2-2/re3dataV2-2.xsd">
  <r3d:repository>
    <r3d:re3data.orgIdentifier>r3d100010554</r3d:re3data.orgIdentifier>
    <r3d:repositoryName language="eng">South African Data Archive</r3d:repositoryName>
    <r3d:additionalName language="eng">SADA</r3d:additionalName>
    <r3d:repositoryURL>http://sada.nrf.ac.za/</r3d:repositoryURL>
    <r3d:description language="eng">The South African Data Archive promotes and facilitates the sharing of research data and related documentation of computerised raw quantitative data of large scale regional, national and international research projects mainly in the humanities and social sciences. It makes these datasets available to the research community for further analysis, comparative studies, longitudinal studies, teaching and decision-making purposes.</r3d:description>
    <r3d:repositoryContact>sada@nrf.ac.za</r3d:repositoryContact>
    <r3d:type>other</r3d:type>
    <r3d:size updated="2017-05-17">182 records</r3d:size>
    <r3d:startDate>2000</r3d:startDate>
    <r3d:endDate></r3d:endDate>
    <r3d:repositoryLanguage>eng</r3d:repositoryLanguage>
    <r3d:subject subjectScheme="DFG">12 Social and Behavioural Sciences</r3d:subject>
    <r3d:subject subjectScheme="DFG">23 Agriculture, Forestry, Horticulture and Veterinary Medicine</r3d:subject>
    <r3d:subject subjectScheme="DFG">1 Humanities and Social Sciences</r3d:subject>
    <r3d:subject subjectScheme="DFG">2 Life Sciences</r3d:subject>
    <r3d:missionStatementURL>http://sada.nrf.ac.za/index.html</r3d:missionStatementURL>
    <r3d:contentType contentTypeScheme="parse">Standard office documents</r3d:contentType>
    <r3d:contentType contentTypeScheme="parse">Structured graphics</r3d:contentType>
    <r3d:contentType contentTypeScheme="parse">Audiovisual data</r3d:contentType>
    <r3d:contentType contentTypeScheme="parse">Scientific and statistical data formats</r3d:contentType>
    <r3d:contentType contentTypeScheme="parse">Structured text</r3d:contentType>
    <r3d:contentType contentTypeScheme="parse">Archived data</r3d:contentType>
    <r3d:contentType contentTypeScheme="parse">other</r3d:contentType>
    <r3d:providerType>serviceProvider</r3d:providerType>
    <r3d:keyword>sociology</r3d:keyword>
    <r3d:keyword>political science</r3d:keyword>
    <r3d:keyword>opinion polls</r3d:keyword>
    <r3d:keyword>demography</r3d:keyword>
    <r3d:keyword>census</r3d:keyword>
    <r3d:keyword>health</r3d:keyword>
    <r3d:keyword>management</r3d:keyword>
    <r3d:keyword>economics</r3d:keyword>
    <r3d:keyword>agriculture</r3d:keyword>
    <r3d:keyword>education</r3d:keyword>
    <r3d:keyword>survey</r3d:keyword>
    <r3d:institution>
        <r3d:institutionName language="eng">South African Data Archive</r3d:institutionName>
        <r3d:institutionAdditionalName language="eng">SADA</r3d:institutionAdditionalName>
        <r3d:institutionCountry>ZAF</r3d:institutionCountry>
        <r3d:responsibilityType>general</r3d:responsibilityType>
        <r3d:responsibilityType>technical</r3d:responsibilityType>
        <r3d:institutionType>non-profit</r3d:institutionType>
        <r3d:institutionURL>http://sada.nrf.ac.za/</r3d:institutionURL>
        <r3d:responsibilityStartDate></r3d:responsibilityStartDate>
        <r3d:responsibilityEndDate></r3d:responsibilityEndDate>
        <r3d:institutionContact>http://www.nrf.ac.za/contact</r3d:institutionContact>
    </r3d:institution>
    <r3d:institution>
        <r3d:institutionName language="eng">National Research Foundation</r3d:institutionName>
        <r3d:institutionAdditionalName language="eng">NRF</r3d:institutionAdditionalName>
        <r3d:institutionCountry>ZAF</r3d:institutionCountry>
        <r3d:responsibilityType>general</r3d:responsibilityType>
        <r3d:responsibilityType>funding</r3d:responsibilityType>
        <r3d:institutionType>non-profit</r3d:institutionType>
        <r3d:institutionURL>http://www.nrf.ac.za/</r3d:institutionURL>
        <r3d:responsibilityStartDate></r3d:responsibilityStartDate>
        <r3d:responsibilityEndDate></r3d:responsibilityEndDate>
        <r3d:institutionContact>info@nrf.ac.za</r3d:institutionContact>
    </r3d:institution>
    <r3d:databaseAccess>
        <r3d:databaseAccessType>open</r3d:databaseAccessType>
    </r3d:databaseAccess>
    <r3d:dataAccess>
    <r3d:dataAccessType>restricted</r3d:dataAccessType>
    <r3d:dataAccessRestriction>registration</r3d:dataAccessRestriction>
    <r3d:dataAccessRestriction>other</r3d:dataAccessRestriction>
    </r3d:dataAccess>
    <r3d:dataLicense>
        <r3d:dataLicenseName>other</r3d:dataLicenseName>
        <r3d:dataLicenseURL>http://sada.nrf.ac.za/deposit.html</r3d:dataLicenseURL>
    </r3d:dataLicense>
    <r3d:dataUpload>
        <r3d:dataUploadType>restricted</r3d:dataUploadType>
        <r3d:dataUploadRestriction>registration</r3d:dataUploadRestriction>
    </r3d:dataUpload>
    <r3d:dataUploadLicense>
        <r3d:dataUploadLicenseName>Copyright</r3d:dataUploadLicenseName>
        <r3d:dataUploadLicenseURL>http://sada.nrf.ac.za/deposit.html</r3d:dataUploadLicenseURL>
    </r3d:dataUploadLicense>
    <r3d:software>
        <r3d:softwareName>DSpace</r3d:softwareName>
    </r3d:software>
    <r3d:versioning></r3d:versioning>
    <r3d:pidSystem>hdl</r3d:pidSystem>
    <r3d:citationGuidelineURL>http://sada.nrf.ac.za/citation.html</r3d:citationGuidelineURL>
    <r3d:enhancedPublication>unknown</r3d:enhancedPublication>
    <r3d:qualityManagement>yes</r3d:qualityManagement>
    <r3d:metadataStandard>
      <r3d:metadataStandardName metadataStandardScheme="DCC">Dublin Core</r3d:metadataStandardName>
      <r3d:metadataStandardURL>http://www.dcc.ac.uk/resources/metadata-standards/dublin-core</r3d:metadataStandardURL>
    </r3d:metadataStandard>
    <r3d:syndication syndicationType="RSS">http://sada-data.nrf.ac.za/feed/rss_2.0/site</r3d:syndication>
    <r3d:syndication syndicationType="ATOM">http://sada-data.nrf.ac.za/feed/atom_1.0/site</r3d:syndication>
    <r3d:remarks>South African Data Archive is covered by Thomson Reuters Data Citation Index.</r3d:remarks>
    <r3d:entryDate>2013-11-25</r3d:entryDate>
    <r3d:lastUpdate>2017-05-17</r3d:lastUpdate>
  </r3d:repository>
</r3d:re3data>