<?xml version="1.0" encoding="utf-8"?>
<!--re3data.org Schema for the Description of Research Data Repositories. Version 2.2, December 2014. doi:10.2312/re3.006-->
<r3d:re3data xmlns:r3d="http://www.re3data.org/schema/2-2" xmlns:xsi="http://www.w3.org/2001/XMLSchema-instance" xsi:schemaLocation="http://www.re3data.org/schema/2-2 http://schema.re3data.org/2-2/re3dataV2-2.xsd">
  <r3d:repository>
    <r3d:re3data.orgIdentifier>r3d100010412</r3d:re3data.orgIdentifier>
    <r3d:repositoryName language="eng">EarthChem</r3d:repositoryName>
    <r3d:additionalName language="eng">EarthChem Portal</r3d:additionalName>
    <r3d:repositoryURL>http://www.earthchem.org</r3d:repositoryURL>
    <r3d:repositoryIdentifier>RRID:SCR_002207</r3d:repositoryIdentifier>
    <r3d:repositoryIdentifier>RRID:SCR_002207</r3d:repositoryIdentifier>
    <r3d:description language="eng">EarthChem develops and maintains databases, software, and services that support the preservation, discovery, access and analysis of geochemical data, and facilitate their integration with the broad array of other available earth science parameters. EarthChem is operated by a joint team of disciplinary scientists, data scientists, data managers and information technology developers who are part of the NSF-funded data facility Interdisciplinary Earth Data Alliance (IEDA). IEDA is a collaborative effort of EarthChem and the Marine Geoscience Data System (MGDS).</r3d:description>
    <r3d:repositoryContact>info@earthchem.org</r3d:repositoryContact>
    <r3d:type>disciplinary</r3d:type>
    <r3d:size updated=""></r3d:size>
    <r3d:startDate>2005</r3d:startDate>
    <r3d:endDate></r3d:endDate>
    <r3d:repositoryLanguage>eng</r3d:repositoryLanguage>
    <r3d:subject subjectScheme="DFG">31 Chemistry</r3d:subject>
    <r3d:subject subjectScheme="DFG">34 Geosciences (including Geography)</r3d:subject>
    <r3d:subject subjectScheme="DFG">316 Geochemistry, Mineralogy and Crystallography</r3d:subject>
    <r3d:subject subjectScheme="DFG">3 Natural Sciences</r3d:subject>
    <r3d:missionStatementURL>http://www.earthchem.org/overview</r3d:missionStatementURL>
    <r3d:contentType contentTypeScheme="parse">Structured text</r3d:contentType>
    <r3d:contentType contentTypeScheme="parse">Images</r3d:contentType>
    <r3d:contentType contentTypeScheme="parse">Scientific and statistical data formats</r3d:contentType>
    <r3d:contentType contentTypeScheme="parse">Standard office documents</r3d:contentType>
    <r3d:providerType>dataProvider</r3d:providerType>
    <r3d:providerType>serviceProvider</r3d:providerType>
    <r3d:keyword>Earth sciences</r3d:keyword>
    <r3d:keyword>Geochemistry</r3d:keyword>
    <r3d:keyword>Geochronometry</r3d:keyword>
    <r3d:keyword>Geospatial data</r3d:keyword>
    <r3d:institution>
        <r3d:institutionName language="eng">Columbia University, Lamont-Doherty Earth Observatory</r3d:institutionName>
        <r3d:institutionCountry>USA</r3d:institutionCountry>
        <r3d:responsibilityType>general</r3d:responsibilityType>
        <r3d:responsibilityType>technical</r3d:responsibilityType>
        <r3d:institutionType>non-profit</r3d:institutionType>
        <r3d:institutionURL>https://www.ldeo.columbia.edu/</r3d:institutionURL>
        <r3d:responsibilityStartDate></r3d:responsibilityStartDate>
        <r3d:responsibilityEndDate></r3d:responsibilityEndDate>
        <r3d:institutionContact>http://www.earthchem.org/support/contact</r3d:institutionContact>
    </r3d:institution>
    <r3d:institution>
        <r3d:institutionName language="eng">Interdisciplinary Earth Data Alliance</r3d:institutionName>
        <r3d:institutionAdditionalName language="eng">IEDA</r3d:institutionAdditionalName>
        <r3d:institutionCountry>AAA</r3d:institutionCountry>
        <r3d:responsibilityType>general</r3d:responsibilityType>
        <r3d:responsibilityType>technical</r3d:responsibilityType>
        <r3d:institutionType>non-profit</r3d:institutionType>
        <r3d:institutionURL>http://www.iedadata.org</r3d:institutionURL>
        <r3d:responsibilityStartDate></r3d:responsibilityStartDate>
        <r3d:responsibilityEndDate></r3d:responsibilityEndDate>
        <r3d:institutionContact>info@earthchem.org</r3d:institutionContact>
    </r3d:institution>
    <r3d:institution>
        <r3d:institutionName language="eng">National Science Foundation</r3d:institutionName>
        <r3d:institutionAdditionalName language="eng">NSF</r3d:institutionAdditionalName>
        <r3d:institutionCountry>USA</r3d:institutionCountry>
        <r3d:responsibilityType>funding</r3d:responsibilityType>
        <r3d:institutionType>non-profit</r3d:institutionType>
        <r3d:institutionURL>https://www.nsf.gov/</r3d:institutionURL>
        <r3d:responsibilityStartDate></r3d:responsibilityStartDate>
        <r3d:responsibilityEndDate></r3d:responsibilityEndDate>
        <r3d:institutionContact>https://www.nsf.gov/help/contact.jsp</r3d:institutionContact>
    </r3d:institution>
    <r3d:policy>
        <r3d:policyName>IEDA Data Publication Policy</r3d:policyName>
        <r3d:policyURL>http://www.iedadata.org/publication/policy</r3d:policyURL>
    </r3d:policy>
    <r3d:databaseAccess>
        <r3d:databaseAccessType>open</r3d:databaseAccessType>
    </r3d:databaseAccess>
    <r3d:databaseLicense>
        <r3d:databaseLicenseName>CC</r3d:databaseLicenseName>
        <r3d:databaseLicenseURL>http://creativecommons.org/licenses/</r3d:databaseLicenseURL>
    </r3d:databaseLicense>
    <r3d:dataAccess>
    <r3d:dataAccessType>open</r3d:dataAccessType>
    </r3d:dataAccess>
    <r3d:dataAccess>
    <r3d:dataAccessType>embargoed</r3d:dataAccessType>
    </r3d:dataAccess>
    <r3d:dataLicense>
        <r3d:dataLicenseName>CC</r3d:dataLicenseName>
        <r3d:dataLicenseURL>http://creativecommons.org/licenses/by-nc-sa/3.0/</r3d:dataLicenseURL>
    </r3d:dataLicense>
    <r3d:dataUpload>
        <r3d:dataUploadType>restricted</r3d:dataUploadType>
        <r3d:dataUploadRestriction>other</r3d:dataUploadRestriction>
    </r3d:dataUpload>
    <r3d:dataUploadLicense>
        <r3d:dataUploadLicenseName>Data Submission guidelines</r3d:dataUploadLicenseName>
        <r3d:dataUploadLicenseURL>http://www.earthchem.org/library/help/guidelines</r3d:dataUploadLicenseURL>
    </r3d:dataUploadLicense>
    <r3d:software>
        <r3d:softwareName>unknown</r3d:softwareName>
    </r3d:software>
    <r3d:versioning>yes</r3d:versioning>
    <r3d:api apiType="REST">http://www.iedadata.org/services/webservices#rest</r3d:api>
    <r3d:pidSystem>DOI</r3d:pidSystem>
    <r3d:citationGuidelineURL>http://www.earthchem.org/data/cite</r3d:citationGuidelineURL>
    <r3d:enhancedPublication>yes</r3d:enhancedPublication>
    <r3d:qualityManagement>unknown</r3d:qualityManagement>
    <r3d:remarks>EarthChem Portal is covered by SCOPUS. Earthchem provides access to data systems and services for geochemical, geochronological, and petrological data, developed and maintained by EarthChem, including the EarthChem Library, the EarthChem Portal, PetDB, NAVDAT, SedDB, and Geochron</r3d:remarks>
    <r3d:entryDate>2013-06-20</r3d:entryDate>
    <r3d:lastUpdate>2017-05-08</r3d:lastUpdate>
  </r3d:repository>
</r3d:re3data>