<?xml version="1.0" encoding="utf-8"?>
<!--re3data.org Schema for the Description of Research Data Repositories. Version 2.2, December 2014. doi:10.2312/re3.006-->
<r3d:re3data xmlns:r3d="http://www.re3data.org/schema/2-2" xmlns:xsi="http://www.w3.org/2001/XMLSchema-instance" xsi:schemaLocation="http://www.re3data.org/schema/2-2 http://schema.re3data.org/2-2/re3dataV2-2.xsd">
  <r3d:repository>
    <r3d:re3data.orgIdentifier>r3d100010474</r3d:re3data.orgIdentifier>
    <r3d:repositoryName language="eng">International Food Policy Research Institute Dataverse</r3d:repositoryName>
    <r3d:additionalName language="eng">IFPRI Dataverse</r3d:additionalName>
    <r3d:repositoryURL>https://dataverse.harvard.edu/dataverse/IFPRI</r3d:repositoryURL>
    <r3d:description language="eng">The International Food Policy Research Institute (IFPRI) seeks sustainable solutions for ending hunger and poverty.  In collaboration with institutions throughout the world, IFPRI is often involved in the collection of primary data and the compilation and processing of secondary data. The resulting datasets provide a wealth of information at the local (household and community), national, and global levels. IFPRI freely distributes as many of these datasets as possible and encourages their use in research and policy analysis. IFPRI Dataverse contains following dataverses: Agricultural Science and Knowledge Indicators - ASTI, HarvestChoice, Statistics on Public Expenditures for Economic Development - SPEED, International Model for Policy Analysis of Agricultural Commodities and Trade - IMPACT, Africa RISING Dataverse and Food Security Portal Dataverse.</r3d:description>
    <r3d:repositoryContact>IFPRI-Data@cgiar.org</r3d:repositoryContact>
    <r3d:repositoryContact>IFPRI-Library@cgiar.org</r3d:repositoryContact>
    <r3d:type>disciplinary</r3d:type>
    <r3d:type>institutional</r3d:type>
    <r3d:size updated="2017-05-17">6 dataverses; 248 datasets</r3d:size>
    <r3d:startDate>2007</r3d:startDate>
    <r3d:endDate></r3d:endDate>
    <r3d:repositoryLanguage>eng</r3d:repositoryLanguage>
    <r3d:subject subjectScheme="DFG">2 Life Sciences</r3d:subject>
    <r3d:subject subjectScheme="DFG">21 Biology</r3d:subject>
    <r3d:subject subjectScheme="DFG">22 Medicine</r3d:subject>
    <r3d:subject subjectScheme="DFG">207 Agriculture, Forestry, Horticulture and Veterinary Medicine</r3d:subject>
    <r3d:subject subjectScheme="DFG">20701 Soil Sciences</r3d:subject>
    <r3d:subject subjectScheme="DFG">20702 Plant Cultivation</r3d:subject>
    <r3d:subject subjectScheme="DFG">20704 Ecology of Agricultural Landscapes</r3d:subject>
    <r3d:subject subjectScheme="DFG">20707 Agricultural and Food Process Engineering</r3d:subject>
    <r3d:subject subjectScheme="DFG">20708 Agricultural Economics and Sociology</r3d:subject>
    <r3d:subject subjectScheme="DFG">201 Basic Biological and Medical Research</r3d:subject>
    <r3d:subject subjectScheme="DFG">202 Plant Sciences</r3d:subject>
    <r3d:subject subjectScheme="DFG">20505 Nutritional Sciences</r3d:subject>
    <r3d:subject subjectScheme="DFG">23 Agriculture, Forestry, Horticulture and Veterinary Medicine</r3d:subject>
    <r3d:subject subjectScheme="DFG">205 Medicine</r3d:subject>
    <r3d:missionStatementURL>http://www.ifpri.org/ourwork/about</r3d:missionStatementURL>
    <r3d:contentType contentTypeScheme="parse">Standard office documents</r3d:contentType>
    <r3d:contentType contentTypeScheme="parse">Images</r3d:contentType>
    <r3d:contentType contentTypeScheme="parse">Scientific and statistical data formats</r3d:contentType>
    <r3d:contentType contentTypeScheme="parse">Raw data</r3d:contentType>
    <r3d:contentType contentTypeScheme="parse">Plain text</r3d:contentType>
    <r3d:contentType contentTypeScheme="parse">Structured text</r3d:contentType>
    <r3d:contentType contentTypeScheme="parse">other</r3d:contentType>
    <r3d:contentType contentTypeScheme="parse">Standard office documents</r3d:contentType>
    <r3d:providerType>dataProvider</r3d:providerType>
    <r3d:keyword>biotechnology</r3d:keyword>
    <r3d:keyword>biosafety</r3d:keyword>
    <r3d:keyword>agriculture</r3d:keyword>
    <r3d:keyword>sustainable food security</r3d:keyword>
    <r3d:keyword>natural resources management</r3d:keyword>
    <r3d:keyword>nutritional improvement</r3d:keyword>
    <r3d:keyword>hunger</r3d:keyword>
    <r3d:keyword>poverty</r3d:keyword>
    <r3d:keyword>nutrition</r3d:keyword>
    <r3d:keyword>health</r3d:keyword>
    <r3d:keyword>social accounting matrix</r3d:keyword>
    <r3d:institution>
        <r3d:institutionName language="eng">IFPRI</r3d:institutionName>
        <r3d:institutionAdditionalName language="eng">International Food Policy Research Institute</r3d:institutionAdditionalName>
        <r3d:institutionCountry>AAA</r3d:institutionCountry>
        <r3d:responsibilityType>general</r3d:responsibilityType>
        <r3d:institutionType>non-profit</r3d:institutionType>
        <r3d:institutionURL>http://www.ifpri.org/</r3d:institutionURL>
        <r3d:responsibilityStartDate>2007</r3d:responsibilityStartDate>
        <r3d:responsibilityEndDate></r3d:responsibilityEndDate>
        <r3d:institutionContact>IFPRI-Data@cgiar.org</r3d:institutionContact>
        <r3d:institutionContact>IFPRI-Library@cgiar.org</r3d:institutionContact>
    </r3d:institution>
    <r3d:institution>
        <r3d:institutionName language="eng">Consultative Group on International Agricultural Research</r3d:institutionName>
        <r3d:institutionAdditionalName language="eng">CGIAR Consortium</r3d:institutionAdditionalName>
        <r3d:institutionCountry>AAA</r3d:institutionCountry>
        <r3d:responsibilityType>general</r3d:responsibilityType>
        <r3d:institutionType>non-profit</r3d:institutionType>
        <r3d:institutionURL>http://www.cgiar.org/</r3d:institutionURL>
        <r3d:responsibilityStartDate>2009</r3d:responsibilityStartDate>
        <r3d:responsibilityEndDate></r3d:responsibilityEndDate>
        <r3d:institutionContact>s.immenschuh@cgiar.org</r3d:institutionContact>
    </r3d:institution>
    <r3d:institution>
        <r3d:institutionName language="eng">Dataverse Project</r3d:institutionName>
        <r3d:institutionCountry>AAA</r3d:institutionCountry>
        <r3d:responsibilityType>technical</r3d:responsibilityType>
        <r3d:institutionType>non-profit</r3d:institutionType>
        <r3d:institutionURL>http://dataverse.org/</r3d:institutionURL>
        <r3d:institutionIdentifier>RRID:nif-0000-00316</r3d:institutionIdentifier>
        <r3d:institutionIdentifier>RRID:SCR_001997</r3d:institutionIdentifier>
        <r3d:responsibilityStartDate>2007</r3d:responsibilityStartDate>
        <r3d:responsibilityEndDate></r3d:responsibilityEndDate>
    </r3d:institution>
    <r3d:policy>
        <r3d:policyName>Dataverse Guides</r3d:policyName>
        <r3d:policyURL>http://guides.dataverse.org/en/latest/</r3d:policyURL>
    </r3d:policy>
    <r3d:policy>
        <r3d:policyName>IFPRI open access policy</r3d:policyName>
        <r3d:policyURL>https://www.ifpri.org/open-access-policy</r3d:policyURL>
    </r3d:policy>
    <r3d:policy>
        <r3d:policyName>Harvard Dataverse Policies</r3d:policyName>
        <r3d:policyURL>http://dataverse.org/best-practices/harvard-dataverse-policies</r3d:policyURL>
    </r3d:policy>
    <r3d:policy>
        <r3d:policyName>Community-norms</r3d:policyName>
        <r3d:policyURL>http://best-practices.dataverse.org/harvard-policies/community-norms.html</r3d:policyURL>
    </r3d:policy>
    <r3d:databaseAccess>
        <r3d:databaseAccessType>open</r3d:databaseAccessType>
    </r3d:databaseAccess>
    <r3d:databaseLicense>
        <r3d:databaseLicenseName>Apache License 2.0</r3d:databaseLicenseName>
        <r3d:databaseLicenseURL>http://www.apache.org/licenses/LICENSE-2.0</r3d:databaseLicenseURL>
    </r3d:databaseLicense>
    <r3d:dataAccess>
    <r3d:dataAccessType>open</r3d:dataAccessType>
    </r3d:dataAccess>
    <r3d:dataAccess>
    <r3d:dataAccessType>restricted</r3d:dataAccessType>
    <r3d:dataAccessRestriction>registration</r3d:dataAccessRestriction>
    </r3d:dataAccess>
    <r3d:dataLicense>
        <r3d:dataLicenseName>Copyrights</r3d:dataLicenseName>
        <r3d:dataLicenseURL>http://www.ifpri.org/copyright</r3d:dataLicenseURL>
    </r3d:dataLicense>
    <r3d:dataLicense>
        <r3d:dataLicenseName>other</r3d:dataLicenseName>
        <r3d:dataLicenseURL>http://library.ifpri.info/data/</r3d:dataLicenseURL>
    </r3d:dataLicense>
    <r3d:dataLicense>
        <r3d:dataLicenseName>other</r3d:dataLicenseName>
        <r3d:dataLicenseURL>https://www.ifpri.org/open-access-policy</r3d:dataLicenseURL>
    </r3d:dataLicense>
    <r3d:dataLicense>
        <r3d:dataLicenseName>CC</r3d:dataLicenseName>
        <r3d:dataLicenseURL>http://creativecommons.org/licenses/by/4.0/</r3d:dataLicenseURL>
    </r3d:dataLicense>
    <r3d:dataUpload>
        <r3d:dataUploadType>restricted</r3d:dataUploadType>
        <r3d:dataUploadRestriction>registration</r3d:dataUploadRestriction>
    </r3d:dataUpload>
    <r3d:dataUploadLicense>
        <r3d:dataUploadLicenseName>Data Deposit Terms</r3d:dataUploadLicenseName>
        <r3d:dataUploadLicenseURL>http://best-practices.dataverse.org/harvard-policies/harvard-terms-of-use.html#user-uploads</r3d:dataUploadLicenseURL>
    </r3d:dataUploadLicense>
    <r3d:software>
        <r3d:softwareName>DataVerse</r3d:softwareName>
    </r3d:software>
    <r3d:versioning>yes</r3d:versioning>
    <r3d:api apiType="OAI-PMH">http://ebrary.ifpri.org/oai/oai.php</r3d:api>
    <r3d:api apiType="SWORD">http://guides.dataverse.org/en/latest/api/sword.html</r3d:api>
    <r3d:api apiType="SPARQL">http://data.ifpri.org/sparql</r3d:api>
    <r3d:pidSystem>DOI</r3d:pidSystem>
    <r3d:pidSystem>hdl</r3d:pidSystem>
    <r3d:citationGuidelineURL>http://best-practices.dataverse.org/data-citation/</r3d:citationGuidelineURL>
    <r3d:enhancedPublication>yes</r3d:enhancedPublication>
    <r3d:qualityManagement>yes</r3d:qualityManagement>
    <r3d:metadataStandard>
      <r3d:metadataStandardName metadataStandardScheme="DCC">DDI - Data Documentation Initiative</r3d:metadataStandardName>
      <r3d:metadataStandardURL>http://www.dcc.ac.uk/resources/metadata-standards/ddi-data-documentation-initiative</r3d:metadataStandardURL>
    </r3d:metadataStandard>
    <r3d:metadataStandard>
      <r3d:metadataStandardName metadataStandardScheme="DCC">Dublin Core</r3d:metadataStandardName>
      <r3d:metadataStandardURL>http://www.dcc.ac.uk/resources/metadata-standards/dublin-core</r3d:metadataStandardURL>
    </r3d:metadataStandard>
    <r3d:syndication syndicationType="RSS">http://www.ifpri.org/rss</r3d:syndication>
    <r3d:remarks>IFPRI Dataverse is covered by Thomson Reuters Data Citation Index. IFPRI is one of 15 centers supported by the Consultative Group on International Agricultural Research (CGIAR), an alliance of 64 governments, private foundations, and international and regional organizations. IFPRI is part of the IQSS Harvard Dataverse Network</r3d:remarks>
    <r3d:entryDate>2013-06-26</r3d:entryDate>
    <r3d:lastUpdate>2017-08-24</r3d:lastUpdate>
  </r3d:repository>
</r3d:re3data>