<?xml version="1.0" encoding="utf-8"?>
<!--re3data.org Schema for the Description of Research Data Repositories. Version 2.2, December 2014. doi:10.2312/re3.006-->
<r3d:re3data xmlns:r3d="http://www.re3data.org/schema/2-2" xmlns:xsi="http://www.w3.org/2001/XMLSchema-instance" xsi:schemaLocation="http://www.re3data.org/schema/2-2 http://schema.re3data.org/2-2/re3dataV2-2.xsd">
  <r3d:repository>
    <r3d:re3data.orgIdentifier>r3d100010288</r3d:re3data.orgIdentifier>
    <r3d:repositoryName language="eng">The National Archives</r3d:repositoryName>
    <r3d:additionalName language="eng">NDAD</r3d:additionalName>
    <r3d:repositoryURL>http://www.nationalarchives.gov.uk/webarchive/archiving-datasets.htm</r3d:repositoryURL>
    <r3d:description language="eng">The National Digital Archive of Datasets (NDAD) provides access to archived datasets and documents from United Kingdom government departments which can be searched or browsed by subjects such as armed forces service or wills and death duties. Statistics and information gathered through census data as well as public records are used to compile the available datasets. All datasets are available to download and contain a record summary as well as custodial history, background on the source of the data and whether or not data may be added to the dataset in the future.</r3d:description>
    <r3d:repositoryContact>webarchive@nationalarchives.gsi.gov.uk</r3d:repositoryContact>
    <r3d:type>institutional</r3d:type>
    <r3d:size updated="2014-05-14">over 11 million historical government and public records</r3d:size>
    <r3d:startDate>1997</r3d:startDate>
    <r3d:endDate>2010</r3d:endDate>
    <r3d:repositoryLanguage>eng</r3d:repositoryLanguage>
    <r3d:subject subjectScheme="DFG">102 History</r3d:subject>
    <r3d:subject subjectScheme="DFG">12 Social and Behavioural Sciences</r3d:subject>
    <r3d:subject subjectScheme="DFG">11206 Economic and Social History</r3d:subject>
    <r3d:subject subjectScheme="DFG">11104 Political Science</r3d:subject>
    <r3d:subject subjectScheme="DFG">11301 Legal and Political Philosophy, Legal History, Legal Theory</r3d:subject>
    <r3d:subject subjectScheme="DFG">11 Humanities</r3d:subject>
    <r3d:subject subjectScheme="DFG">1 Humanities and Social Sciences</r3d:subject>
    <r3d:subject subjectScheme="DFG">112 Economics</r3d:subject>
    <r3d:subject subjectScheme="DFG">111 Social Sciences</r3d:subject>
    <r3d:subject subjectScheme="DFG">113 Jurisprudence</r3d:subject>
    <r3d:missionStatementURL>http://www.nationalarchives.gov.uk/webarchive/archiving-datasets.htm</r3d:missionStatementURL>
    <r3d:contentType contentTypeScheme="parse">Standard office documents</r3d:contentType>
    <r3d:contentType contentTypeScheme="parse">Images</r3d:contentType>
    <r3d:contentType contentTypeScheme="parse">Audiovisual data</r3d:contentType>
    <r3d:contentType contentTypeScheme="parse">Networkbased data</r3d:contentType>
    <r3d:contentType contentTypeScheme="parse">Archived data</r3d:contentType>
    <r3d:providerType>dataProvider</r3d:providerType>
    <r3d:keyword>UK government departments</r3d:keyword>
    <r3d:keyword>public records</r3d:keyword>
    <r3d:keyword>public health</r3d:keyword>
    <r3d:keyword>statistics</r3d:keyword>
    <r3d:keyword>economics</r3d:keyword>
    <r3d:keyword>historical geography</r3d:keyword>
    <r3d:keyword>history</r3d:keyword>
    <r3d:keyword>ethics</r3d:keyword>
    <r3d:keyword>intellectual property</r3d:keyword>
    <r3d:institution>
        <r3d:institutionName language="eng">The National Archives</r3d:institutionName>
        <r3d:institutionCountry>GBR</r3d:institutionCountry>
        <r3d:responsibilityType>general</r3d:responsibilityType>
        <r3d:responsibilityType>technical</r3d:responsibilityType>
        <r3d:institutionType>non-profit</r3d:institutionType>
        <r3d:institutionURL>http://www.nationalarchives.gov.uk/</r3d:institutionURL>
        <r3d:responsibilityStartDate>2010</r3d:responsibilityStartDate>
        <r3d:responsibilityEndDate></r3d:responsibilityEndDate>
        <r3d:institutionContact>http://apps.nationalarchives.gov.uk/Contact/</r3d:institutionContact>
    </r3d:institution>
    <r3d:institution>
        <r3d:institutionName language="eng">University of London Computer Centre</r3d:institutionName>
        <r3d:institutionAdditionalName language="eng">NDAD</r3d:institutionAdditionalName>
        <r3d:institutionCountry>GBR</r3d:institutionCountry>
        <r3d:responsibilityType>general</r3d:responsibilityType>
        <r3d:responsibilityType>technical</r3d:responsibilityType>
        <r3d:institutionType>non-profit</r3d:institutionType>
        <r3d:institutionURL>http://ulcc.ac.uk/services/research-technology/repositories-special-collections</r3d:institutionURL>
        <r3d:responsibilityStartDate>1998</r3d:responsibilityStartDate>
        <r3d:responsibilityEndDate>2010</r3d:responsibilityEndDate>
    </r3d:institution>
    <r3d:policy>
        <r3d:policyName>Information on web archiving</r3d:policyName>
        <r3d:policyURL>http://www.nationalarchives.gov.uk/webarchive/information.htm</r3d:policyURL>
    </r3d:policy>
    <r3d:databaseAccess>
        <r3d:databaseAccessType>open</r3d:databaseAccessType>
    </r3d:databaseAccess>
    <r3d:dataAccess>
    <r3d:dataAccessType>open</r3d:dataAccessType>
    </r3d:dataAccess>
    <r3d:dataAccess>
    <r3d:dataAccessType>restricted</r3d:dataAccessType>
    <r3d:dataAccessRestriction>feeRequired</r3d:dataAccessRestriction>
    </r3d:dataAccess>
    <r3d:dataLicense>
        <r3d:dataLicenseName>OGL</r3d:dataLicenseName>
        <r3d:dataLicenseURL>http://www.nationalarchives.gov.uk/doc/open-government-licence/version/2/</r3d:dataLicenseURL>
    </r3d:dataLicense>
    <r3d:dataLicense>
        <r3d:dataLicenseName>other</r3d:dataLicenseName>
        <r3d:dataLicenseURL>http://www.nationalarchives.gov.uk/webarchive/information.htm</r3d:dataLicenseURL>
    </r3d:dataLicense>
    <r3d:dataLicense>
        <r3d:dataLicenseName>Copyrights</r3d:dataLicenseName>
        <r3d:dataLicenseURL>http://www.nationalarchives.gov.uk/webarchive/information.htm</r3d:dataLicenseURL>
    </r3d:dataLicense>
    <r3d:dataUpload>
        <r3d:dataUploadType>closed</r3d:dataUploadType>
    </r3d:dataUpload>
    <r3d:software>
        <r3d:softwareName>unknown</r3d:softwareName>
    </r3d:software>
    <r3d:versioning></r3d:versioning>
    <r3d:pidSystem>none</r3d:pidSystem>
    <r3d:citationGuidelineURL>http://www.nationalarchives.gov.uk/records/citing-documents.htm</r3d:citationGuidelineURL>
    <r3d:enhancedPublication>unknown</r3d:enhancedPublication>
    <r3d:qualityManagement>unknown</r3d:qualityManagement>
    <r3d:remarks>The NDAD system was discontinued in 2010 because the way government works with datasets has greatly evolved since 1997. More information is available at http://webarchive.nationalarchives.gov.uk/20101104101827/http://www.ndad.nationalarchives.gov.uk/</r3d:remarks>
    <r3d:entryDate>2013-06-02</r3d:entryDate>
    <r3d:lastUpdate>2017-05-17</r3d:lastUpdate>
  </r3d:repository>
</r3d:re3data>