<?xml version="1.0" encoding="utf-8"?>
<!--re3data.org Schema for the Description of Research Data Repositories. Version 2.2, December 2014. doi:10.2312/re3.006-->
<r3d:re3data xmlns:r3d="http://www.re3data.org/schema/2-2" xmlns:xsi="http://www.w3.org/2001/XMLSchema-instance" xsi:schemaLocation="http://www.re3data.org/schema/2-2 http://schema.re3data.org/2-2/re3dataV2-2.xsd">
  <r3d:repository>
    <r3d:re3data.orgIdentifier>r3d100010415</r3d:re3data.orgIdentifier>
    <r3d:repositoryName language="eng">NCBI Taxonomy</r3d:repositoryName>
    <r3d:additionalName language="eng">Entrez Taxonomy</r3d:additionalName>
    <r3d:repositoryURL>https://www.ncbi.nlm.nih.gov/taxonomy</r3d:repositoryURL>
    <r3d:repositoryIdentifier>RRID:nif-0000-03179</r3d:repositoryIdentifier>
    <r3d:repositoryIdentifier>RRID:SCR_003256</r3d:repositoryIdentifier>
    <r3d:description language="eng">The NCBI Taxonomy database is a curated set of names and classifications for all of the organisms that are represented in GenBank. The EMBL and DDBJ databases, as well as GenBank, now use the NCBI Taxonomy as the standard classification for nucleotide sequences. Taxonomy Contains the names and phylogenetic lineages of more than 160,000 organisms that have molecular data in the NCBI databases. New taxa are added to the Taxonomy database as data are deposited for them. When new sequences are submitted to GenBank, the submission is checked for new organism names, which are then classified and added to the Taxonomy database.</r3d:description>
    <r3d:repositoryContact>https://www.ncbi.nlm.nih.gov/home/about/contact.shtml</r3d:repositoryContact>
    <r3d:type>disciplinary</r3d:type>
    <r3d:size updated=""></r3d:size>
    <r3d:startDate>2003</r3d:startDate>
    <r3d:endDate></r3d:endDate>
    <r3d:repositoryLanguage>eng</r3d:repositoryLanguage>
    <r3d:subject subjectScheme="DFG">20107 Bioinformatics and Theoretical Biology</r3d:subject>
    <r3d:subject subjectScheme="DFG">21 Biology</r3d:subject>
    <r3d:subject subjectScheme="DFG">20306 Animal Genetics, Cell and Developmental Biology</r3d:subject>
    <r3d:subject subjectScheme="DFG">20302 Evolution, Anthropology</r3d:subject>
    <r3d:subject subjectScheme="DFG">201 Basic Biological and Medical Research</r3d:subject>
    <r3d:subject subjectScheme="DFG">2 Life Sciences</r3d:subject>
    <r3d:subject subjectScheme="DFG">203 Zoology</r3d:subject>
    <r3d:missionStatementURL>http://www.ncbi.nlm.nih.gov/taxonomy</r3d:missionStatementURL>
    <r3d:contentType contentTypeScheme="parse">Standard office documents</r3d:contentType>
    <r3d:contentType contentTypeScheme="parse">Plain text</r3d:contentType>
    <r3d:contentType contentTypeScheme="parse">Scientific and statistical data formats</r3d:contentType>
    <r3d:contentType contentTypeScheme="parse">Raw data</r3d:contentType>
    <r3d:contentType contentTypeScheme="parse">Databases</r3d:contentType>
    <r3d:providerType>dataProvider</r3d:providerType>
    <r3d:providerType>serviceProvider</r3d:providerType>
    <r3d:keyword>archaea</r3d:keyword>
    <r3d:keyword>bacteria</r3d:keyword>
    <r3d:keyword>eukaryota</r3d:keyword>
    <r3d:keyword>viroids</r3d:keyword>
    <r3d:keyword>viruses</r3d:keyword>
    <r3d:keyword>nucleotide sequences</r3d:keyword>
    <r3d:keyword>biological classification</r3d:keyword>
    <r3d:keyword>biological nomenclature</r3d:keyword>
    <r3d:keyword>genomes</r3d:keyword>
    <r3d:keyword>cladistics</r3d:keyword>
    <r3d:keyword>phylogenetics</r3d:keyword>
    <r3d:keyword>taxa</r3d:keyword>
    <r3d:institution>
        <r3d:institutionName language="eng">National Center for Biotechnology Informationa</r3d:institutionName>
        <r3d:institutionAdditionalName language="eng">NCBI</r3d:institutionAdditionalName>
        <r3d:institutionCountry>USA</r3d:institutionCountry>
        <r3d:responsibilityType>general</r3d:responsibilityType>
        <r3d:responsibilityType>technical</r3d:responsibilityType>
        <r3d:institutionType>non-profit</r3d:institutionType>
        <r3d:institutionURL>http://www.ncbi.nlm.nih.gov/</r3d:institutionURL>
        <r3d:responsibilityStartDate></r3d:responsibilityStartDate>
        <r3d:responsibilityEndDate></r3d:responsibilityEndDate>
        <r3d:institutionContact>info@ncbi.nlm.nih.gov</r3d:institutionContact>
    </r3d:institution>
    <r3d:institution>
        <r3d:institutionName language="eng">National Institutes of Health, National Library of Medicine</r3d:institutionName>
        <r3d:institutionAdditionalName language="eng">NIH</r3d:institutionAdditionalName>
        <r3d:institutionCountry>USA</r3d:institutionCountry>
        <r3d:responsibilityType>funding</r3d:responsibilityType>
        <r3d:institutionType>non-profit</r3d:institutionType>
        <r3d:institutionURL>https://www.nlm.nih.gov/</r3d:institutionURL>
        <r3d:responsibilityStartDate></r3d:responsibilityStartDate>
        <r3d:responsibilityEndDate></r3d:responsibilityEndDate>
        <r3d:institutionContact>https://support.nlm.nih.gov/ics/support/ticketnewwizard.asp?style=classic&amp;deptID=28054</r3d:institutionContact>
    </r3d:institution>
    <r3d:institution>
        <r3d:institutionName language="eng">United States Department of Health &amp; Human Services</r3d:institutionName>
        <r3d:institutionAdditionalName language="eng">HHS.gov</r3d:institutionAdditionalName>
        <r3d:institutionCountry>USA</r3d:institutionCountry>
        <r3d:responsibilityType>funding</r3d:responsibilityType>
        <r3d:institutionType>non-profit</r3d:institutionType>
        <r3d:institutionURL>https://www.hhs.gov</r3d:institutionURL>
        <r3d:responsibilityStartDate></r3d:responsibilityStartDate>
        <r3d:responsibilityEndDate></r3d:responsibilityEndDate>
    </r3d:institution>
    <r3d:policy>
        <r3d:policyName>U.S. Copyright Office Fair Use Index</r3d:policyName>
        <r3d:policyURL>http://www.copyright.gov/fls/fl102.html</r3d:policyURL>
    </r3d:policy>
    <r3d:policy>
        <r3d:policyName>NCBI Website and Data Usage Policies and Disclaimers</r3d:policyName>
        <r3d:policyURL>https://www.ncbi.nlm.nih.gov/home/about/policies.shtml</r3d:policyURL>
    </r3d:policy>
    <r3d:databaseAccess>
        <r3d:databaseAccessType>open</r3d:databaseAccessType>
    </r3d:databaseAccess>
    <r3d:dataAccess>
    <r3d:dataAccessType>open</r3d:dataAccessType>
    </r3d:dataAccess>
    <r3d:dataLicense>
        <r3d:dataLicenseName>Copyrights</r3d:dataLicenseName>
        <r3d:dataLicenseURL>http://www.ncbi.nlm.nih.gov/books/about/copyright/</r3d:dataLicenseURL>
    </r3d:dataLicense>
    <r3d:dataUpload>
        <r3d:dataUploadType>restricted</r3d:dataUploadType>
        <r3d:dataUploadRestriction>other</r3d:dataUploadRestriction>
    </r3d:dataUpload>
    <r3d:dataUploadLicense>
        <r3d:dataUploadLicenseName>NCBI taxonomy handbook</r3d:dataUploadLicenseName>
        <r3d:dataUploadLicenseURL>http://www.ncbi.nlm.nih.gov/books/NBK21100/</r3d:dataUploadLicenseURL>
    </r3d:dataUploadLicense>
    <r3d:dataUploadLicense>
        <r3d:dataUploadLicenseName>Submission</r3d:dataUploadLicenseName>
        <r3d:dataUploadLicenseURL>https://www.ncbi.nlm.nih.gov/guide/howto/submit-sequence-data/</r3d:dataUploadLicenseURL>
    </r3d:dataUploadLicense>
    <r3d:software>
        <r3d:softwareName>other</r3d:softwareName>
    </r3d:software>
    <r3d:versioning></r3d:versioning>
    <r3d:api apiType="FTP">ftp://ftp.ncbi.nlm.nih.gov/pub/taxonomy/</r3d:api>
    <r3d:pidSystem>none</r3d:pidSystem>
    <r3d:citationGuidelineURL></r3d:citationGuidelineURL>
    <r3d:enhancedPublication>unknown</r3d:enhancedPublication>
    <r3d:qualityManagement>yes</r3d:qualityManagement>
    <r3d:remarks>NCBI Taxonomy is covered by SCOPUS. The NCBI Taxonomy database is a curated set of names and classifications for all of the organisms that are represented in GenBank. When new sequences are submitted to GenBank, the submission is checked for new organism names, which are then classified and added to the Taxonomy database</r3d:remarks>
    <r3d:entryDate>2013-06-25</r3d:entryDate>
    <r3d:lastUpdate>2017-05-09</r3d:lastUpdate>
  </r3d:repository>
</r3d:re3data>