<?xml version="1.0" encoding="utf-8"?>
<!--re3data.org Schema for the Description of Research Data Repositories. Version 2.2, December 2014. doi:10.2312/re3.006-->
<r3d:re3data xmlns:r3d="http://www.re3data.org/schema/2-2" xmlns:xsi="http://www.w3.org/2001/XMLSchema-instance" xsi:schemaLocation="http://www.re3data.org/schema/2-2 http://schema.re3data.org/2-2/re3dataV2-2.xsd">
  <r3d:repository>
    <r3d:re3data.orgIdentifier>r3d100010326</r3d:re3data.orgIdentifier>
    <r3d:repositoryName language="eng">OSTI</r3d:repositoryName>
    <r3d:additionalName language="eng">Speeding access to science information from DOE and beyond</r3d:additionalName>
    <r3d:additionalName language="eng">U.S. Department of Energy, Office of Scientific &amp; Technical Information</r3d:additionalName>
    <r3d:additionalName language="eng">DOE Data Centers</r3d:additionalName>
    <r3d:repositoryURL>https://www.osti.gov/home/data/datacenters</r3d:repositoryURL>
    <r3d:description language="eng">OSTI is the DOE office that collects, preserves, and disseminates DOE-sponsored R&amp;D results that are the outcomes of R&amp;D projects or other funded activities at DOE labs and facilities nationwide and grantees at universities and other institutions. The information is typically in the form of technical documents, conference papers, articles, multimedia, and software, collectively referred to as scientific and technical information (STI).</r3d:description>
    <r3d:repositoryContact>https://www.osti.gov/home/contact.html</r3d:repositoryContact>
    <r3d:type>institutional</r3d:type>
    <r3d:type>other</r3d:type>
    <r3d:size updated=""></r3d:size>
    <r3d:startDate></r3d:startDate>
    <r3d:endDate></r3d:endDate>
    <r3d:repositoryLanguage>eng</r3d:repositoryLanguage>
    <r3d:subject subjectScheme="DFG">4 Engineering Sciences</r3d:subject>
    <r3d:missionStatementURL>https://www.osti.gov/home/mission.html</r3d:missionStatementURL>
    <r3d:contentType contentTypeScheme="parse">Raw data</r3d:contentType>
    <r3d:contentType contentTypeScheme="parse">Structured graphics</r3d:contentType>
    <r3d:contentType contentTypeScheme="parse">Structured text</r3d:contentType>
    <r3d:providerType>serviceProvider</r3d:providerType>
    <r3d:keyword>Research &amp; Development</r3d:keyword>
    <r3d:keyword>Environmental Sciences</r3d:keyword>
    <r3d:keyword>Environmental Engineering</r3d:keyword>
    <r3d:keyword>Energy</r3d:keyword>
    <r3d:institution>
        <r3d:institutionName language="eng">U.S.Department of Energy, Office of Science</r3d:institutionName>
        <r3d:institutionAdditionalName language="eng">DOE</r3d:institutionAdditionalName>
        <r3d:institutionCountry>USA</r3d:institutionCountry>
        <r3d:responsibilityType>general</r3d:responsibilityType>
        <r3d:institutionType>non-profit</r3d:institutionType>
        <r3d:institutionURL>https://science.energy.gov/</r3d:institutionURL>
        <r3d:responsibilityStartDate></r3d:responsibilityStartDate>
        <r3d:responsibilityEndDate></r3d:responsibilityEndDate>
        <r3d:institutionContact>OSTIWebmaster@osti.gov</r3d:institutionContact>
        <r3d:institutionContact>https://www.osti.gov/home/contact.html</r3d:institutionContact>
    </r3d:institution>
    <r3d:policy>
        <r3d:policyName>Website Policies and Important Links</r3d:policyName>
        <r3d:policyURL>https://www.osti.gov/home/disclaim</r3d:policyURL>
    </r3d:policy>
    <r3d:databaseAccess>
        <r3d:databaseAccessType>open</r3d:databaseAccessType>
    </r3d:databaseAccess>
    <r3d:databaseLicense>
        <r3d:databaseLicenseName>Copyrights</r3d:databaseLicenseName>
        <r3d:databaseLicenseURL>https://www.osti.gov/home/disclaim#copyright</r3d:databaseLicenseURL>
    </r3d:databaseLicense>
    <r3d:dataAccess>
    <r3d:dataAccessType>open</r3d:dataAccessType>
    </r3d:dataAccess>
    <r3d:dataLicense>
        <r3d:dataLicenseName>Copyrights</r3d:dataLicenseName>
        <r3d:dataLicenseURL>https://www.osti.gov/home/disclaim#copyright</r3d:dataLicenseURL>
    </r3d:dataLicense>
    <r3d:dataUpload>
        <r3d:dataUploadType>closed</r3d:dataUploadType>
    </r3d:dataUpload>
    <r3d:software>
        <r3d:softwareName>unknown</r3d:softwareName>
    </r3d:software>
    <r3d:versioning>no</r3d:versioning>
    <r3d:pidSystem>none</r3d:pidSystem>
    <r3d:citationGuidelineURL></r3d:citationGuidelineURL>
    <r3d:enhancedPublication>unknown</r3d:enhancedPublication>
    <r3d:qualityManagement>yes</r3d:qualityManagement>
    <r3d:syndication syndicationType="RSS">https://www.osti.gov/home/sites/www.osti.gov.home/files/imported/newsfeeds/rss-osti.xml</r3d:syndication>
    <r3d:syndication syndicationType="RSS">https://www.osti.gov/ostiblog/home/feed/entries/rss</r3d:syndication>
    <r3d:syndication syndicationType="RSS">https://www.osti.gov/includes/doepatents/patents.xml</r3d:syndication>
    <r3d:syndication syndicationType="RSS">https://www.osti.gov/accomplishments/newsfeeds/rss.xml</r3d:syndication>
    <r3d:syndication syndicationType="RSS">https://www.osti.gov/home/ostiblog/home/feed/comments/rss</r3d:syndication>
    <r3d:remarks></r3d:remarks>
    <r3d:entryDate>2013-07-19</r3d:entryDate>
    <r3d:lastUpdate>2018-01-04</r3d:lastUpdate>
  </r3d:repository>
</r3d:re3data>