<?xml version="1.0" encoding="utf-8"?>
<!--re3data.org Schema for the Description of Research Data Repositories. Version 2.2, December 2014. doi:10.2312/re3.006-->
<r3d:re3data xmlns:r3d="http://www.re3data.org/schema/2-2" xmlns:xsi="http://www.w3.org/2001/XMLSchema-instance" xsi:schemaLocation="http://www.re3data.org/schema/2-2 http://schema.re3data.org/2-2/re3dataV2-2.xsd">
  <r3d:repository>
    <r3d:re3data.orgIdentifier>r3d100010516</r3d:re3data.orgIdentifier>
    <r3d:repositoryName language="eng">Seafloor Sediments Data Collection</r3d:repositoryName>
    <r3d:additionalName language="eng">SEDCORE 2000</r3d:additionalName>
    <r3d:repositoryURL>http://gis1server.whoi.edu/website/SC2k/viewer.htm</r3d:repositoryURL>
    <r3d:description language="eng">Seafloor Sediments Data Collection is a collection of more than 14,000 archived marine geological samples recovered from the seafloor. The inventory includes long, stratified sediment cores, as well as rock dredges, surface grabs, and samples collected by the submersible Alvin.</r3d:description>
    <r3d:repositoryContact>jbroda@whoi.edu</r3d:repositoryContact>
    <r3d:repositoryContact>rgoldsmith@whoi.edu</r3d:repositoryContact>
    <r3d:type>disciplinary</r3d:type>
    <r3d:size updated="2017-07-11">more than 14,000 archived marine geological samples</r3d:size>
    <r3d:startDate></r3d:startDate>
    <r3d:endDate></r3d:endDate>
    <r3d:repositoryLanguage>eng</r3d:repositoryLanguage>
    <r3d:subject subjectScheme="DFG">313 Atmospheric Science and Oceanography</r3d:subject>
    <r3d:subject subjectScheme="DFG">34 Geosciences (including Geography)</r3d:subject>
    <r3d:subject subjectScheme="DFG">3 Natural Sciences</r3d:subject>
    <r3d:missionStatementURL>http://www.whoi.edu/main/vision-mission</r3d:missionStatementURL>
    <r3d:contentType contentTypeScheme="parse">Structured graphics</r3d:contentType>
    <r3d:contentType contentTypeScheme="parse">Scientific and statistical data formats</r3d:contentType>
    <r3d:contentType contentTypeScheme="parse">Raw data</r3d:contentType>
    <r3d:contentType contentTypeScheme="parse">Plain text</r3d:contentType>
    <r3d:contentType contentTypeScheme="parse">other</r3d:contentType>
    <r3d:providerType>dataProvider</r3d:providerType>
    <r3d:keyword>sea floor</r3d:keyword>
    <r3d:keyword>gis mapping</r3d:keyword>
    <r3d:keyword>sedimentary deposition</r3d:keyword>
    <r3d:keyword>geophysics</r3d:keyword>
    <r3d:keyword>submersible</r3d:keyword>
    <r3d:keyword>seafloor rock</r3d:keyword>
    <r3d:keyword>tectonics</r3d:keyword>
    <r3d:keyword>geology</r3d:keyword>
    <r3d:institution>
        <r3d:institutionName language="eng">Woods Hole Oceanographic Institution</r3d:institutionName>
        <r3d:institutionAdditionalName language="eng">WHOI</r3d:institutionAdditionalName>
        <r3d:institutionCountry>USA</r3d:institutionCountry>
        <r3d:responsibilityType>general</r3d:responsibilityType>
        <r3d:responsibilityType>technical</r3d:responsibilityType>
        <r3d:institutionType>non-profit</r3d:institutionType>
        <r3d:institutionURL>http://www.whoi.edu/</r3d:institutionURL>
        <r3d:responsibilityStartDate></r3d:responsibilityStartDate>
        <r3d:responsibilityEndDate></r3d:responsibilityEndDate>
        <r3d:institutionContact>jbroda@whoi.edu</r3d:institutionContact>
        <r3d:institutionContact>jbroda@whoi.edu</r3d:institutionContact>
        <r3d:institutionContact>rgoldsmith@whoi.edu</r3d:institutionContact>
    </r3d:institution>
    <r3d:institution>
        <r3d:institutionName language="eng">NSF</r3d:institutionName>
        <r3d:institutionAdditionalName language="eng">National Science Fouundation</r3d:institutionAdditionalName>
        <r3d:institutionCountry>USA</r3d:institutionCountry>
        <r3d:responsibilityType>funding</r3d:responsibilityType>
        <r3d:institutionType>non-profit</r3d:institutionType>
        <r3d:institutionURL>https://www.nsf.gov/</r3d:institutionURL>
        <r3d:responsibilityStartDate></r3d:responsibilityStartDate>
        <r3d:responsibilityEndDate></r3d:responsibilityEndDate>
    </r3d:institution>
    <r3d:institution>
        <r3d:institutionName language="eng">Seafloor Samples Laboratory</r3d:institutionName>
        <r3d:institutionCountry>USA</r3d:institutionCountry>
        <r3d:responsibilityType>general</r3d:responsibilityType>
        <r3d:responsibilityType>technical</r3d:responsibilityType>
        <r3d:institutionType>non-profit</r3d:institutionType>
        <r3d:institutionURL>http://www.whoi.edu/science/GG/corelab/</r3d:institutionURL>
        <r3d:responsibilityStartDate></r3d:responsibilityStartDate>
        <r3d:responsibilityEndDate></r3d:responsibilityEndDate>
        <r3d:institutionContact>http://www.whoi.edu/science/GG/corelab/contact.html</r3d:institutionContact>
    </r3d:institution>
    <r3d:policy>
        <r3d:policyName>Privacy Policy</r3d:policyName>
        <r3d:policyURL>http://www.whoi.edu/whoi/privacy.do</r3d:policyURL>
    </r3d:policy>
    <r3d:databaseAccess>
        <r3d:databaseAccessType>open</r3d:databaseAccessType>
    </r3d:databaseAccess>
    <r3d:dataAccess>
    <r3d:dataAccessType>open</r3d:dataAccessType>
    </r3d:dataAccess>
    <r3d:dataLicense>
        <r3d:dataLicenseName>other</r3d:dataLicenseName>
        <r3d:dataLicenseURL>http://www.whoi.edu/science/GG/corelab/images/SAMP_DIST_POL.pdf</r3d:dataLicenseURL>
    </r3d:dataLicense>
    <r3d:dataLicense>
        <r3d:dataLicenseName>other</r3d:dataLicenseName>
        <r3d:dataLicenseURL>http://www.whoi.edu/main/ndsf/archive-policy</r3d:dataLicenseURL>
    </r3d:dataLicense>
    <r3d:dataUpload>
        <r3d:dataUploadType>closed</r3d:dataUploadType>
    </r3d:dataUpload>
    <r3d:software>
        <r3d:softwareName>unknown</r3d:softwareName>
    </r3d:software>
    <r3d:versioning></r3d:versioning>
    <r3d:pidSystem>none</r3d:pidSystem>
    <r3d:citationGuidelineURL>http://www.whoi.edu/science/GG/corelab/images/SAMP_DIST_POL.pdf</r3d:citationGuidelineURL>
    <r3d:enhancedPublication>unknown</r3d:enhancedPublication>
    <r3d:qualityManagement>yes</r3d:qualityManagement>
    <r3d:remarks>Partners &amp; Sponsors: http://www.whoi.edu/main/partners-sponsors</r3d:remarks>
    <r3d:entryDate>2013-10-21</r3d:entryDate>
    <r3d:lastUpdate>2017-07-11</r3d:lastUpdate>
  </r3d:repository>
</r3d:re3data>