<?xml version="1.0" encoding="utf-8"?>
<!--re3data.org Schema for the Description of Research Data Repositories. Version 2.2, December 2014. doi:10.2312/re3.006-->
<r3d:re3data xmlns:r3d="http://www.re3data.org/schema/2-2" xmlns:xsi="http://www.w3.org/2001/XMLSchema-instance" xsi:schemaLocation="http://www.re3data.org/schema/2-2 http://schema.re3data.org/2-2/re3dataV2-2.xsd">
  <r3d:repository>
    <r3d:re3data.orgIdentifier>r3d100010557</r3d:re3data.orgIdentifier>
    <r3d:repositoryName language="eng">Universal PBM Resource for Oligonucleotide Binding Evaluation</r3d:repositoryName>
    <r3d:additionalName language="eng">UniPROBE</r3d:additionalName>
    <r3d:repositoryURL>http://thebrain.bwh.harvard.edu/uniprobe/</r3d:repositoryURL>
    <r3d:repositoryIdentifier>RRID:nif-0000-03611</r3d:repositoryIdentifier>
    <r3d:repositoryIdentifier>RRID:SCR_005803</r3d:repositoryIdentifier>
    <r3d:repositoryIdentifier>RRID:OMICS_00546</r3d:repositoryIdentifier>
    <r3d:description language="eng">The UniPROBE (Universal PBM Resource for Oligonucleotide Binding Evaluation) database hosts data generated by universal protein binding microarray (PBM) technology on the in vitro DNA binding specificities of proteins. This initial release of the UniPROBE database provides a centralized resource for accessing comprehensive data on the preferences of proteins for all possible sequence variants (&#039;words&#039;) of length k (&#039;k-mers&#039;), as well as position weight matrix (PWM) and graphical sequence logo representations of the k-mer data. In total, the database currently hosts DNA binding data for 406 nonredundant proteins from a diverse collection of organisms, including the prokaryote Vibrio harveyi, the eukaryotic malarial parasite Plasmodium falciparum, the parasitic Apicomplexan Cryptosporidium parvum, the yeast Saccharomyces cerevisiae, the worm Caenorhabditis elegans, mouse, and human. The database&#039;s web tools (on the right) include a text-based search, a function for assessing motif similarity between user-entered data and database PWMs, and a function for locating putative binding sites along user-entered nucleotide sequences</r3d:description>
    <r3d:type>disciplinary</r3d:type>
    <r3d:size updated=""></r3d:size>
    <r3d:startDate>2008-05</r3d:startDate>
    <r3d:endDate></r3d:endDate>
    <r3d:repositoryLanguage>eng</r3d:repositoryLanguage>
    <r3d:subject subjectScheme="DFG">204 Microbiology, Virology and Immunology</r3d:subject>
    <r3d:subject subjectScheme="DFG">22 Medicine</r3d:subject>
    <r3d:subject subjectScheme="DFG">21 Biology</r3d:subject>
    <r3d:subject subjectScheme="DFG">2 Life Sciences</r3d:subject>
    <r3d:missionStatementURL>http://the_brain.bwh.harvard.edu/index.html</r3d:missionStatementURL>
    <r3d:contentType contentTypeScheme="parse">Scientific and statistical data formats</r3d:contentType>
    <r3d:contentType contentTypeScheme="parse">Images</r3d:contentType>
    <r3d:contentType contentTypeScheme="parse">Raw data</r3d:contentType>
    <r3d:contentType contentTypeScheme="parse">Structured graphics</r3d:contentType>
    <r3d:contentType contentTypeScheme="parse">other</r3d:contentType>
    <r3d:providerType>dataProvider</r3d:providerType>
    <r3d:keyword>biology</r3d:keyword>
    <r3d:keyword>gene ontology</r3d:keyword>
    <r3d:keyword>cells</r3d:keyword>
    <r3d:keyword>molecular</r3d:keyword>
    <r3d:keyword>mouse</r3d:keyword>
    <r3d:keyword>DNA</r3d:keyword>
    <r3d:keyword>protein</r3d:keyword>
    <r3d:institution>
        <r3d:institutionName language="eng">Brigham and Women&#039;s Hospital, Bulyk Laboratory</r3d:institutionName>
        <r3d:institutionAdditionalName language="eng">Bulyk Lab</r3d:institutionAdditionalName>
        <r3d:institutionCountry>USA</r3d:institutionCountry>
        <r3d:responsibilityType>general</r3d:responsibilityType>
        <r3d:responsibilityType>technical</r3d:responsibilityType>
        <r3d:institutionType>non-profit</r3d:institutionType>
        <r3d:institutionURL>http://thebrain.bwh.harvard.edu/</r3d:institutionURL>
        <r3d:responsibilityStartDate></r3d:responsibilityStartDate>
        <r3d:responsibilityEndDate></r3d:responsibilityEndDate>
        <r3d:institutionContact>http://the_brain.bwh.harvard.edu/contact.html</r3d:institutionContact>
    </r3d:institution>
    <r3d:policy>
        <r3d:policyName>Downloads</r3d:policyName>
        <r3d:policyURL>http://thebrain.bwh.harvard.edu/uniprobe/downloads.php</r3d:policyURL>
    </r3d:policy>
    <r3d:databaseAccess>
        <r3d:databaseAccessType>open</r3d:databaseAccessType>
    </r3d:databaseAccess>
    <r3d:dataAccess>
    <r3d:dataAccessType>open</r3d:dataAccessType>
    </r3d:dataAccess>
    <r3d:dataLicense>
        <r3d:dataLicenseName>other</r3d:dataLicenseName>
        <r3d:dataLicenseURL>http://thebrain.bwh.harvard.edu/uniprobe/academic-license.php</r3d:dataLicenseURL>
    </r3d:dataLicense>
    <r3d:dataLicense>
        <r3d:dataLicenseName>ODC</r3d:dataLicenseName>
        <r3d:dataLicenseURL>http://opendatacommons.org/licenses/pddl/1.0/</r3d:dataLicenseURL>
    </r3d:dataLicense>
    <r3d:dataUpload>
        <r3d:dataUploadType>closed</r3d:dataUploadType>
    </r3d:dataUpload>
    <r3d:software>
        <r3d:softwareName>other</r3d:softwareName>
    </r3d:software>
    <r3d:versioning>yes</r3d:versioning>
    <r3d:pidSystem>none</r3d:pidSystem>
    <r3d:citationGuidelineURL>http://the_brain.bwh.harvard.edu/uniprobe/about.php</r3d:citationGuidelineURL>
    <r3d:enhancedPublication>yes</r3d:enhancedPublication>
    <r3d:qualityManagement>unknown</r3d:qualityManagement>
    <r3d:remarks>UniPROBE is covered by Thomson Reuters Data Citation Index.</r3d:remarks>
    <r3d:entryDate>2013-12-02</r3d:entryDate>
    <r3d:lastUpdate>2017-09-27</r3d:lastUpdate>
  </r3d:repository>
</r3d:re3data>