<?xml version="1.0" encoding="utf-8"?>
<!--re3data.org Schema for the Description of Research Data Repositories. Version 2.2, December 2014. doi:10.2312/re3.006-->
<r3d:re3data xmlns:r3d="http://www.re3data.org/schema/2-2" xmlns:xsi="http://www.w3.org/2001/XMLSchema-instance" xsi:schemaLocation="http://www.re3data.org/schema/2-2 http://schema.re3data.org/2-2/re3dataV2-2.xsd">
  <r3d:repository>
    <r3d:re3data.orgIdentifier>r3d100010149</r3d:re3data.orgIdentifier>
    <r3d:repositoryName language="eng">Longitudinal Aging Study Amsterdam</r3d:repositoryName>
    <r3d:additionalName language="eng">LASA</r3d:additionalName>
    <r3d:repositoryURL>http://www.lasa-vu.nl/index.htm</r3d:repositoryURL>
    <r3d:description language="eng">The Longitudinal Aging Study Amsterdam (LASA) at the VU University and VU University Medical Centre is initiated by the Ministry of Health, Welfare and Sports in 1991 to determine predictors and consequences of ageing. LASA focuses on, physical, emotional, cognitive and social functioning in late life, the connections between these aspects, and the changes that occur in the course of time</r3d:description>
    <r3d:type>disciplinary</r3d:type>
    <r3d:type>institutional</r3d:type>
    <r3d:size updated=""></r3d:size>
    <r3d:startDate>2003</r3d:startDate>
    <r3d:endDate></r3d:endDate>
    <r3d:repositoryLanguage>eng</r3d:repositoryLanguage>
    <r3d:repositoryLanguage>nld</r3d:repositoryLanguage>
    <r3d:subject subjectScheme="DFG">111 Social Sciences</r3d:subject>
    <r3d:subject subjectScheme="DFG">12 Social and Behavioural Sciences</r3d:subject>
    <r3d:subject subjectScheme="DFG">1 Humanities and Social Sciences</r3d:subject>
    <r3d:missionStatementURL>http://www.lasa-vu.nl/lasa-introduction.htm</r3d:missionStatementURL>
    <r3d:contentType contentTypeScheme="parse">Standard office documents</r3d:contentType>
    <r3d:contentType contentTypeScheme="parse">Audiovisual data</r3d:contentType>
    <r3d:contentType contentTypeScheme="parse">Plain text</r3d:contentType>
    <r3d:providerType>dataProvider</r3d:providerType>
    <r3d:keyword>multidisciplinary</r3d:keyword>
    <r3d:keyword>aging research</r3d:keyword>
    <r3d:keyword>cross-sequential</r3d:keyword>
    <r3d:keyword>social gerontology</r3d:keyword>
    <r3d:keyword>longitudinal study</r3d:keyword>
    <r3d:keyword>demographics</r3d:keyword>
    <r3d:keyword>care</r3d:keyword>
    <r3d:keyword>generic</r3d:keyword>
    <r3d:keyword>physical</r3d:keyword>
    <r3d:keyword>blood</r3d:keyword>
    <r3d:keyword>social</r3d:keyword>
    <r3d:keyword>census</r3d:keyword>
    <r3d:keyword>microdata</r3d:keyword>
    <r3d:institution>
        <r3d:institutionName language="eng">VU University Medical Centre, Department of Sociology, Longitudinal Aging Study Amsterdam</r3d:institutionName>
        <r3d:institutionAdditionalName language="nld">Vrije Universiteit Amsterdam, medisch centrum, Faculteit der Sociale Wetenschappen</r3d:institutionAdditionalName>
        <r3d:institutionAdditionalName language="eng">VUMC, LASA</r3d:institutionAdditionalName>
        <r3d:institutionCountry>NLD</r3d:institutionCountry>
        <r3d:responsibilityType>general</r3d:responsibilityType>
        <r3d:institutionType>non-profit</r3d:institutionType>
        <r3d:institutionURL>https://www.vumc.com/branch/social-medicine/</r3d:institutionURL>
        <r3d:responsibilityStartDate></r3d:responsibilityStartDate>
        <r3d:responsibilityEndDate></r3d:responsibilityEndDate>
        <r3d:institutionContact>l.stokx@vumc.nl</r3d:institutionContact>
        <r3d:institutionContact>lasa@vumc.nl</r3d:institutionContact>
    </r3d:institution>
    <r3d:institution>
        <r3d:institutionName language="eng">Ministry of Health Welfare and Sports, Directorate of Long-Term Care</r3d:institutionName>
        <r3d:institutionAdditionalName language="nld">Ministerie van Voksgezondheit, Welzijn en Sport</r3d:institutionAdditionalName>
        <r3d:institutionCountry>NLD</r3d:institutionCountry>
        <r3d:responsibilityType>funding</r3d:responsibilityType>
        <r3d:institutionType>non-profit</r3d:institutionType>
        <r3d:institutionURL>https://www.government.nl/ministries/ministry-of-health-welfare-and-sport/organisation/dg-long-term-care</r3d:institutionURL>
        <r3d:responsibilityStartDate></r3d:responsibilityStartDate>
        <r3d:responsibilityEndDate></r3d:responsibilityEndDate>
    </r3d:institution>
    <r3d:institution>
        <r3d:institutionName language="eng">Netherlands Organisation for Scientific Research</r3d:institutionName>
        <r3d:institutionAdditionalName language="nld">Nederlandse Organisatie voor Wetenschappelijk Onderzoek</r3d:institutionAdditionalName>
        <r3d:institutionAdditionalName language="nld">NWO</r3d:institutionAdditionalName>
        <r3d:institutionCountry>NLD</r3d:institutionCountry>
        <r3d:responsibilityType>funding</r3d:responsibilityType>
        <r3d:institutionType>non-profit</r3d:institutionType>
        <r3d:institutionURL>https://www.nwo.nl/en/</r3d:institutionURL>
        <r3d:responsibilityStartDate></r3d:responsibilityStartDate>
        <r3d:responsibilityEndDate></r3d:responsibilityEndDate>
        <r3d:institutionContact>r.slobben@nwo.nl</r3d:institutionContact>
    </r3d:institution>
    <r3d:policy>
        <r3d:policyName>DSA quality guidelines</r3d:policyName>
        <r3d:policyURL>https://assessment.datasealofapproval.org/guidelines_1/html/</r3d:policyURL>
    </r3d:policy>
    <r3d:databaseAccess>
        <r3d:databaseAccessType>open</r3d:databaseAccessType>
    </r3d:databaseAccess>
    <r3d:dataAccess>
    <r3d:dataAccessType>restricted</r3d:dataAccessType>
    <r3d:dataAccessRestriction>registration</r3d:dataAccessRestriction>
    </r3d:dataAccess>
    <r3d:dataAccess>
    <r3d:dataAccessType>closed</r3d:dataAccessType>
    </r3d:dataAccess>
    <r3d:dataLicense>
        <r3d:dataLicenseName>other</r3d:dataLicenseName>
        <r3d:dataLicenseURL>https://assessment.datasealofapproval.org/assessment_69/seal/html/</r3d:dataLicenseURL>
    </r3d:dataLicense>
    <r3d:dataUpload>
        <r3d:dataUploadType>closed</r3d:dataUploadType>
    </r3d:dataUpload>
    <r3d:software>
        <r3d:softwareName>unknown</r3d:softwareName>
    </r3d:software>
    <r3d:versioning></r3d:versioning>
    <r3d:pidSystem>none</r3d:pidSystem>
    <r3d:citationGuidelineURL>http://www.lasa-vu.nl/data/availability_data/documents/form_analysisproposal2011.doc</r3d:citationGuidelineURL>
    <r3d:enhancedPublication>unknown</r3d:enhancedPublication>
    <r3d:qualityManagement>yes</r3d:qualityManagement>
    <r3d:certificate>DSA</r3d:certificate>
    <r3d:remarks>Longitudinal Aging Study Amsterdam is covered by Thomson Reuters Data Citation Index. LASA is carried out in the VU University and VU University Medical Center and was initiated by the Ministry of Health, Welfare and Sports in 1991 to determine predictors and consequences of ageing. LASA focuses on physical, emotional, cognitive and social functioning in late life, the connections between these aspects, and the changes that occur in the course of time. LASA is in the process of making up an agreement with DANS EASY for storage of data</r3d:remarks>
    <r3d:entryDate>2013-09-05</r3d:entryDate>
    <r3d:lastUpdate>2017-11-28</r3d:lastUpdate>
  </r3d:repository>
</r3d:re3data>