<?xml version="1.0" encoding="utf-8"?>
<!--re3data.org Schema for the Description of Research Data Repositories. Version 2.2, December 2014. doi:10.2312/re3.006-->
<r3d:re3data xmlns:r3d="http://www.re3data.org/schema/2-2" xmlns:xsi="http://www.w3.org/2001/XMLSchema-instance" xsi:schemaLocation="http://www.re3data.org/schema/2-2 http://schema.re3data.org/2-2/re3dataV2-2.xsd">
  <r3d:repository>
    <r3d:re3data.orgIdentifier>r3d100010281</r3d:re3data.orgIdentifier>
    <r3d:repositoryName language="eng">NatureServe</r3d:repositoryName>
    <r3d:additionalName language="eng">NatureServe network</r3d:additionalName>
    <r3d:repositoryURL>http://www.natureserve.org/</r3d:repositoryURL>
    <r3d:description language="eng">NatureServe and its network of member programs are a leading source for reliable scientific information about species and ecosystems of the Western Hemisphere. This site serves as a portal for accessing several types of publicly available biodiversity data. The Explorer lists 70,000 plants, animals, and ecological communities of the United States and Canada</r3d:description>
    <r3d:repositoryContact>http://www.natureserve.org/about-us/contact-us</r3d:repositoryContact>
    <r3d:type>disciplinary</r3d:type>
    <r3d:type>other</r3d:type>
    <r3d:size updated="2013-06-20">70.000 plants, animals and ecological communities; 8.500 common, rare and endangered species, 788 ecosystems</r3d:size>
    <r3d:startDate>2001</r3d:startDate>
    <r3d:endDate></r3d:endDate>
    <r3d:repositoryLanguage>eng</r3d:repositoryLanguage>
    <r3d:repositoryLanguage>spa</r3d:repositoryLanguage>
    <r3d:repositoryLanguage>fra</r3d:repositoryLanguage>
    <r3d:subject subjectScheme="DFG">2 Life Sciences</r3d:subject>
    <r3d:subject subjectScheme="DFG">202 Plant Sciences</r3d:subject>
    <r3d:subject subjectScheme="DFG">203 Zoology</r3d:subject>
    <r3d:subject subjectScheme="DFG">21 Biology</r3d:subject>
    <r3d:missionStatementURL>http://www.natureserve.org/about-us</r3d:missionStatementURL>
    <r3d:contentType contentTypeScheme="parse">Images</r3d:contentType>
    <r3d:contentType contentTypeScheme="parse">Scientific and statistical data formats</r3d:contentType>
    <r3d:contentType contentTypeScheme="parse">Standard office documents</r3d:contentType>
    <r3d:contentType contentTypeScheme="parse">Plain text</r3d:contentType>
    <r3d:contentType contentTypeScheme="parse">Archived data</r3d:contentType>
    <r3d:contentType contentTypeScheme="parse">Audiovisual data</r3d:contentType>
    <r3d:providerType>dataProvider</r3d:providerType>
    <r3d:keyword>biodiversity</r3d:keyword>
    <r3d:keyword>species</r3d:keyword>
    <r3d:keyword>ecosystems</r3d:keyword>
    <r3d:keyword>ecologial communities</r3d:keyword>
    <r3d:keyword>amphibian</r3d:keyword>
    <r3d:keyword>invasive species</r3d:keyword>
    <r3d:keyword>birds</r3d:keyword>
    <r3d:keyword>mammals</r3d:keyword>
    <r3d:institution>
        <r3d:institutionName language="eng">NatureServe</r3d:institutionName>
        <r3d:institutionCountry>USA</r3d:institutionCountry>
        <r3d:responsibilityType>general</r3d:responsibilityType>
        <r3d:responsibilityType>technical</r3d:responsibilityType>
        <r3d:responsibilityType>funding</r3d:responsibilityType>
        <r3d:institutionType>non-profit</r3d:institutionType>
        <r3d:institutionURL>http://www.natureserve.org/</r3d:institutionURL>
        <r3d:responsibilityStartDate></r3d:responsibilityStartDate>
        <r3d:responsibilityEndDate></r3d:responsibilityEndDate>
        <r3d:institutionContact>http://www.natureserve.org/about-us/contact-us</r3d:institutionContact>
    </r3d:institution>
    <r3d:policy>
        <r3d:policyName>Use guidelines and citation</r3d:policyName>
        <r3d:policyURL>http://explorer.natureserve.org/legal.htm#copyright</r3d:policyURL>
    </r3d:policy>
    <r3d:policy>
        <r3d:policyName>Terms and Conditions</r3d:policyName>
        <r3d:policyURL>http://www.natureserve.org/terms-and-conditions</r3d:policyURL>
    </r3d:policy>
    <r3d:databaseAccess>
        <r3d:databaseAccessType>open</r3d:databaseAccessType>
    </r3d:databaseAccess>
    <r3d:dataAccess>
    <r3d:dataAccessType>open</r3d:dataAccessType>
    </r3d:dataAccess>
    <r3d:dataAccess>
    <r3d:dataAccessType>restricted</r3d:dataAccessType>
    <r3d:dataAccessRestriction>registration</r3d:dataAccessRestriction>
    </r3d:dataAccess>
    <r3d:dataLicense>
        <r3d:dataLicenseName>Copyrights</r3d:dataLicenseName>
        <r3d:dataLicenseURL>http://explorer.natureserve.org/legal.htm#copyright</r3d:dataLicenseURL>
    </r3d:dataLicense>
    <r3d:dataUpload>
        <r3d:dataUploadType>restricted</r3d:dataUploadType>
        <r3d:dataUploadRestriction>other</r3d:dataUploadRestriction>
    </r3d:dataUpload>
    <r3d:software>
        <r3d:softwareName>unknown</r3d:softwareName>
    </r3d:software>
    <r3d:versioning>yes</r3d:versioning>
    <r3d:api apiType="REST">https://services.natureserve.org/technical2/getSpecies_rest.jsp</r3d:api>
    <r3d:api apiType="SOAP">https://services.natureserve.org/technical2/getSpecies_soap.jsp</r3d:api>
    <r3d:pidSystem>none</r3d:pidSystem>
    <r3d:citationGuidelineURL>http://explorer.natureserve.org/use_guidelines.htm</r3d:citationGuidelineURL>
    <r3d:enhancedPublication>unknown</r3d:enhancedPublication>
    <r3d:qualityManagement>yes</r3d:qualityManagement>
    <r3d:remarks>Today the NatureServe network includes 82 independent natural heritage programs and conservation data centers throughout the Western Hemisphere, with nearly 1,000 dedicated scientists and a collective annual budget of more than $45 million.</r3d:remarks>
    <r3d:entryDate>2013-06-20</r3d:entryDate>
    <r3d:lastUpdate>2017-05-11</r3d:lastUpdate>
  </r3d:repository>
</r3d:re3data>