<?xml version="1.0" encoding="utf-8"?>
<!--re3data.org Schema for the Description of Research Data Repositories. Version 2.2, December 2014. doi:10.2312/re3.006-->
<r3d:re3data xmlns:r3d="http://www.re3data.org/schema/2-2" xmlns:xsi="http://www.w3.org/2001/XMLSchema-instance" xsi:schemaLocation="http://www.re3data.org/schema/2-2 http://schema.re3data.org/2-2/re3dataV2-2.xsd">
  <r3d:repository>
    <r3d:re3data.orgIdentifier>r3d100010431</r3d:re3data.orgIdentifier>
    <r3d:repositoryName language="eng">Pairfam</r3d:repositoryName>
    <r3d:additionalName language="eng">Panel Analysis of Intimate Relationships and Family Dynamics</r3d:additionalName>
    <r3d:repositoryURL>http://www.pairfam.de/en/</r3d:repositoryURL>
    <r3d:description language="eng">The 2008-launched German Family Panel pairfam (“Panel Analysis of Intimate Relationships and Family Dynamics”) is a multi-disciplinary, longitudinal study for researching partnership and family dynamics in Germany. The annually collected survey data from a nationwide random sample of more than 12,000 persons of the three birth cohorts 1971-73, 1981-83, 1991-93 and their partners, parents and children offers unique opportunities for the analysis of partner and generational relationships as they develop over the course of multiple life phases.</r3d:description>
    <r3d:type>disciplinary</r3d:type>
    <r3d:size updated="2013-07-11">Master-sample of more than 12.4000 anchor persons born in 1991 to 1993, 1981 to 1983 and 1971 to 1973</r3d:size>
    <r3d:startDate>2008-05-01</r3d:startDate>
    <r3d:endDate></r3d:endDate>
    <r3d:repositoryLanguage>eng</r3d:repositoryLanguage>
    <r3d:repositoryLanguage>deu</r3d:repositoryLanguage>
    <r3d:subject subjectScheme="DFG">111 Social Sciences</r3d:subject>
    <r3d:subject subjectScheme="DFG">11102 Empirical Social Research</r3d:subject>
    <r3d:subject subjectScheme="DFG">12 Social and Behavioural Sciences</r3d:subject>
    <r3d:subject subjectScheme="DFG">1 Humanities and Social Sciences</r3d:subject>
    <r3d:missionStatementURL>http://www.pairfam.de/en/study/concept-and-design/</r3d:missionStatementURL>
    <r3d:contentType contentTypeScheme="parse">Standard office documents</r3d:contentType>
    <r3d:contentType contentTypeScheme="parse">Images</r3d:contentType>
    <r3d:contentType contentTypeScheme="parse">Plain text</r3d:contentType>
    <r3d:providerType>dataProvider</r3d:providerType>
    <r3d:keyword>empirical social research</r3d:keyword>
    <r3d:keyword>partnership</r3d:keyword>
    <r3d:keyword>parenthood</r3d:keyword>
    <r3d:keyword>intergenerational relationships</r3d:keyword>
    <r3d:keyword>parenting</r3d:keyword>
    <r3d:keyword>child development</r3d:keyword>
    <r3d:keyword>social embeddedness</r3d:keyword>
    <r3d:institution>
        <r3d:institutionName language="eng">University of Bremen</r3d:institutionName>
        <r3d:institutionAdditionalName language="deu">Universität Bremen</r3d:institutionAdditionalName>
        <r3d:institutionCountry>DEU</r3d:institutionCountry>
        <r3d:responsibilityType>general</r3d:responsibilityType>
        <r3d:institutionType>non-profit</r3d:institutionType>
        <r3d:institutionURL>http://www.uni-bremen.de/en.html</r3d:institutionURL>
        <r3d:responsibilityStartDate></r3d:responsibilityStartDate>
        <r3d:responsibilityEndDate></r3d:responsibilityEndDate>
        <r3d:institutionContact>http://www.pairfam.de/de/team/nutzerservice.html</r3d:institutionContact>
    </r3d:institution>
    <r3d:institution>
        <r3d:institutionName language="eng">Friedrich Schiller University Jena</r3d:institutionName>
        <r3d:institutionAdditionalName language="deu">Friedrich-Schiller-Universität Jena</r3d:institutionAdditionalName>
        <r3d:institutionCountry>DEU</r3d:institutionCountry>
        <r3d:responsibilityType>general</r3d:responsibilityType>
        <r3d:institutionType>non-profit</r3d:institutionType>
        <r3d:institutionURL>http://www.uni-jena.de/en/start.html</r3d:institutionURL>
        <r3d:responsibilityStartDate></r3d:responsibilityStartDate>
        <r3d:responsibilityEndDate></r3d:responsibilityEndDate>
        <r3d:institutionContact>http://www.pairfam.de/de/team/nutzerservice.html</r3d:institutionContact>
    </r3d:institution>
    <r3d:institution>
        <r3d:institutionName language="eng">University of Cologne</r3d:institutionName>
        <r3d:institutionAdditionalName language="deu">Universität zu Köln</r3d:institutionAdditionalName>
        <r3d:institutionCountry>DEU</r3d:institutionCountry>
        <r3d:responsibilityType>general</r3d:responsibilityType>
        <r3d:institutionType>non-profit</r3d:institutionType>
        <r3d:institutionURL>http://www.portal.uni-koeln.de/uoc_home.html?L=1</r3d:institutionURL>
        <r3d:responsibilityStartDate></r3d:responsibilityStartDate>
        <r3d:responsibilityEndDate></r3d:responsibilityEndDate>
        <r3d:institutionContact>http://www.pairfam.de/de/team/nutzerservice.html</r3d:institutionContact>
    </r3d:institution>
    <r3d:institution>
        <r3d:institutionName language="eng">German Research Foundation</r3d:institutionName>
        <r3d:institutionAdditionalName language="deu">Deutsche Forschungsgemeinschaft</r3d:institutionAdditionalName>
        <r3d:institutionAdditionalName language="deu">DFG</r3d:institutionAdditionalName>
        <r3d:institutionCountry>DEU</r3d:institutionCountry>
        <r3d:responsibilityType>funding</r3d:responsibilityType>
        <r3d:institutionType>non-profit</r3d:institutionType>
        <r3d:institutionURL>http://www.dfg.de/en/</r3d:institutionURL>
        <r3d:responsibilityStartDate></r3d:responsibilityStartDate>
        <r3d:responsibilityEndDate></r3d:responsibilityEndDate>
        <r3d:institutionContact>http://www.dfg.de/dfg_profil/geschaeftsstelle/struktur/personen/index.jsp?id=484850485053</r3d:institutionContact>
    </r3d:institution>
    <r3d:institution>
        <r3d:institutionName language="eng">LMU Munich</r3d:institutionName>
        <r3d:institutionAdditionalName language="deu">Ludwig-Maximilians-Universität München</r3d:institutionAdditionalName>
        <r3d:institutionCountry>DEU</r3d:institutionCountry>
        <r3d:responsibilityType>general</r3d:responsibilityType>
        <r3d:institutionType>non-profit</r3d:institutionType>
        <r3d:institutionURL>http://www.en.uni-muenchen.de/index.html</r3d:institutionURL>
        <r3d:institutionIdentifier>RRID:SCR_011358</r3d:institutionIdentifier>
        <r3d:institutionIdentifier>RRID:nlx_28705</r3d:institutionIdentifier>
        <r3d:responsibilityStartDate></r3d:responsibilityStartDate>
        <r3d:responsibilityEndDate></r3d:responsibilityEndDate>
        <r3d:institutionContact>http://www.pairfam.de/de/team/nutzerservice.html</r3d:institutionContact>
    </r3d:institution>
    <r3d:institution>
        <r3d:institutionName language="eng">Chemnitz University of Technology</r3d:institutionName>
        <r3d:institutionAdditionalName language="deu">Technische Universität Chemnitz</r3d:institutionAdditionalName>
        <r3d:institutionCountry>DEU</r3d:institutionCountry>
        <r3d:responsibilityType>general</r3d:responsibilityType>
        <r3d:responsibilityType>technical</r3d:responsibilityType>
        <r3d:institutionType>non-profit</r3d:institutionType>
        <r3d:institutionURL>https://www.tu-chemnitz.de/index.html.en</r3d:institutionURL>
        <r3d:responsibilityStartDate></r3d:responsibilityStartDate>
        <r3d:responsibilityEndDate></r3d:responsibilityEndDate>
        <r3d:institutionContact>http://www.pairfam.de/en/team/user-support.html</r3d:institutionContact>
    </r3d:institution>
    <r3d:policy>
        <r3d:policyName>Kriterien des RatSWD</r3d:policyName>
        <r3d:policyURL>http://www.ratswd.de/download/publikationen_rat/RatSWD_FDZKriterien.PDF</r3d:policyURL>
    </r3d:policy>
    <r3d:policy>
        <r3d:policyName>Access to pairfam Data</r3d:policyName>
        <r3d:policyURL>http://www.pairfam.de/en/data/data-access.html</r3d:policyURL>
    </r3d:policy>
    <r3d:databaseAccess>
        <r3d:databaseAccessType>open</r3d:databaseAccessType>
    </r3d:databaseAccess>
    <r3d:databaseLicense>
        <r3d:databaseLicenseName>Copyrights</r3d:databaseLicenseName>
        <r3d:databaseLicenseURL>http://www.pairfam.de/en/links/legal-notes.html</r3d:databaseLicenseURL>
    </r3d:databaseLicense>
    <r3d:dataAccess>
    <r3d:dataAccessType>open</r3d:dataAccessType>
    </r3d:dataAccess>
    <r3d:dataAccess>
    <r3d:dataAccessType>restricted</r3d:dataAccessType>
    <r3d:dataAccessRestriction>registration</r3d:dataAccessRestriction>
    </r3d:dataAccess>
    <r3d:dataAccess>
    <r3d:dataAccessType>restricted</r3d:dataAccessType>
    <r3d:dataAccessRestriction>other</r3d:dataAccessRestriction>
    </r3d:dataAccess>
    <r3d:dataLicense>
        <r3d:dataLicenseName>Copyrights</r3d:dataLicenseName>
        <r3d:dataLicenseURL>http://www.pairfam.de/en/links/legal-notes.html</r3d:dataLicenseURL>
    </r3d:dataLicense>
    <r3d:dataUpload>
        <r3d:dataUploadType>closed</r3d:dataUploadType>
    </r3d:dataUpload>
    <r3d:software>
        <r3d:softwareName>unknown</r3d:softwareName>
    </r3d:software>
    <r3d:versioning>yes</r3d:versioning>
    <r3d:pidSystem>DOI</r3d:pidSystem>
    <r3d:citationGuidelineURL>http://www.pairfam.de/en/data/citation.html</r3d:citationGuidelineURL>
    <r3d:enhancedPublication>unknown</r3d:enhancedPublication>
    <r3d:qualityManagement>unknown</r3d:qualityManagement>
    <r3d:certificate>RatSWD</r3d:certificate>
    <r3d:remarks>FDZ pairfam is a member of the RatSWD research data infrastructure.
The pairfam data are archived and described in the GESIS data catalog: https://dbk.gesis.org/dbksearch/sdesc2.asp?no=5678&amp;ll=10&amp;af=&amp;nf=1&amp;db=d&amp;search=&amp;search2=&amp;notabs=1</r3d:remarks>
    <r3d:entryDate>2013-07-11</r3d:entryDate>
    <r3d:lastUpdate>2017-08-15</r3d:lastUpdate>
  </r3d:repository>
</r3d:re3data>