<?xml version="1.0" encoding="utf-8"?>
<!--re3data.org Schema for the Description of Research Data Repositories. Version 2.2, December 2014. doi:10.2312/re3.006-->
<r3d:re3data xmlns:r3d="http://www.re3data.org/schema/2-2" xmlns:xsi="http://www.w3.org/2001/XMLSchema-instance" xsi:schemaLocation="http://www.re3data.org/schema/2-2 http://schema.re3data.org/2-2/re3dataV2-2.xsd">
  <r3d:repository>
    <r3d:re3data.orgIdentifier>r3d100010248</r3d:re3data.orgIdentifier>
    <r3d:repositoryName language="eng">GermOnline</r3d:repositoryName>
    <r3d:repositoryURL>http://www.germonline.org/index.html</r3d:repositoryURL>
    <r3d:repositoryIdentifier>RRID:nif-0000-02906</r3d:repositoryIdentifier>
    <r3d:repositoryIdentifier>ISSN 2427-1748</r3d:repositoryIdentifier>
    <r3d:repositoryIdentifier>RRID:SCR_002807</r3d:repositoryIdentifier>
    <r3d:repositoryIdentifier>biodbcore-000378</r3d:repositoryIdentifier>
    <r3d:repositoryIdentifier>OMICS_02892</r3d:repositoryIdentifier>
    <r3d:description language="eng">GermOnline 4.0 is a cross-species database gateway focusing on high-throughput expression data relevant for germline development, the meiotic cell cycle and mitosis in healthy versus malignant cells. The portal provides access to the Saccharomyces Genomics Viewer (SGV) which facilitates online interpretation of complex data from experiments with high-density oligonucleotide tiling microarrays that cover the entire yeast genome.</r3d:description>
    <r3d:type>disciplinary</r3d:type>
    <r3d:size updated=""></r3d:size>
    <r3d:startDate>2010</r3d:startDate>
    <r3d:endDate></r3d:endDate>
    <r3d:repositoryLanguage>eng</r3d:repositoryLanguage>
    <r3d:subject subjectScheme="DFG">20105 General Genetics</r3d:subject>
    <r3d:subject subjectScheme="DFG">20306 Animal Genetics, Cell and Developmental Biology</r3d:subject>
    <r3d:subject subjectScheme="DFG">20503 Human Genetics</r3d:subject>
    <r3d:subject subjectScheme="DFG">201 Basic Biological and Medical Research</r3d:subject>
    <r3d:subject subjectScheme="DFG">21 Biology</r3d:subject>
    <r3d:subject subjectScheme="DFG">2 Life Sciences</r3d:subject>
    <r3d:subject subjectScheme="DFG">203 Zoology</r3d:subject>
    <r3d:subject subjectScheme="DFG">205 Medicine</r3d:subject>
    <r3d:subject subjectScheme="DFG">22 Medicine</r3d:subject>
    <r3d:missionStatementURL>http://wiki.germonline.org/doku.php</r3d:missionStatementURL>
    <r3d:contentType contentTypeScheme="parse">Databases</r3d:contentType>
    <r3d:contentType contentTypeScheme="parse">Structured graphics</r3d:contentType>
    <r3d:contentType contentTypeScheme="parse">Scientific and statistical data formats</r3d:contentType>
    <r3d:contentType contentTypeScheme="parse">Raw data</r3d:contentType>
    <r3d:contentType contentTypeScheme="parse">Plain text</r3d:contentType>
    <r3d:providerType>dataProvider</r3d:providerType>
    <r3d:providerType>serviceProvider</r3d:providerType>
    <r3d:keyword>mitotic cell division</r3d:keyword>
    <r3d:keyword>meiosis</r3d:keyword>
    <r3d:keyword>gametogenesis</r3d:keyword>
    <r3d:keyword>germ line development</r3d:keyword>
    <r3d:keyword>human reproductive health</r3d:keyword>
    <r3d:keyword>comparative genomics</r3d:keyword>
    <r3d:keyword>microarray</r3d:keyword>
    <r3d:keyword>GeneChips</r3d:keyword>
    <r3d:institution>
        <r3d:institutionName language="eng">Institut National de la Santé et de la Recherche Médicale</r3d:institutionName>
        <r3d:institutionAdditionalName language="eng">Inserm</r3d:institutionAdditionalName>
        <r3d:institutionCountry>FRA</r3d:institutionCountry>
        <r3d:responsibilityType>general</r3d:responsibilityType>
        <r3d:responsibilityType>funding</r3d:responsibilityType>
        <r3d:institutionType>commercial</r3d:institutionType>
        <r3d:institutionURL>https://www.inserm.fr/</r3d:institutionURL>
        <r3d:responsibilityStartDate></r3d:responsibilityStartDate>
        <r3d:responsibilityEndDate></r3d:responsibilityEndDate>
    </r3d:institution>
    <r3d:institution>
        <r3d:institutionName language="eng">GenOuest BioInformatics Platform</r3d:institutionName>
        <r3d:institutionCountry>FRA</r3d:institutionCountry>
        <r3d:responsibilityType>funding</r3d:responsibilityType>
        <r3d:responsibilityType>technical</r3d:responsibilityType>
        <r3d:institutionType>commercial</r3d:institutionType>
        <r3d:institutionURL>https://www.genouest.org/</r3d:institutionURL>
        <r3d:responsibilityStartDate></r3d:responsibilityStartDate>
        <r3d:responsibilityEndDate></r3d:responsibilityEndDate>
    </r3d:institution>
    <r3d:institution>
        <r3d:institutionName language="eng">Swiss Institute of Bioinformatics</r3d:institutionName>
        <r3d:institutionAdditionalName language="eng">SIB</r3d:institutionAdditionalName>
        <r3d:institutionCountry>CHE</r3d:institutionCountry>
        <r3d:responsibilityType>funding</r3d:responsibilityType>
        <r3d:institutionType>non-profit</r3d:institutionType>
        <r3d:institutionURL>https://www.sib.swiss/</r3d:institutionURL>
        <r3d:responsibilityStartDate></r3d:responsibilityStartDate>
        <r3d:responsibilityEndDate></r3d:responsibilityEndDate>
    </r3d:institution>
    <r3d:databaseAccess>
        <r3d:databaseAccessType>open</r3d:databaseAccessType>
    </r3d:databaseAccess>
    <r3d:databaseLicense>
        <r3d:databaseLicenseName>CC</r3d:databaseLicenseName>
        <r3d:databaseLicenseURL>https://creativecommons.org/licenses/by-sa/3.0/</r3d:databaseLicenseURL>
    </r3d:databaseLicense>
    <r3d:dataAccess>
    <r3d:dataAccessType>open</r3d:dataAccessType>
    </r3d:dataAccess>
    <r3d:dataLicense>
        <r3d:dataLicenseName>CC</r3d:dataLicenseName>
        <r3d:dataLicenseURL>https://creativecommons.org/licenses/by-sa/3.0/</r3d:dataLicenseURL>
    </r3d:dataLicense>
    <r3d:dataUpload>
        <r3d:dataUploadType>restricted</r3d:dataUploadType>
        <r3d:dataUploadRestriction>registration</r3d:dataUploadRestriction>
    </r3d:dataUpload>
    <r3d:software>
        <r3d:softwareName>other</r3d:softwareName>
    </r3d:software>
    <r3d:versioning>yes</r3d:versioning>
    <r3d:api apiType="FTP">http://www.germonline.org/info/data/download.html</r3d:api>
    <r3d:pidSystem>other</r3d:pidSystem>
    <r3d:citationGuidelineURL>http://wiki.germonline.org/doku.php#how_do_i_cite_germonline</r3d:citationGuidelineURL>
    <r3d:enhancedPublication>unknown</r3d:enhancedPublication>
    <r3d:qualityManagement>yes</r3d:qualityManagement>
    <r3d:remarks></r3d:remarks>
    <r3d:entryDate>2013-04-18</r3d:entryDate>
    <r3d:lastUpdate>2017-12-20</r3d:lastUpdate>
  </r3d:repository>
</r3d:re3data>