<?xml version="1.0" encoding="utf-8"?>
<!--re3data.org Schema for the Description of Research Data Repositories. Version 2.2, December 2014. doi:10.2312/re3.006-->
<r3d:re3data xmlns:r3d="http://www.re3data.org/schema/2-2" xmlns:xsi="http://www.w3.org/2001/XMLSchema-instance" xsi:schemaLocation="http://www.re3data.org/schema/2-2 http://schema.re3data.org/2-2/re3dataV2-2.xsd">
  <r3d:repository>
    <r3d:re3data.orgIdentifier>r3d100010560</r3d:re3data.orgIdentifier>
    <r3d:repositoryName language="eng">Codex Sinaiticus</r3d:repositoryName>
    <r3d:additionalName language="eng">Experience the oldest Bible</r3d:additionalName>
    <r3d:repositoryURL>http://www.codexsinaiticus.org/en/</r3d:repositoryURL>
    <r3d:description language="eng">Codex Sinaiticus is one of the most important books in the world. Handwritten well over 1600 years ago, the manuscript contains the Christian Bible in Greek, including the oldest complete copy of the New Testament.
The Codex Sinaiticus Project is an international collaboration to reunite the entire manuscript in digital form and make it accessible to a global audience for the first time. Drawing on the expertise of leading scholars, conservators and curators, the Project gives everyone the opportunity to connect directly with this famous manuscript.</r3d:description>
    <r3d:repositoryContact>http://www.codexsinaiticus.org/en/contact.aspx</r3d:repositoryContact>
    <r3d:type>disciplinary</r3d:type>
    <r3d:size updated=""></r3d:size>
    <r3d:startDate>2009-07</r3d:startDate>
    <r3d:endDate></r3d:endDate>
    <r3d:repositoryLanguage>eng</r3d:repositoryLanguage>
    <r3d:repositoryLanguage>deu</r3d:repositoryLanguage>
    <r3d:repositoryLanguage>rus</r3d:repositoryLanguage>
    <r3d:repositoryLanguage>ell</r3d:repositoryLanguage>
    <r3d:subject subjectScheme="DFG">1 Humanities and Social Sciences</r3d:subject>
    <r3d:subject subjectScheme="DFG">11 Humanities</r3d:subject>
    <r3d:subject subjectScheme="DFG">10103 Ancient History</r3d:subject>
    <r3d:subject subjectScheme="DFG">107 Theology</r3d:subject>
    <r3d:subject subjectScheme="DFG">105 Literary Studies</r3d:subject>
    <r3d:subject subjectScheme="DFG">104 Linguistics</r3d:subject>
    <r3d:subject subjectScheme="DFG">101 Ancient Cultures</r3d:subject>
    <r3d:missionStatementURL>http://www.codexsinaiticus.org/en/codex/</r3d:missionStatementURL>
    <r3d:contentType contentTypeScheme="parse">Images</r3d:contentType>
    <r3d:contentType contentTypeScheme="parse">Plain text</r3d:contentType>
    <r3d:contentType contentTypeScheme="parse">Structured text</r3d:contentType>
    <r3d:providerType>dataProvider</r3d:providerType>
    <r3d:keyword>Greek Bible</r3d:keyword>
    <r3d:keyword>ancient manuskript</r3d:keyword>
    <r3d:keyword>new testament</r3d:keyword>
    <r3d:keyword>old testament</r3d:keyword>
    <r3d:keyword>mount Sinai</r3d:keyword>
    <r3d:keyword>Saint Catherine&#039;s (Monastery)</r3d:keyword>
    <r3d:keyword>Konstantin von Tischendorf</r3d:keyword>
    <r3d:keyword>Alexandrian text-type manuscript</r3d:keyword>
    <r3d:keyword>handwriting</r3d:keyword>
    <r3d:institution>
        <r3d:institutionName language="eng">The National Library of Russia</r3d:institutionName>
        <r3d:institutionAdditionalName language="rus">Российская национальная библиотека</r3d:institutionAdditionalName>
        <r3d:institutionCountry>RUS</r3d:institutionCountry>
        <r3d:responsibilityType>general</r3d:responsibilityType>
        <r3d:institutionType>non-profit</r3d:institutionType>
        <r3d:institutionURL>http://www.nlr.ru/eng/</r3d:institutionURL>
        <r3d:responsibilityStartDate></r3d:responsibilityStartDate>
        <r3d:responsibilityEndDate></r3d:responsibilityEndDate>
        <r3d:institutionContact>http://www.nlr.ru/eng/exib/CodexSinaiticus/index.html</r3d:institutionContact>
    </r3d:institution>
    <r3d:institution>
        <r3d:institutionName language="eng">The British Library</r3d:institutionName>
        <r3d:institutionAdditionalName language="eng">Explore the world&#039;s knowledge</r3d:institutionAdditionalName>
        <r3d:institutionCountry>GBR</r3d:institutionCountry>
        <r3d:responsibilityType>general</r3d:responsibilityType>
        <r3d:institutionType>non-profit</r3d:institutionType>
        <r3d:institutionURL>https://www.bl.uk/</r3d:institutionURL>
        <r3d:responsibilityStartDate></r3d:responsibilityStartDate>
        <r3d:responsibilityEndDate></r3d:responsibilityEndDate>
        <r3d:institutionContact>http://www.bl.uk/onlinegallery/sacredtexts/codexsinai.html</r3d:institutionContact>
    </r3d:institution>
    <r3d:institution>
        <r3d:institutionName language="eng">German Research Foundation</r3d:institutionName>
        <r3d:institutionAdditionalName language="deu">Deutsche Forschungsgemeinschaft</r3d:institutionAdditionalName>
        <r3d:institutionAdditionalName language="deu">DFG</r3d:institutionAdditionalName>
        <r3d:institutionCountry>DEU</r3d:institutionCountry>
        <r3d:responsibilityType>funding</r3d:responsibilityType>
        <r3d:institutionType>non-profit</r3d:institutionType>
        <r3d:institutionURL>http://www.dfg.de/en/index.jsp</r3d:institutionURL>
        <r3d:responsibilityStartDate></r3d:responsibilityStartDate>
        <r3d:responsibilityEndDate></r3d:responsibilityEndDate>
    </r3d:institution>
    <r3d:institution>
        <r3d:institutionName language="eng">Stavros Niarchos Foundation</r3d:institutionName>
        <r3d:institutionAdditionalName language="ell">Ίδρυμα Σταύρος Νιάρχος</r3d:institutionAdditionalName>
        <r3d:institutionAdditionalName language="eng">SNf</r3d:institutionAdditionalName>
        <r3d:institutionCountry>GRC</r3d:institutionCountry>
        <r3d:responsibilityType>funding</r3d:responsibilityType>
        <r3d:institutionType>non-profit</r3d:institutionType>
        <r3d:institutionURL>http://www.snf.org/</r3d:institutionURL>
        <r3d:responsibilityStartDate></r3d:responsibilityStartDate>
        <r3d:responsibilityEndDate></r3d:responsibilityEndDate>
    </r3d:institution>
    <r3d:institution>
        <r3d:institutionName language="eng">A.G. Leventis Foundation</r3d:institutionName>
        <r3d:institutionAdditionalName language="ell">Ίδρυμα Α. Γ. Λεβέντη</r3d:institutionAdditionalName>
        <r3d:institutionCountry>GRC</r3d:institutionCountry>
        <r3d:responsibilityType>funding</r3d:responsibilityType>
        <r3d:institutionType>non-profit</r3d:institutionType>
        <r3d:institutionURL>http://www.leventisfoundation.org/en/</r3d:institutionURL>
        <r3d:responsibilityStartDate></r3d:responsibilityStartDate>
        <r3d:responsibilityEndDate></r3d:responsibilityEndDate>
    </r3d:institution>
    <r3d:institution>
        <r3d:institutionName language="deu">Universitätsbibliothek Leipzig</r3d:institutionName>
        <r3d:institutionAdditionalName language="eng">Leipzig University Library</r3d:institutionAdditionalName>
        <r3d:institutionAdditionalName language="deu">ubl</r3d:institutionAdditionalName>
        <r3d:institutionCountry>DEU</r3d:institutionCountry>
        <r3d:responsibilityType>general</r3d:responsibilityType>
        <r3d:responsibilityType>technical</r3d:responsibilityType>
        <r3d:institutionType>non-profit</r3d:institutionType>
        <r3d:institutionURL>https://www.ub.uni-leipzig.de/start/</r3d:institutionURL>
        <r3d:responsibilityStartDate></r3d:responsibilityStartDate>
        <r3d:responsibilityEndDate></r3d:responsibilityEndDate>
        <r3d:institutionContact>https://www.ub.uni-leipzig.de/sitemaprechtliches/kontakt/</r3d:institutionContact>
    </r3d:institution>
    <r3d:institution>
        <r3d:institutionName language="eng">St. Catherines Monastery</r3d:institutionName>
        <r3d:institutionAdditionalName language="ell">Ιερά Μονή Θεοβαδίστου Όρους Σινά, Αγίας Αικατερίνης</r3d:institutionAdditionalName>
        <r3d:institutionCountry>GRC</r3d:institutionCountry>
        <r3d:responsibilityType>general</r3d:responsibilityType>
        <r3d:institutionType>non-profit</r3d:institutionType>
        <r3d:institutionURL>http://www.sinaimonastery.com/index.php/en/</r3d:institutionURL>
        <r3d:responsibilityStartDate></r3d:responsibilityStartDate>
        <r3d:responsibilityEndDate></r3d:responsibilityEndDate>
    </r3d:institution>
    <r3d:policy>
        <r3d:policyName>Transcription</r3d:policyName>
        <r3d:policyURL>http://www.codexsinaiticus.org/en/project/transcription.aspx</r3d:policyURL>
    </r3d:policy>
    <r3d:databaseAccess>
        <r3d:databaseAccessType>open</r3d:databaseAccessType>
    </r3d:databaseAccess>
    <r3d:dataAccess>
    <r3d:dataAccessType>open</r3d:dataAccessType>
    </r3d:dataAccess>
    <r3d:dataLicense>
        <r3d:dataLicenseName>CC</r3d:dataLicenseName>
        <r3d:dataLicenseURL>https://creativecommons.org/licenses/by-nc-sa/3.0/</r3d:dataLicenseURL>
    </r3d:dataLicense>
    <r3d:dataLicense>
        <r3d:dataLicenseName>other</r3d:dataLicenseName>
        <r3d:dataLicenseURL>http://www.codexsinaiticus.org/en/copyright.aspx</r3d:dataLicenseURL>
    </r3d:dataLicense>
    <r3d:dataUpload>
        <r3d:dataUploadType>restricted</r3d:dataUploadType>
        <r3d:dataUploadRestriction>institutional membership</r3d:dataUploadRestriction>
    </r3d:dataUpload>
    <r3d:software>
        <r3d:softwareName>unknown</r3d:softwareName>
    </r3d:software>
    <r3d:versioning>yes</r3d:versioning>
    <r3d:pidSystem>none</r3d:pidSystem>
    <r3d:citationGuidelineURL></r3d:citationGuidelineURL>
    <r3d:enhancedPublication>unknown</r3d:enhancedPublication>
    <r3d:qualityManagement>yes</r3d:qualityManagement>
    <r3d:metadataStandard>
      <r3d:metadataStandardName metadataStandardScheme="DCC">other</r3d:metadataStandardName>
      <r3d:metadataStandardURL>http://www.dcc.ac.uk/resources/metadata-standards/repository-developed-metadata-schemas</r3d:metadataStandardURL>
    </r3d:metadataStandard>
    <r3d:syndication syndicationType="RSS">http://www.codexsinaiticus.org/handler/newsRss.ashx</r3d:syndication>
    <r3d:remarks>Codex Sinaiticus is covered by Thomson Reuters Data Citation Index. Produced in the middle of the fourth century, the Codex is one of the two earliest Christian Bibles. (The other is the Codex Vaticanus in Rome.) Within its beautifully handwritten Greek text are the earliest surviving copy of the complete New Testament and the earliest and best copies of some of the Jewish scriptures, in the form that they were adopted by the Christian Church.</r3d:remarks>
    <r3d:entryDate>2013-12-03</r3d:entryDate>
    <r3d:lastUpdate>2017-05-23</r3d:lastUpdate>
  </r3d:repository>
</r3d:re3data>