<?xml version="1.0" encoding="utf-8"?>
<!--re3data.org Schema for the Description of Research Data Repositories. Version 2.2, December 2014. doi:10.2312/re3.006-->
<r3d:re3data xmlns:r3d="http://www.re3data.org/schema/2-2" xmlns:xsi="http://www.w3.org/2001/XMLSchema-instance" xsi:schemaLocation="http://www.re3data.org/schema/2-2 http://schema.re3data.org/2-2/re3dataV2-2.xsd">
  <r3d:repository>
    <r3d:re3data.orgIdentifier>r3d100010229</r3d:re3data.orgIdentifier>
    <r3d:repositoryName language="eng">Encyclopedia of Life</r3d:repositoryName>
    <r3d:additionalName language="eng">eol</r3d:additionalName>
    <r3d:additionalName language="eng">Global access to knowledge about life on earth</r3d:additionalName>
    <r3d:repositoryURL>http://eol.org/</r3d:repositoryURL>
    <r3d:repositoryIdentifier>RRID:nlx_149476</r3d:repositoryIdentifier>
    <r3d:repositoryIdentifier>RRID:SCR_005905</r3d:repositoryIdentifier>
    <r3d:description language="eng">Our knowledge of the many life-forms on Earth - of animals, plants, fungi, protists and bacteria - is scattered around the world in books, journals, databases, websites, specimen collections, and in the minds of people everywhere. Imagine what it would mean if this information could be gathered together and made available to everyone – anywhere – at a moment’s notice. This dream is becoming a reality through the Encyclopedia of Life.</r3d:description>
    <r3d:type>disciplinary</r3d:type>
    <r3d:type>institutional</r3d:type>
    <r3d:size updated="2017-12-06">1.335.425 pages; 10.766 collections; 3.824.301 images; 10.753.384 data;</r3d:size>
    <r3d:startDate>2008</r3d:startDate>
    <r3d:endDate></r3d:endDate>
    <r3d:repositoryLanguage>eng</r3d:repositoryLanguage>
    <r3d:repositoryLanguage>deu</r3d:repositoryLanguage>
    <r3d:repositoryLanguage>spa</r3d:repositoryLanguage>
    <r3d:repositoryLanguage>fra</r3d:repositoryLanguage>
    <r3d:repositoryLanguage>glg</r3d:repositoryLanguage>
    <r3d:repositoryLanguage>nld</r3d:repositoryLanguage>
    <r3d:repositoryLanguage>nob</r3d:repositoryLanguage>
    <r3d:repositoryLanguage>tgl</r3d:repositoryLanguage>
    <r3d:repositoryLanguage>mkd</r3d:repositoryLanguage>
    <r3d:repositoryLanguage>srp</r3d:repositoryLanguage>
    <r3d:repositoryLanguage>ara</r3d:repositoryLanguage>
    <r3d:repositoryLanguage>kor</r3d:repositoryLanguage>
    <r3d:repositoryLanguage>zho</r3d:repositoryLanguage>
    <r3d:subject subjectScheme="DFG">21 Biology</r3d:subject>
    <r3d:subject subjectScheme="DFG">23 Agriculture, Forestry, Horticulture and Veterinary Medicine</r3d:subject>
    <r3d:subject subjectScheme="DFG">34 Geosciences (including Geography)</r3d:subject>
    <r3d:subject subjectScheme="DFG">2 Life Sciences</r3d:subject>
    <r3d:subject subjectScheme="DFG">3 Natural Sciences</r3d:subject>
    <r3d:missionStatementURL>http://eol.org/about</r3d:missionStatementURL>
    <r3d:contentType contentTypeScheme="parse">Standard office documents</r3d:contentType>
    <r3d:contentType contentTypeScheme="parse">Images</r3d:contentType>
    <r3d:contentType contentTypeScheme="parse">Structured graphics</r3d:contentType>
    <r3d:contentType contentTypeScheme="parse">Audiovisual data</r3d:contentType>
    <r3d:contentType contentTypeScheme="parse">Scientific and statistical data formats</r3d:contentType>
    <r3d:contentType contentTypeScheme="parse">Plain text</r3d:contentType>
    <r3d:contentType contentTypeScheme="parse">Structured text</r3d:contentType>
    <r3d:contentType contentTypeScheme="parse">Archived data</r3d:contentType>
    <r3d:contentType contentTypeScheme="parse">Databases</r3d:contentType>
    <r3d:providerType>dataProvider</r3d:providerType>
    <r3d:providerType>serviceProvider</r3d:providerType>
    <r3d:keyword>living entity</r3d:keyword>
    <r3d:keyword>creatures</r3d:keyword>
    <r3d:keyword>taxa</r3d:keyword>
    <r3d:keyword>animals</r3d:keyword>
    <r3d:keyword>plants</r3d:keyword>
    <r3d:keyword>fish</r3d:keyword>
    <r3d:keyword>fungi</r3d:keyword>
    <r3d:keyword>mushrooms</r3d:keyword>
    <r3d:keyword>molds</r3d:keyword>
    <r3d:keyword>bacteria</r3d:keyword>
    <r3d:keyword>protists</r3d:keyword>
    <r3d:keyword>archaea</r3d:keyword>
    <r3d:keyword>viruses</r3d:keyword>
    <r3d:keyword>biodiversity</r3d:keyword>
    <r3d:keyword>classification</r3d:keyword>
    <r3d:keyword>multimedia</r3d:keyword>
    <r3d:institution>
        <r3d:institutionName language="eng">Harvard University, Museum of Comparative Zoology</r3d:institutionName>
        <r3d:institutionCountry>USA</r3d:institutionCountry>
        <r3d:responsibilityType>funding</r3d:responsibilityType>
        <r3d:responsibilityType>general</r3d:responsibilityType>
        <r3d:responsibilityType>technical</r3d:responsibilityType>
        <r3d:institutionType>non-profit</r3d:institutionType>
        <r3d:institutionURL>http://www.mcz.harvard.edu/</r3d:institutionURL>
        <r3d:responsibilityStartDate></r3d:responsibilityStartDate>
        <r3d:responsibilityEndDate></r3d:responsibilityEndDate>
        <r3d:institutionContact>http://www.mcz.harvard.edu/initiatives/eol.html</r3d:institutionContact>
    </r3d:institution>
    <r3d:institution>
        <r3d:institutionName language="eng">Missouri Botanical Garden</r3d:institutionName>
        <r3d:institutionCountry>USA</r3d:institutionCountry>
        <r3d:responsibilityType>funding</r3d:responsibilityType>
        <r3d:institutionType>non-profit</r3d:institutionType>
        <r3d:institutionURL>http://www.missouribotanicalgarden.org/</r3d:institutionURL>
        <r3d:responsibilityStartDate></r3d:responsibilityStartDate>
        <r3d:responsibilityEndDate></r3d:responsibilityEndDate>
        <r3d:institutionContact>http://www.missouribotanicalgarden.org/about/additional-information/contact-us.aspx</r3d:institutionContact>
    </r3d:institution>
    <r3d:institution>
        <r3d:institutionName language="eng">Marine Biological Laboratory</r3d:institutionName>
        <r3d:institutionAdditionalName language="eng">MBL</r3d:institutionAdditionalName>
        <r3d:institutionCountry>USA</r3d:institutionCountry>
        <r3d:responsibilityType>funding</r3d:responsibilityType>
        <r3d:responsibilityType>general</r3d:responsibilityType>
        <r3d:responsibilityType>technical</r3d:responsibilityType>
        <r3d:institutionType>non-profit</r3d:institutionType>
        <r3d:institutionURL>http://www.mbl.edu/</r3d:institutionURL>
        <r3d:responsibilityStartDate></r3d:responsibilityStartDate>
        <r3d:responsibilityEndDate></r3d:responsibilityEndDate>
        <r3d:institutionContact>http://eol.org/info/biodiversity_informatics_working_group</r3d:institutionContact>
        <r3d:institutionContact>http://www.mbl.edu/blog/eol-one-million/</r3d:institutionContact>
    </r3d:institution>
    <r3d:institution>
        <r3d:institutionName language="eng">MacArthurFoundation</r3d:institutionName>
        <r3d:institutionCountry>USA</r3d:institutionCountry>
        <r3d:responsibilityType>funding</r3d:responsibilityType>
        <r3d:institutionType>non-profit</r3d:institutionType>
        <r3d:institutionURL>https://www.macfound.org/</r3d:institutionURL>
        <r3d:responsibilityStartDate>2008</r3d:responsibilityStartDate>
        <r3d:responsibilityEndDate></r3d:responsibilityEndDate>
    </r3d:institution>
    <r3d:institution>
        <r3d:institutionName language="eng">Alfred P. Sloan Foundation</r3d:institutionName>
        <r3d:institutionCountry>USA</r3d:institutionCountry>
        <r3d:responsibilityType>funding</r3d:responsibilityType>
        <r3d:institutionType>non-profit</r3d:institutionType>
        <r3d:institutionURL>https://sloan.org/</r3d:institutionURL>
        <r3d:responsibilityStartDate></r3d:responsibilityStartDate>
        <r3d:responsibilityEndDate></r3d:responsibilityEndDate>
    </r3d:institution>
    <r3d:institution>
        <r3d:institutionName language="eng">Field Museum</r3d:institutionName>
        <r3d:institutionCountry>USA</r3d:institutionCountry>
        <r3d:responsibilityType>funding</r3d:responsibilityType>
        <r3d:institutionType>non-profit</r3d:institutionType>
        <r3d:institutionURL>https://www.fieldmuseum.org/</r3d:institutionURL>
        <r3d:responsibilityStartDate></r3d:responsibilityStartDate>
        <r3d:responsibilityEndDate></r3d:responsibilityEndDate>
    </r3d:institution>
    <r3d:institution>
        <r3d:institutionName language="eng">Smithsonian Institution</r3d:institutionName>
        <r3d:institutionCountry>USA</r3d:institutionCountry>
        <r3d:responsibilityType>funding</r3d:responsibilityType>
        <r3d:responsibilityType>general</r3d:responsibilityType>
        <r3d:responsibilityType>technical</r3d:responsibilityType>
        <r3d:institutionType>non-profit</r3d:institutionType>
        <r3d:institutionURL>https://www.si.edu/</r3d:institutionURL>
        <r3d:responsibilityStartDate></r3d:responsibilityStartDate>
        <r3d:responsibilityEndDate></r3d:responsibilityEndDate>
        <r3d:institutionContact>http://eol.org/info/secretariat</r3d:institutionContact>
        <r3d:institutionContact>http://eol.org/info/species_pages_working_group</r3d:institutionContact>
    </r3d:institution>
    <r3d:policy>
        <r3d:policyName>Copyrights and Linking Policy</r3d:policyName>
        <r3d:policyURL>http://eol.org/info/copyright_and_linking</r3d:policyURL>
    </r3d:policy>
    <r3d:policy>
        <r3d:policyName>Privacy Policy</r3d:policyName>
        <r3d:policyURL>http://eol.org/info/privacy</r3d:policyURL>
    </r3d:policy>
    <r3d:policy>
        <r3d:policyName>Terms of use</r3d:policyName>
        <r3d:policyURL>http://eol.org/info/terms_of_use</r3d:policyURL>
    </r3d:policy>
    <r3d:databaseAccess>
        <r3d:databaseAccessType>open</r3d:databaseAccessType>
    </r3d:databaseAccess>
    <r3d:databaseLicense>
        <r3d:databaseLicenseName>CC</r3d:databaseLicenseName>
        <r3d:databaseLicenseURL>https://wiki.creativecommons.org/wiki/Best_practices_for_attribution</r3d:databaseLicenseURL>
    </r3d:databaseLicense>
    <r3d:dataAccess>
    <r3d:dataAccessType>open</r3d:dataAccessType>
    </r3d:dataAccess>
    <r3d:dataLicense>
        <r3d:dataLicenseName>CC</r3d:dataLicenseName>
        <r3d:dataLicenseURL>https://wiki.creativecommons.org/wiki/Best_practices_for_attribution</r3d:dataLicenseURL>
    </r3d:dataLicense>
    <r3d:dataLicense>
        <r3d:dataLicenseName>CC</r3d:dataLicenseName>
        <r3d:dataLicenseURL>https://creativecommons.org/licenses/by/2.0/</r3d:dataLicenseURL>
    </r3d:dataLicense>
    <r3d:dataUpload>
        <r3d:dataUploadType>open</r3d:dataUploadType>
    </r3d:dataUpload>
    <r3d:software>
        <r3d:softwareName>MySQL</r3d:softwareName>
    </r3d:software>
    <r3d:versioning>yes</r3d:versioning>
    <r3d:api apiType="REST">http://eol.org/info/api_overview</r3d:api>
    <r3d:pidSystem>none</r3d:pidSystem>
    <r3d:citationGuidelineURL>http://eol.org/info/citing</r3d:citationGuidelineURL>
    <r3d:enhancedPublication>unknown</r3d:enhancedPublication>
    <r3d:qualityManagement>yes</r3d:qualityManagement>
    <r3d:remarks>The Encyclopedia of Life is an international initiative. The following institutions have signed memoranda of understanding to become part of the global EOL community: http://eol.org/info/global_partners
The Biodiversity Synthesis Group is part of the Encyclopedia of Life (EOL), an international project to develop a webpage for every known species on Earth, freely accessible to all. Based at the Biodiversity Synthesis Center (BioSynC) at the Field Museum of Natural History in Chicago, we are dedicated to advancing biodiversity science and the core EOL mission through our diverse meetings, workshops, research programs, and outreach. The other four EOL components are: The Biodiversity Informatics Group (Field Museum); the Scanning and Digitization Group (led by the Biodiversity Heritage Library); the Learning and Education Group (Harvard); the Species Pages Group (Smithsonian).
TraitBank® is a searchable, comprehensive, open digital repository for organism traits, measurements, interactions and other facts for all taxa across the tree of life. TraitBank is integrated into the fabric of EOL, and leverages its existing infrastructure for names, content organization, curation roles and search.  Data records are aggregated from databases, literature tables, and other sources.</r3d:remarks>
    <r3d:entryDate>2013-03-20</r3d:entryDate>
    <r3d:lastUpdate>2017-12-06</r3d:lastUpdate>
  </r3d:repository>
</r3d:re3data>