<?xml version="1.0" encoding="utf-8"?>
<!--re3data.org Schema for the Description of Research Data Repositories. Version 2.2, December 2014. doi:10.2312/re3.006-->
<r3d:re3data xmlns:r3d="http://www.re3data.org/schema/2-2" xmlns:xsi="http://www.w3.org/2001/XMLSchema-instance" xsi:schemaLocation="http://www.re3data.org/schema/2-2 http://schema.re3data.org/2-2/re3dataV2-2.xsd">
  <r3d:repository>
    <r3d:re3data.orgIdentifier>r3d100010526</r3d:re3data.orgIdentifier>
    <r3d:repositoryName language="eng">Keck Observatory Archive</r3d:repositoryName>
    <r3d:additionalName language="eng">KOA</r3d:additionalName>
    <r3d:repositoryURL>http://nexsci.caltech.edu/archives/koa/</r3d:repositoryURL>
    <r3d:description language="eng">The Keck Observatory Archive (KOA)is a collaboration between the NASA Exoplanet Science Institute (NExScI) and the W. M. Keck Observatory (WMKO). This collaboration is founded by the NASA. KOA has been archiving data from the High Resolution Echelle Spectrograph (HIRES) since August 2004 and data acquired with the Near InfraRed echelle SPECtrograph (NIRSPEC) since May 2010. The archived data extend back to 1994 for HIRES and 1999 for NIRSPEC. The W. M. Keck Observatory Archive (KOA) ingests and curates data from the following instruments: DEIMOS, ESI, HIRES, KI, LRIS, MOSFIRE, NIRC2, and NIRSPEC.</r3d:description>
    <r3d:type>disciplinary</r3d:type>
    <r3d:size updated=""></r3d:size>
    <r3d:startDate>2004</r3d:startDate>
    <r3d:endDate></r3d:endDate>
    <r3d:repositoryLanguage>eng</r3d:repositoryLanguage>
    <r3d:subject subjectScheme="DFG">34 Geosciences (including Geography)</r3d:subject>
    <r3d:subject subjectScheme="DFG">31501 Geophysics</r3d:subject>
    <r3d:subject subjectScheme="DFG">31101 Astrophysics and Astronomy</r3d:subject>
    <r3d:subject subjectScheme="DFG">3 Natural Sciences</r3d:subject>
    <r3d:subject subjectScheme="DFG">315 Geophysics and Geodesy</r3d:subject>
    <r3d:subject subjectScheme="DFG">311 Astrophysics and Astronomy</r3d:subject>
    <r3d:subject subjectScheme="DFG">32 Physics</r3d:subject>
    <r3d:missionStatementURL>http://nexsci.caltech.edu/missions/</r3d:missionStatementURL>
    <r3d:contentType contentTypeScheme="parse">Standard office documents</r3d:contentType>
    <r3d:contentType contentTypeScheme="parse">Plain text</r3d:contentType>
    <r3d:contentType contentTypeScheme="parse">Raw data</r3d:contentType>
    <r3d:contentType contentTypeScheme="parse">Images</r3d:contentType>
    <r3d:contentType contentTypeScheme="parse">Structured graphics</r3d:contentType>
    <r3d:contentType contentTypeScheme="parse">Archived data</r3d:contentType>
    <r3d:providerType>dataProvider</r3d:providerType>
    <r3d:keyword>astronomy</r3d:keyword>
    <r3d:keyword>optical interferometry</r3d:keyword>
    <r3d:keyword>aeronautics</r3d:keyword>
    <r3d:keyword>space</r3d:keyword>
    <r3d:keyword>universe</r3d:keyword>
    <r3d:keyword>planets</r3d:keyword>
    <r3d:keyword>jet propulsion</r3d:keyword>
    <r3d:keyword>astronomical observatory</r3d:keyword>
    <r3d:keyword>spectroscopy</r3d:keyword>
    <r3d:keyword>CCD</r3d:keyword>
    <r3d:keyword>wavelength-calibrated spectra</r3d:keyword>
    <r3d:keyword>HIRES</r3d:keyword>
    <r3d:keyword>NIRSPEC</r3d:keyword>
    <r3d:keyword>NIRC2</r3d:keyword>
    <r3d:keyword>LRIS</r3d:keyword>
    <r3d:keyword>MOSFIRE</r3d:keyword>
    <r3d:institution>
        <r3d:institutionName language="eng">W.M.Keck Observatory</r3d:institutionName>
        <r3d:institutionAdditionalName language="eng">WMKO</r3d:institutionAdditionalName>
        <r3d:institutionCountry>USA</r3d:institutionCountry>
        <r3d:responsibilityType>general</r3d:responsibilityType>
        <r3d:institutionType>non-profit</r3d:institutionType>
        <r3d:institutionURL>http://www.keckobservatory.org/</r3d:institutionURL>
        <r3d:responsibilityStartDate></r3d:responsibilityStartDate>
        <r3d:responsibilityEndDate></r3d:responsibilityEndDate>
        <r3d:institutionContact>http://www.keckobservatory.org/about/contact</r3d:institutionContact>
    </r3d:institution>
    <r3d:institution>
        <r3d:institutionName language="eng">California Institute of Technology</r3d:institutionName>
        <r3d:institutionAdditionalName language="eng">CALTECH</r3d:institutionAdditionalName>
        <r3d:institutionCountry>USA</r3d:institutionCountry>
        <r3d:responsibilityType>technical</r3d:responsibilityType>
        <r3d:institutionType>non-profit</r3d:institutionType>
        <r3d:institutionURL>http://www.caltech.edu/</r3d:institutionURL>
        <r3d:responsibilityStartDate></r3d:responsibilityStartDate>
        <r3d:responsibilityEndDate></r3d:responsibilityEndDate>
    </r3d:institution>
    <r3d:institution>
        <r3d:institutionName language="eng">NASA Exoplanet Science Institute</r3d:institutionName>
        <r3d:institutionAdditionalName language="eng">NExScI</r3d:institutionAdditionalName>
        <r3d:institutionCountry>USA</r3d:institutionCountry>
        <r3d:responsibilityType>general</r3d:responsibilityType>
        <r3d:responsibilityType>technical</r3d:responsibilityType>
        <r3d:institutionType>non-profit</r3d:institutionType>
        <r3d:institutionURL>http://nexsci.caltech.edu/</r3d:institutionURL>
        <r3d:responsibilityStartDate></r3d:responsibilityStartDate>
        <r3d:responsibilityEndDate></r3d:responsibilityEndDate>
        <r3d:institutionContact>http://nexsci.caltech.edu/about/</r3d:institutionContact>
    </r3d:institution>
    <r3d:institution>
        <r3d:institutionName language="eng">Jet Propulsion Laboratory</r3d:institutionName>
        <r3d:institutionAdditionalName language="eng">JPL</r3d:institutionAdditionalName>
        <r3d:institutionCountry>USA</r3d:institutionCountry>
        <r3d:responsibilityType>technical</r3d:responsibilityType>
        <r3d:institutionType>non-profit</r3d:institutionType>
        <r3d:institutionURL>https://www.jpl.nasa.gov/</r3d:institutionURL>
        <r3d:responsibilityStartDate></r3d:responsibilityStartDate>
        <r3d:responsibilityEndDate></r3d:responsibilityEndDate>
    </r3d:institution>
    <r3d:institution>
        <r3d:institutionName language="eng">NASA</r3d:institutionName>
        <r3d:institutionAdditionalName language="eng">National Aeronautics and Space Administration</r3d:institutionAdditionalName>
        <r3d:institutionCountry>USA</r3d:institutionCountry>
        <r3d:responsibilityType>funding</r3d:responsibilityType>
        <r3d:institutionType>non-profit</r3d:institutionType>
        <r3d:institutionURL>https://www.nasa.gov/</r3d:institutionURL>
        <r3d:responsibilityStartDate></r3d:responsibilityStartDate>
        <r3d:responsibilityEndDate></r3d:responsibilityEndDate>
    </r3d:institution>
    <r3d:policy>
        <r3d:policyName>KOA Data Release Policy</r3d:policyName>
        <r3d:policyURL>https://koa.ipac.caltech.edu/UserGuide/proprietary_policy.html</r3d:policyURL>
    </r3d:policy>
    <r3d:policy>
        <r3d:policyName>KOA Privacy Policy</r3d:policyName>
        <r3d:policyURL>https://koa.ipac.caltech.edu/privacy.html</r3d:policyURL>
    </r3d:policy>
    <r3d:databaseAccess>
        <r3d:databaseAccessType>open</r3d:databaseAccessType>
    </r3d:databaseAccess>
    <r3d:dataAccess>
    <r3d:dataAccessType>open</r3d:dataAccessType>
    </r3d:dataAccess>
    <r3d:dataAccess>
    <r3d:dataAccessType>restricted</r3d:dataAccessType>
    <r3d:dataAccessRestriction>registration</r3d:dataAccessRestriction>
    </r3d:dataAccess>
    <r3d:dataLicense>
        <r3d:dataLicenseName>other</r3d:dataLicenseName>
        <r3d:dataLicenseURL>https://koa.ipac.caltech.edu/UserGuide/proprietary_policy.html</r3d:dataLicenseURL>
    </r3d:dataLicense>
    <r3d:dataUpload>
        <r3d:dataUploadType>closed</r3d:dataUploadType>
    </r3d:dataUpload>
    <r3d:software>
        <r3d:softwareName>unknown</r3d:softwareName>
    </r3d:software>
    <r3d:versioning>yes</r3d:versioning>
    <r3d:pidSystem>none</r3d:pidSystem>
    <r3d:citationGuidelineURL>https://koa.ipac.caltech.edu/acknowledge.html</r3d:citationGuidelineURL>
    <r3d:enhancedPublication>unknown</r3d:enhancedPublication>
    <r3d:qualityManagement>yes</r3d:qualityManagement>
    <r3d:remarks>The archived data extend back to 1994 for HIRES and 1999 for NIRSPEC.</r3d:remarks>
    <r3d:entryDate>2013-07-10</r3d:entryDate>
    <r3d:lastUpdate>2017-03-06</r3d:lastUpdate>
  </r3d:repository>
</r3d:re3data>