<?xml version="1.0" encoding="utf-8"?>
<!--re3data.org Schema for the Description of Research Data Repositories. Version 2.2, December 2014. doi:10.2312/re3.006-->
<r3d:re3data xmlns:r3d="http://www.re3data.org/schema/2-2" xmlns:xsi="http://www.w3.org/2001/XMLSchema-instance" xsi:schemaLocation="http://www.re3data.org/schema/2-2 http://schema.re3data.org/2-2/re3dataV2-2.xsd">
  <r3d:repository>
    <r3d:re3data.orgIdentifier>r3d100010192</r3d:re3data.orgIdentifier>
    <r3d:repositoryName language="eng">British Oceanographic Data Centre</r3d:repositoryName>
    <r3d:additionalName language="eng">BODC</r3d:additionalName>
    <r3d:repositoryURL>http://www.bodc.ac.uk/</r3d:repositoryURL>
    <r3d:description language="eng">The British Oceanographic Data Centre (BODC) is a national facility for looking after and distributing data concerning the marine environmentWe deal with biological, chemical, physical and geophysical data, and our databases contain measurements of nearly 22,000 different variables. Many of our staff have direct experience of marine data collection and analysis. They work alongside information technology specialists to ensure that data are documented and stored for current and future use.</r3d:description>
    <r3d:repositoryContact>http://www.bodc.ac.uk/about/contact_us/</r3d:repositoryContact>
    <r3d:repositoryContact>enquiries@bodc.ac.uk</r3d:repositoryContact>
    <r3d:type>institutional</r3d:type>
    <r3d:size updated="2015-02-13">89775 data series</r3d:size>
    <r3d:startDate>1989</r3d:startDate>
    <r3d:endDate></r3d:endDate>
    <r3d:repositoryLanguage>eng</r3d:repositoryLanguage>
    <r3d:subject subjectScheme="DFG">313 Atmospheric Science and Oceanography</r3d:subject>
    <r3d:subject subjectScheme="DFG">34 Geosciences (including Geography)</r3d:subject>
    <r3d:subject subjectScheme="DFG">3 Natural Sciences</r3d:subject>
    <r3d:subject subjectScheme="DFG">31302 Oceanography</r3d:subject>
    <r3d:missionStatementURL>http://www.bodc.ac.uk/about/what_is_bodc/</r3d:missionStatementURL>
    <r3d:contentType contentTypeScheme="parse">Standard office documents</r3d:contentType>
    <r3d:contentType contentTypeScheme="parse">Images</r3d:contentType>
    <r3d:contentType contentTypeScheme="parse">Structured graphics</r3d:contentType>
    <r3d:contentType contentTypeScheme="parse">Scientific and statistical data formats</r3d:contentType>
    <r3d:contentType contentTypeScheme="parse">Raw data</r3d:contentType>
    <r3d:contentType contentTypeScheme="parse">Archived data</r3d:contentType>
    <r3d:providerType>dataProvider</r3d:providerType>
    <r3d:keyword>acoustics</r3d:keyword>
    <r3d:keyword>bathymetry</r3d:keyword>
    <r3d:keyword>topography</r3d:keyword>
    <r3d:keyword>currents</r3d:keyword>
    <r3d:keyword>meteorology</r3d:keyword>
    <r3d:keyword>optical properties</r3d:keyword>
    <r3d:keyword>sea level</r3d:keyword>
    <r3d:keyword>water column</r3d:keyword>
    <r3d:keyword>waves</r3d:keyword>
    <r3d:keyword>tide</r3d:keyword>
    <r3d:keyword>argo floats</r3d:keyword>
    <r3d:keyword>World Ocean Circulation Experiment (WOCE)</r3d:keyword>
    <r3d:keyword>Joint Global Ocean Flux Study</r3d:keyword>
    <r3d:keyword>JGOFS</r3d:keyword>
    <r3d:institution>
        <r3d:institutionName language="eng">British Oceanographic Data Centre</r3d:institutionName>
        <r3d:institutionAdditionalName language="eng">BODC</r3d:institutionAdditionalName>
        <r3d:institutionCountry>GBR</r3d:institutionCountry>
        <r3d:responsibilityType>general</r3d:responsibilityType>
        <r3d:institutionType>non-profit</r3d:institutionType>
        <r3d:institutionURL>http://www.bodc.ac.uk/</r3d:institutionURL>
        <r3d:responsibilityStartDate>1989</r3d:responsibilityStartDate>
        <r3d:responsibilityEndDate></r3d:responsibilityEndDate>
        <r3d:institutionContact>http://www.bodc.ac.uk/about/contact_us/</r3d:institutionContact>
    </r3d:institution>
    <r3d:institution>
        <r3d:institutionName language="eng">National Oceanography Centre, Liverpool Site</r3d:institutionName>
        <r3d:institutionAdditionalName language="eng">NOC</r3d:institutionAdditionalName>
        <r3d:institutionCountry>GBR</r3d:institutionCountry>
        <r3d:responsibilityType>technical</r3d:responsibilityType>
        <r3d:institutionType>non-profit</r3d:institutionType>
        <r3d:institutionURL>http://noc.ac.uk/</r3d:institutionURL>
        <r3d:responsibilityStartDate>2010</r3d:responsibilityStartDate>
        <r3d:responsibilityEndDate></r3d:responsibilityEndDate>
    </r3d:institution>
    <r3d:institution>
        <r3d:institutionName language="eng">Natural Environment Research Council</r3d:institutionName>
        <r3d:institutionAdditionalName language="eng">NERC</r3d:institutionAdditionalName>
        <r3d:institutionCountry>GBR</r3d:institutionCountry>
        <r3d:responsibilityType>funding</r3d:responsibilityType>
        <r3d:institutionType>non-profit</r3d:institutionType>
        <r3d:institutionURL>http://www.nerc.ac.uk</r3d:institutionURL>
        <r3d:responsibilityStartDate></r3d:responsibilityStartDate>
        <r3d:responsibilityEndDate></r3d:responsibilityEndDate>
    </r3d:institution>
    <r3d:policy>
        <r3d:policyName>Data policy</r3d:policyName>
        <r3d:policyURL>http://www.bodc.ac.uk/projects/uk/mfmb/data_policy/</r3d:policyURL>
    </r3d:policy>
    <r3d:policy>
        <r3d:policyName>Accessibility</r3d:policyName>
        <r3d:policyURL>https://www.bodc.ac.uk/resources/help_and_hints/using_this_web_site/accessibility/</r3d:policyURL>
    </r3d:policy>
    <r3d:databaseAccess>
        <r3d:databaseAccessType>open</r3d:databaseAccessType>
    </r3d:databaseAccess>
    <r3d:dataAccess>
    <r3d:dataAccessType>restricted</r3d:dataAccessType>
    <r3d:dataAccessRestriction>other</r3d:dataAccessRestriction>
    </r3d:dataAccess>
    <r3d:dataAccess>
    <r3d:dataAccessType>closed</r3d:dataAccessType>
    </r3d:dataAccess>
    <r3d:dataLicense>
        <r3d:dataLicenseName>Copyrights</r3d:dataLicenseName>
        <r3d:dataLicenseURL>http://www.bodc.ac.uk/help_and_hints/using_this_web_site/copyright/</r3d:dataLicenseURL>
    </r3d:dataLicense>
    <r3d:dataLicense>
        <r3d:dataLicenseName>Copyrights</r3d:dataLicenseName>
        <r3d:dataLicenseURL>http://www.bodc.ac.uk/help_and_hints/using_this_web_site/picture_copyrights/</r3d:dataLicenseURL>
    </r3d:dataLicense>
    <r3d:dataUpload>
        <r3d:dataUploadType>restricted</r3d:dataUploadType>
        <r3d:dataUploadRestriction>registration</r3d:dataUploadRestriction>
    </r3d:dataUpload>
    <r3d:dataUploadLicense>
        <r3d:dataUploadLicenseName>submission guides</r3d:dataUploadLicenseName>
        <r3d:dataUploadLicenseURL>https://www.bodc.ac.uk/data/data_submission/</r3d:dataUploadLicenseURL>
    </r3d:dataUploadLicense>
    <r3d:software>
        <r3d:softwareName>unknown</r3d:softwareName>
    </r3d:software>
    <r3d:versioning>yes</r3d:versioning>
    <r3d:api apiType="NetCDF">https://www.bodc.ac.uk/resources/delivery_formats/qxf_format/</r3d:api>
    <r3d:pidSystem>DOI</r3d:pidSystem>
    <r3d:citationGuidelineURL></r3d:citationGuidelineURL>
    <r3d:enhancedPublication>yes</r3d:enhancedPublication>
    <r3d:qualityManagement>yes</r3d:qualityManagement>
    <r3d:metadataStandard>
      <r3d:metadataStandardName metadataStandardScheme="DCC">Dublin Core</r3d:metadataStandardName>
      <r3d:metadataStandardURL>http://www.dcc.ac.uk/resources/metadata-standards/dublin-core</r3d:metadataStandardURL>
    </r3d:metadataStandard>
    <r3d:metadataStandard>
      <r3d:metadataStandardName metadataStandardScheme="DCC">FGDC/CSDGM - Federal Geographic Data Committee Content Standard for Digital Geospatial Metadata</r3d:metadataStandardName>
      <r3d:metadataStandardURL>http://www.dcc.ac.uk/resources/metadata-standards/fgdccsdgm-federal-geographic-data-committee-content-standard-digital-ge</r3d:metadataStandardURL>
    </r3d:metadataStandard>
    <r3d:metadataStandard>
      <r3d:metadataStandardName metadataStandardScheme="DCC">DIF - Directory Interchange Format</r3d:metadataStandardName>
      <r3d:metadataStandardURL>http://www.dcc.ac.uk/resources/metadata-standards/dif-directory-interchange-format</r3d:metadataStandardURL>
    </r3d:metadataStandard>
    <r3d:remarks>BODC is covered by SCOPUS. BODC is one of the Data Centres of NERC, http://www.nerc.ac.uk/research/sites/data/</r3d:remarks>
    <r3d:entryDate>2013-02-01</r3d:entryDate>
    <r3d:lastUpdate>2018-01-15</r3d:lastUpdate>
  </r3d:repository>
</r3d:re3data>