<?xml version="1.0" encoding="utf-8"?>
<!--re3data.org Schema for the Description of Research Data Repositories. Version 2.2, December 2014. doi:10.2312/re3.006-->
<r3d:re3data xmlns:r3d="http://www.re3data.org/schema/2-2" xmlns:xsi="http://www.w3.org/2001/XMLSchema-instance" xsi:schemaLocation="http://www.re3data.org/schema/2-2 http://schema.re3data.org/2-2/re3dataV2-2.xsd">
  <r3d:repository>
    <r3d:re3data.orgIdentifier>r3d100010524</r3d:re3data.orgIdentifier>
    <r3d:repositoryName language="eng">NASA Exoplanet Archive</r3d:repositoryName>
    <r3d:repositoryURL>https://exoplanetarchive.ipac.caltech.edu/</r3d:repositoryURL>
    <r3d:description language="eng">The NASA Exoplanet Archive collects and serves public data to support the search for and characterization of extra-solar planets (exoplanets) and their host stars. The data include published light curves, images, spectra and parameters, and time-series data from surveys that aim to discover transiting exoplanets. Tools are provided to work with the data, particularly the display and analysis of transit data sets from Kepler and CoRoT. All data are validated by the Exoplanet Archive science staff and traced to their sources. The Exoplanet Archive is the U.S. data portal for the CoRoT mission.</r3d:description>
    <r3d:repositoryContact>https://exoplanetarchive.ipac.caltech.edu/cgi-bin/Helpdesk/nph-genTicketForm</r3d:repositoryContact>
    <r3d:type>disciplinary</r3d:type>
    <r3d:type>institutional</r3d:type>
    <r3d:size updated="2017-07-11">3.498 confirmed plantes, 582 mulit-planet-Systems, 4.496 Kepler candidates</r3d:size>
    <r3d:startDate>2011-12</r3d:startDate>
    <r3d:endDate></r3d:endDate>
    <r3d:repositoryLanguage>eng</r3d:repositoryLanguage>
    <r3d:subject subjectScheme="DFG">311 Astrophysics and Astronomy</r3d:subject>
    <r3d:subject subjectScheme="DFG">32 Physics</r3d:subject>
    <r3d:subject subjectScheme="DFG">3 Natural Sciences</r3d:subject>
    <r3d:missionStatementURL>https://exoplanetarchive.ipac.caltech.edu/docs/intro.html</r3d:missionStatementURL>
    <r3d:contentType contentTypeScheme="parse">Networkbased data</r3d:contentType>
    <r3d:contentType contentTypeScheme="parse">Images</r3d:contentType>
    <r3d:contentType contentTypeScheme="parse">Audiovisual data</r3d:contentType>
    <r3d:contentType contentTypeScheme="parse">Scientific and statistical data formats</r3d:contentType>
    <r3d:contentType contentTypeScheme="parse">Raw data</r3d:contentType>
    <r3d:contentType contentTypeScheme="parse">Plain text</r3d:contentType>
    <r3d:contentType contentTypeScheme="parse">Software applications</r3d:contentType>
    <r3d:providerType>dataProvider</r3d:providerType>
    <r3d:keyword>stellar astronomy</r3d:keyword>
    <r3d:keyword>exoplanetology</r3d:keyword>
    <r3d:keyword>orbit</r3d:keyword>
    <r3d:keyword>photometric light curves</r3d:keyword>
    <r3d:institution>
        <r3d:institutionName language="eng">NASA Exoplanet Science Institute</r3d:institutionName>
        <r3d:institutionAdditionalName language="eng">NExSci</r3d:institutionAdditionalName>
        <r3d:institutionCountry>USA</r3d:institutionCountry>
        <r3d:responsibilityType>general</r3d:responsibilityType>
        <r3d:institutionType>non-profit</r3d:institutionType>
        <r3d:institutionURL>http://nexsci.caltech.edu/</r3d:institutionURL>
        <r3d:responsibilityStartDate></r3d:responsibilityStartDate>
        <r3d:responsibilityEndDate></r3d:responsibilityEndDate>
        <r3d:institutionContact>http://nexsci.caltech.edu/cgi-bin/helpdesk/helpdesk.cgi</r3d:institutionContact>
    </r3d:institution>
    <r3d:institution>
        <r3d:institutionName language="eng">California Institute of Technology, Infrared Processing and Analysis Center</r3d:institutionName>
        <r3d:institutionAdditionalName language="eng">IPAC</r3d:institutionAdditionalName>
        <r3d:institutionCountry>USA</r3d:institutionCountry>
        <r3d:responsibilityType>technical</r3d:responsibilityType>
        <r3d:institutionType>non-profit</r3d:institutionType>
        <r3d:institutionURL>http://www.ipac.caltech.edu/</r3d:institutionURL>
        <r3d:responsibilityStartDate></r3d:responsibilityStartDate>
        <r3d:responsibilityEndDate></r3d:responsibilityEndDate>
        <r3d:institutionContact>http://www.ipac.caltech.edu/page/contact</r3d:institutionContact>
    </r3d:institution>
    <r3d:institution>
        <r3d:institutionName language="eng">National Aeronautics and Space Administration</r3d:institutionName>
        <r3d:institutionAdditionalName language="eng">NASA</r3d:institutionAdditionalName>
        <r3d:institutionCountry>USA</r3d:institutionCountry>
        <r3d:responsibilityType>funding</r3d:responsibilityType>
        <r3d:institutionType>non-profit</r3d:institutionType>
        <r3d:institutionURL>https://www.nasa.gov/</r3d:institutionURL>
        <r3d:responsibilityStartDate></r3d:responsibilityStartDate>
        <r3d:responsibilityEndDate></r3d:responsibilityEndDate>
        <r3d:institutionContact>https://exoplanetarchive.ipac.caltech.edu/cgi-bin/Helpdesk/nph-genTicketForm</r3d:institutionContact>
    </r3d:institution>
    <r3d:institution>
        <r3d:institutionName language="eng">California Institute of Technology, Jet Propulsion Laboratory</r3d:institutionName>
        <r3d:institutionAdditionalName language="eng">JPL</r3d:institutionAdditionalName>
        <r3d:institutionCountry>USA</r3d:institutionCountry>
        <r3d:responsibilityType>technical</r3d:responsibilityType>
        <r3d:institutionType>non-profit</r3d:institutionType>
        <r3d:institutionURL>https://www.jpl.nasa.gov/</r3d:institutionURL>
        <r3d:responsibilityStartDate></r3d:responsibilityStartDate>
        <r3d:responsibilityEndDate></r3d:responsibilityEndDate>
        <r3d:institutionContact>https://www.jpl.nasa.gov/contact_JPL.php</r3d:institutionContact>
    </r3d:institution>
    <r3d:policy>
        <r3d:policyName>Privacy policy</r3d:policyName>
        <r3d:policyURL>http://www.ipac.caltech.edu/page/privacy</r3d:policyURL>
    </r3d:policy>
    <r3d:databaseAccess>
        <r3d:databaseAccessType>open</r3d:databaseAccessType>
    </r3d:databaseAccess>
    <r3d:dataAccess>
    <r3d:dataAccessType>open</r3d:dataAccessType>
    </r3d:dataAccess>
    <r3d:dataLicense>
        <r3d:dataLicenseName>other</r3d:dataLicenseName>
        <r3d:dataLicenseURL>https://pmm.nasa.gov/image-use-policy</r3d:dataLicenseURL>
    </r3d:dataLicense>
    <r3d:dataUpload>
        <r3d:dataUploadType>restricted</r3d:dataUploadType>
        <r3d:dataUploadRestriction>registration</r3d:dataUploadRestriction>
    </r3d:dataUpload>
    <r3d:dataUploadLicense>
        <r3d:dataUploadLicenseName>How to Contribute Data to the NASA Exoplanet Archive</r3d:dataUploadLicenseName>
        <r3d:dataUploadLicenseURL>https://exoplanetarchive.ipac.caltech.edu/docs/contribute_data.html</r3d:dataUploadLicenseURL>
    </r3d:dataUploadLicense>
    <r3d:versioning>yes</r3d:versioning>
    <r3d:api apiType="other">https://exoplanetarchive.ipac.caltech.edu/applications/DocSet/index.html?doctree=/docs/docmenu.xml&amp;startdoc=item_1_01</r3d:api>
    <r3d:pidSystem>none</r3d:pidSystem>
    <r3d:citationGuidelineURL>https://exoplanetarchive.ipac.caltech.edu/docs/intro.html#ack</r3d:citationGuidelineURL>
    <r3d:enhancedPublication>unknown</r3d:enhancedPublication>
    <r3d:qualityManagement>unknown</r3d:qualityManagement>
    <r3d:remarks>NExScI is sponsored by NASA&#039;s Origins Theme and Exoplanet Exploration Program, and operated at IPAC by the California Institute of Technology (Caltech) in coordination with NASA&#039;s Jet Propulsion Laboratory (JPL).</r3d:remarks>
    <r3d:entryDate>2013-10-31</r3d:entryDate>
    <r3d:lastUpdate>2017-07-11</r3d:lastUpdate>
  </r3d:repository>
</r3d:re3data>