<?xml version="1.0" encoding="utf-8"?>
<!--re3data.org Schema for the Description of Research Data Repositories. Version 2.2, December 2014. doi:10.2312/re3.006-->
<r3d:re3data xmlns:r3d="http://www.re3data.org/schema/2-2" xmlns:xsi="http://www.w3.org/2001/XMLSchema-instance" xsi:schemaLocation="http://www.re3data.org/schema/2-2 http://schema.re3data.org/2-2/re3dataV2-2.xsd">
  <r3d:repository>
    <r3d:re3data.orgIdentifier>r3d100010238</r3d:re3data.orgIdentifier>
    <r3d:repositoryName language="deu">Flora von Frankfurt am Main</r3d:repositoryName>
    <r3d:additionalName language="deu">Flora-Frankfurt</r3d:additionalName>
    <r3d:repositoryURL>http://www.flora-frankfurt.de/</r3d:repositoryURL>
    <r3d:description language="eng">Here you will find information about the diversity of plants, the distribution and ecology as well as the history of the plant species in Frankfurt.</r3d:description>
    <r3d:repositoryContact>http://flora-frankfurt.senckenberg.de/root/index.php?page_id=11</r3d:repositoryContact>
    <r3d:type>disciplinary</r3d:type>
    <r3d:size updated="2016-08-15">1.800 plant species; 1.315 species portraits; 110.868 records</r3d:size>
    <r3d:startDate>2009</r3d:startDate>
    <r3d:endDate></r3d:endDate>
    <r3d:repositoryLanguage>deu</r3d:repositoryLanguage>
    <r3d:subject subjectScheme="DFG">202 Plant Sciences</r3d:subject>
    <r3d:subject subjectScheme="DFG">21 Biology</r3d:subject>
    <r3d:subject subjectScheme="DFG">2 Life Sciences</r3d:subject>
    <r3d:missionStatementURL>http://www.flora-frankfurt.de/</r3d:missionStatementURL>
    <r3d:contentType contentTypeScheme="parse">Standard office documents</r3d:contentType>
    <r3d:contentType contentTypeScheme="parse">Images</r3d:contentType>
    <r3d:contentType contentTypeScheme="parse">Structured graphics</r3d:contentType>
    <r3d:contentType contentTypeScheme="parse">Scientific and statistical data formats</r3d:contentType>
    <r3d:contentType contentTypeScheme="parse">Plain text</r3d:contentType>
    <r3d:providerType>dataProvider</r3d:providerType>
    <r3d:keyword>plant</r3d:keyword>
    <r3d:keyword>flora</r3d:keyword>
    <r3d:keyword>biotop maping</r3d:keyword>
    <r3d:keyword>neophyten</r3d:keyword>
    <r3d:keyword>rank growth</r3d:keyword>
    <r3d:keyword>proptected species</r3d:keyword>
    <r3d:keyword>list of species</r3d:keyword>
    <r3d:keyword>botany</r3d:keyword>
    <r3d:keyword>plant ecology</r3d:keyword>
    <r3d:keyword>biodiversity</r3d:keyword>
    <r3d:institution>
        <r3d:institutionName language="deu">Biodiversität und Klima Forschungszentrum</r3d:institutionName>
        <r3d:institutionAdditionalName language="deu">BiK-F</r3d:institutionAdditionalName>
        <r3d:institutionCountry>DEU</r3d:institutionCountry>
        <r3d:responsibilityType>general</r3d:responsibilityType>
        <r3d:responsibilityType>sponsoring</r3d:responsibilityType>
        <r3d:institutionType>non-profit</r3d:institutionType>
        <r3d:institutionURL>http://www.bik-f.de/</r3d:institutionURL>
        <r3d:responsibilityStartDate>2009</r3d:responsibilityStartDate>
        <r3d:responsibilityEndDate></r3d:responsibilityEndDate>
        <r3d:institutionContact>http://www.bik-f.de/root/index.php?page_id=15</r3d:institutionContact>
    </r3d:institution>
    <r3d:institution>
        <r3d:institutionName language="deu">Senckenberg Forschungsinstitut und Naturmuseum Frankfurt a. M., Abteilungg Botanik und molekuare Evolutionsforschung</r3d:institutionName>
        <r3d:institutionAdditionalName language="deu">Senckenberg Forschung</r3d:institutionAdditionalName>
        <r3d:institutionCountry>DEU</r3d:institutionCountry>
        <r3d:responsibilityType>funding</r3d:responsibilityType>
        <r3d:responsibilityType>general</r3d:responsibilityType>
        <r3d:responsibilityType>technical</r3d:responsibilityType>
        <r3d:institutionType>non-profit</r3d:institutionType>
        <r3d:institutionURL>http://www.senckenberg.de/root/index.php?page_id=4384</r3d:institutionURL>
        <r3d:responsibilityStartDate>2009</r3d:responsibilityStartDate>
        <r3d:responsibilityEndDate></r3d:responsibilityEndDate>
        <r3d:institutionContact>http://www.senckenberg.de/root/index.php?page_id=16541</r3d:institutionContact>
        <r3d:institutionContact>biotopkartierung@senckenberg.de</r3d:institutionContact>
    </r3d:institution>
    <r3d:institution>
        <r3d:institutionName language="deu">Frankfurt.de, Umweltamt</r3d:institutionName>
        <r3d:institutionCountry>DEU</r3d:institutionCountry>
        <r3d:responsibilityType>funding</r3d:responsibilityType>
        <r3d:responsibilityType>general</r3d:responsibilityType>
        <r3d:institutionType>non-profit</r3d:institutionType>
        <r3d:institutionURL>http://www.frankfurt.de/sixcms/detail.php?id=2805&amp;_ffmpar[_id_inhalt]=6339434</r3d:institutionURL>
        <r3d:responsibilityStartDate>2009</r3d:responsibilityStartDate>
        <r3d:responsibilityEndDate></r3d:responsibilityEndDate>
        <r3d:institutionContact>umwelttelefon@stadt-frankfurt.de</r3d:institutionContact>
    </r3d:institution>
    <r3d:institution>
        <r3d:institutionName language="deu">Goethe Universität Frankfurt am Main</r3d:institutionName>
        <r3d:institutionAdditionalName language="deu">Goethe-Universität</r3d:institutionAdditionalName>
        <r3d:institutionAdditionalName language="eng">Goethe University Frankfurt</r3d:institutionAdditionalName>
        <r3d:institutionCountry>DEU</r3d:institutionCountry>
        <r3d:responsibilityType>general</r3d:responsibilityType>
        <r3d:responsibilityType>sponsoring</r3d:responsibilityType>
        <r3d:institutionType>non-profit</r3d:institutionType>
        <r3d:institutionURL>http://www.goethe-university-frankfurt.de/en?locale=en</r3d:institutionURL>
        <r3d:responsibilityStartDate>2009</r3d:responsibilityStartDate>
        <r3d:responsibilityEndDate></r3d:responsibilityEndDate>
        <r3d:institutionContact>http://www.uni-frankfurt.de/impressum</r3d:institutionContact>
    </r3d:institution>
    <r3d:policy>
        <r3d:policyName>Haftungsausschluss</r3d:policyName>
        <r3d:policyURL>http://flora-frankfurt.senckenberg.de/root/index.php?page_id=10</r3d:policyURL>
    </r3d:policy>
    <r3d:policy>
        <r3d:policyName>Datenbankgrundlage</r3d:policyName>
        <r3d:policyURL>http://flora-frankfurt.senckenberg.de/root/index.php?page_id=7</r3d:policyURL>
    </r3d:policy>
    <r3d:databaseAccess>
        <r3d:databaseAccessType>open</r3d:databaseAccessType>
    </r3d:databaseAccess>
    <r3d:dataAccess>
    <r3d:dataAccessType>open</r3d:dataAccessType>
    </r3d:dataAccess>
    <r3d:dataLicense>
        <r3d:dataLicenseName>Copyrights</r3d:dataLicenseName>
        <r3d:dataLicenseURL>http://flora-frankfurt.senckenberg.de/root/index.php?page_id=9</r3d:dataLicenseURL>
    </r3d:dataLicense>
    <r3d:dataUpload>
        <r3d:dataUploadType>restricted</r3d:dataUploadType>
        <r3d:dataUploadRestriction>registration</r3d:dataUploadRestriction>
    </r3d:dataUpload>
    <r3d:dataUploadLicense>
        <r3d:dataUploadLicenseName>Fund melden</r3d:dataUploadLicenseName>
        <r3d:dataUploadLicenseURL>http://flora-frankfurt.senckenberg.de/root/index.php?page_id=22</r3d:dataUploadLicenseURL>
    </r3d:dataUploadLicense>
    <r3d:software>
        <r3d:softwareName>unknown</r3d:softwareName>
    </r3d:software>
    <r3d:versioning></r3d:versioning>
    <r3d:pidSystem>none</r3d:pidSystem>
    <r3d:citationGuidelineURL>http://flora-frankfurt.senckenberg.de/root/index.php?page_id=9</r3d:citationGuidelineURL>
    <r3d:enhancedPublication>unknown</r3d:enhancedPublication>
    <r3d:qualityManagement>yes</r3d:qualityManagement>
    <r3d:remarks></r3d:remarks>
    <r3d:entryDate>2013-04-12</r3d:entryDate>
    <r3d:lastUpdate>2018-01-04</r3d:lastUpdate>
  </r3d:repository>
</r3d:re3data>