<?xml version="1.0" encoding="utf-8"?>
<!--re3data.org Schema for the Description of Research Data Repositories. Version 2.2, December 2014. doi:10.2312/re3.006-->
<r3d:re3data xmlns:r3d="http://www.re3data.org/schema/2-2" xmlns:xsi="http://www.w3.org/2001/XMLSchema-instance" xsi:schemaLocation="http://www.re3data.org/schema/2-2 http://schema.re3data.org/2-2/re3dataV2-2.xsd">
  <r3d:repository>
    <r3d:re3data.orgIdentifier>r3d100010359</r3d:re3data.orgIdentifier>
    <r3d:repositoryName language="eng">Naval Oceanography Portal - Data Services</r3d:repositoryName>
    <r3d:repositoryURL>http://www.usno.navy.mil/USNO/astronomical-applications/data-services</r3d:repositoryURL>
    <r3d:description language="eng">The United States Naval Meteorology and Oceanography Command (NMOC) provides critical information from the ocean depths to the most distant reaches of space, meeting needs in the military, scientific, and civilian communities.</r3d:description>
    <r3d:repositoryContact>http://www.usno.navy.mil/help</r3d:repositoryContact>
    <r3d:type>disciplinary</r3d:type>
    <r3d:size updated=""></r3d:size>
    <r3d:startDate>2009</r3d:startDate>
    <r3d:endDate></r3d:endDate>
    <r3d:repositoryLanguage>eng</r3d:repositoryLanguage>
    <r3d:subject subjectScheme="DFG">313 Atmospheric Science and Oceanography</r3d:subject>
    <r3d:subject subjectScheme="DFG">31101 Astrophysics and Astronomy</r3d:subject>
    <r3d:subject subjectScheme="DFG">34 Geosciences (including Geography)</r3d:subject>
    <r3d:subject subjectScheme="DFG">3 Natural Sciences</r3d:subject>
    <r3d:subject subjectScheme="DFG">311 Astrophysics and Astronomy</r3d:subject>
    <r3d:subject subjectScheme="DFG">32 Physics</r3d:subject>
    <r3d:missionStatementURL></r3d:missionStatementURL>
    <r3d:contentType contentTypeScheme="parse">Images</r3d:contentType>
    <r3d:contentType contentTypeScheme="parse">Plain text</r3d:contentType>
    <r3d:providerType>serviceProvider</r3d:providerType>
    <r3d:keyword>Lunar eclipse</r3d:keyword>
    <r3d:keyword>Solar eclipse</r3d:keyword>
    <r3d:keyword>Sun Data</r3d:keyword>
    <r3d:keyword>Moon Data</r3d:keyword>
    <r3d:keyword>Earth orientation</r3d:keyword>
    <r3d:institution>
        <r3d:institutionName language="eng">Naval Meteorology and Oceanography Command</r3d:institutionName>
        <r3d:institutionAdditionalName language="eng">NMOC</r3d:institutionAdditionalName>
        <r3d:institutionCountry>USA</r3d:institutionCountry>
        <r3d:responsibilityType>general</r3d:responsibilityType>
        <r3d:institutionType>non-profit</r3d:institutionType>
        <r3d:institutionURL>http://www.public.navy.mil/FLTFOR/cnmoc/Pages/home.aspx</r3d:institutionURL>
        <r3d:responsibilityStartDate></r3d:responsibilityStartDate>
        <r3d:responsibilityEndDate></r3d:responsibilityEndDate>
    </r3d:institution>
    <r3d:institution>
        <r3d:institutionName language="eng">United States Navy</r3d:institutionName>
        <r3d:institutionAdditionalName language="eng">America*s NAVY</r3d:institutionAdditionalName>
        <r3d:institutionAdditionalName language="eng">U.S. Navy</r3d:institutionAdditionalName>
        <r3d:institutionCountry>USA</r3d:institutionCountry>
        <r3d:responsibilityType>general</r3d:responsibilityType>
        <r3d:institutionType>non-profit</r3d:institutionType>
        <r3d:institutionURL>http://www.navy.mil/</r3d:institutionURL>
        <r3d:responsibilityStartDate></r3d:responsibilityStartDate>
        <r3d:responsibilityEndDate></r3d:responsibilityEndDate>
    </r3d:institution>
    <r3d:policy>
        <r3d:policyName>Security &amp; Privacy Policy</r3d:policyName>
        <r3d:policyURL>http://www.usno.navy.mil/privacy-policy</r3d:policyURL>
    </r3d:policy>
    <r3d:databaseAccess>
        <r3d:databaseAccessType>open</r3d:databaseAccessType>
    </r3d:databaseAccess>
    <r3d:dataAccess>
    <r3d:dataAccessType>open</r3d:dataAccessType>
    </r3d:dataAccess>
    <r3d:dataLicense>
        <r3d:dataLicenseName>Public Domain</r3d:dataLicenseName>
        <r3d:dataLicenseURL>http://www.usno.navy.mil/privacy-policy</r3d:dataLicenseURL>
    </r3d:dataLicense>
    <r3d:dataLicense>
        <r3d:dataLicenseName>other</r3d:dataLicenseName>
        <r3d:dataLicenseURL>http://www.secnav.navy.mil/foia/Pages/default.aspx</r3d:dataLicenseURL>
    </r3d:dataLicense>
    <r3d:dataUpload>
        <r3d:dataUploadType>closed</r3d:dataUploadType>
    </r3d:dataUpload>
    <r3d:software>
        <r3d:softwareName>unknown</r3d:softwareName>
    </r3d:software>
    <r3d:versioning></r3d:versioning>
    <r3d:pidSystem>none</r3d:pidSystem>
    <r3d:citationGuidelineURL></r3d:citationGuidelineURL>
    <r3d:enhancedPublication>unknown</r3d:enhancedPublication>
    <r3d:qualityManagement>unknown</r3d:qualityManagement>
    <r3d:remarks></r3d:remarks>
    <r3d:entryDate>2013-03-30</r3d:entryDate>
    <r3d:lastUpdate>2017-04-11</r3d:lastUpdate>
  </r3d:repository>
</r3d:re3data>