<?xml version="1.0" encoding="utf-8"?>
<!--re3data.org Schema for the Description of Research Data Repositories. Version 2.2, December 2014. doi:10.2312/re3.006-->
<r3d:re3data xmlns:r3d="http://www.re3data.org/schema/2-2" xmlns:xsi="http://www.w3.org/2001/XMLSchema-instance" xsi:schemaLocation="http://www.re3data.org/schema/2-2 http://schema.re3data.org/2-2/re3dataV2-2.xsd">
  <r3d:repository>
    <r3d:re3data.orgIdentifier>r3d100010177</r3d:re3data.orgIdentifier>
    <r3d:repositoryName language="eng">World Radiation Data Centre</r3d:repositoryName>
    <r3d:additionalName language="eng">WRDC</r3d:additionalName>
    <r3d:repositoryURL>http://wrdc.mgo.rssi.ru/wrdc_en.htm</r3d:repositoryURL>
    <r3d:description language="eng">The WRDC, located at the Main Geophysical Observatory in St. Petersburg, Russia, processes solar radiation data currently submitted from more than 500 stations located in 56 countries and operates an archive with more than 1200 stations listed in its catalogue. The WRDC is the central depository of the measured components such as: global, diffuse and direct solar radiation, downward atmospheric radiation, net total and terrestrial surface radiation (upward), spectral radiation components (instantaneous fluxes), and sunshine duration, on hourly, daily or monthly basis.</r3d:description>
    <r3d:type>disciplinary</r3d:type>
    <r3d:size updated=""></r3d:size>
    <r3d:startDate>1993</r3d:startDate>
    <r3d:endDate></r3d:endDate>
    <r3d:repositoryLanguage>rus</r3d:repositoryLanguage>
    <r3d:repositoryLanguage>eng</r3d:repositoryLanguage>
    <r3d:subject subjectScheme="DFG">31301 Atmospheric Science</r3d:subject>
    <r3d:subject subjectScheme="DFG">313 Atmospheric Science and Oceanography</r3d:subject>
    <r3d:subject subjectScheme="DFG">34 Geosciences (including Geography)</r3d:subject>
    <r3d:subject subjectScheme="DFG">3 Natural Sciences</r3d:subject>
    <r3d:missionStatementURL>http://wrdc-mgo.nrel.gov/html/about.html</r3d:missionStatementURL>
    <r3d:contentType contentTypeScheme="parse">Raw data</r3d:contentType>
    <r3d:contentType contentTypeScheme="parse">Structured graphics</r3d:contentType>
    <r3d:contentType contentTypeScheme="parse">Scientific and statistical data formats</r3d:contentType>
    <r3d:providerType>dataProvider</r3d:providerType>
    <r3d:keyword>solar radiation</r3d:keyword>
    <r3d:keyword>atmospheric radiation</r3d:keyword>
    <r3d:keyword>sunshine duration</r3d:keyword>
    <r3d:keyword>terrestrial surface radiation</r3d:keyword>
    <r3d:keyword>spectral radiation components</r3d:keyword>
    <r3d:keyword>measurements</r3d:keyword>
    <r3d:institution>
        <r3d:institutionName language="eng">A.I. Voeikov Main Geophysical Observatory, World Radiation Data Center</r3d:institutionName>
        <r3d:institutionAdditionalName language="eng">WRDC</r3d:institutionAdditionalName>
        <r3d:institutionCountry>RUS</r3d:institutionCountry>
        <r3d:responsibilityType>general</r3d:responsibilityType>
        <r3d:responsibilityType>technical</r3d:responsibilityType>
        <r3d:institutionType>non-profit</r3d:institutionType>
        <r3d:institutionURL>http://voeikovmgo.ru/en/</r3d:institutionURL>
        <r3d:responsibilityStartDate>1964</r3d:responsibilityStartDate>
        <r3d:responsibilityEndDate></r3d:responsibilityEndDate>
    </r3d:institution>
    <r3d:institution>
        <r3d:institutionName language="eng">US Department of Energy, National Renewable Energy Laboratory</r3d:institutionName>
        <r3d:institutionAdditionalName language="eng">NREL</r3d:institutionAdditionalName>
        <r3d:institutionCountry>USA</r3d:institutionCountry>
        <r3d:responsibilityType>funding</r3d:responsibilityType>
        <r3d:responsibilityType>technical</r3d:responsibilityType>
        <r3d:institutionType>non-profit</r3d:institutionType>
        <r3d:institutionURL>http://www.nrel.gov/</r3d:institutionURL>
        <r3d:responsibilityStartDate>1993</r3d:responsibilityStartDate>
        <r3d:responsibilityEndDate></r3d:responsibilityEndDate>
        <r3d:institutionContact>stephen_wilcox@nrel.gov</r3d:institutionContact>
    </r3d:institution>
    <r3d:institution>
        <r3d:institutionName language="eng">Federal Service for Hydrometeorololgy and Environmental Monitoring</r3d:institutionName>
        <r3d:institutionAdditionalName language="eng">ROSHYDROMET</r3d:institutionAdditionalName>
        <r3d:institutionCountry>RUS</r3d:institutionCountry>
        <r3d:responsibilityType>funding</r3d:responsibilityType>
        <r3d:institutionType>non-profit</r3d:institutionType>
        <r3d:institutionURL>http://www.meteorf.ru/</r3d:institutionURL>
        <r3d:responsibilityStartDate>1964</r3d:responsibilityStartDate>
        <r3d:responsibilityEndDate></r3d:responsibilityEndDate>
    </r3d:institution>
    <r3d:institution>
        <r3d:institutionName language="eng">World Meteorological Organisation, Global Atmosphere Watch</r3d:institutionName>
        <r3d:institutionAdditionalName language="eng">WMO GAW</r3d:institutionAdditionalName>
        <r3d:institutionCountry>CHE</r3d:institutionCountry>
        <r3d:responsibilityType>funding</r3d:responsibilityType>
        <r3d:institutionType>non-profit</r3d:institutionType>
        <r3d:institutionURL>http://www.wmo.int/pages/prog/arep/gaw/world_data_ctres.html</r3d:institutionURL>
        <r3d:responsibilityStartDate>1993</r3d:responsibilityStartDate>
        <r3d:responsibilityEndDate></r3d:responsibilityEndDate>
    </r3d:institution>
    <r3d:policy>
        <r3d:policyName>input format guidelines</r3d:policyName>
        <r3d:policyURL>http://wrdc-mgo.nrel.gov/html/formats.html</r3d:policyURL>
    </r3d:policy>
    <r3d:policy>
        <r3d:policyName>security &amp; privacy notices</r3d:policyName>
        <r3d:policyURL>http://www.nrel.gov/security.html</r3d:policyURL>
    </r3d:policy>
    <r3d:databaseAccess>
        <r3d:databaseAccessType>open</r3d:databaseAccessType>
    </r3d:databaseAccess>
    <r3d:dataAccess>
    <r3d:dataAccessType>open</r3d:dataAccessType>
    </r3d:dataAccess>
    <r3d:dataAccess>
    <r3d:dataAccessType>restricted</r3d:dataAccessType>
    <r3d:dataAccessRestriction>registration</r3d:dataAccessRestriction>
    </r3d:dataAccess>
    <r3d:dataAccess>
    <r3d:dataAccessType>restricted</r3d:dataAccessType>
    <r3d:dataAccessRestriction>other</r3d:dataAccessRestriction>
    </r3d:dataAccess>
    <r3d:dataLicense>
        <r3d:dataLicenseName>Copyrights</r3d:dataLicenseName>
        <r3d:dataLicenseURL>http://www.nrel.gov/disclaimer.html</r3d:dataLicenseURL>
    </r3d:dataLicense>
    <r3d:dataLicense>
        <r3d:dataLicenseName>other</r3d:dataLicenseName>
        <r3d:dataLicenseURL>http://www.nrel.gov/disclaimer.html</r3d:dataLicenseURL>
    </r3d:dataLicense>
    <r3d:dataLicense>
        <r3d:dataLicenseName>other</r3d:dataLicenseName>
        <r3d:dataLicenseURL>http://wrdc.mgo.rssi.ru/wwwroot/imprt_en.htm</r3d:dataLicenseURL>
    </r3d:dataLicense>
    <r3d:dataUpload>
        <r3d:dataUploadType>restricted</r3d:dataUploadType>
        <r3d:dataUploadRestriction>registration</r3d:dataUploadRestriction>
    </r3d:dataUpload>
    <r3d:dataUploadLicense>
        <r3d:dataUploadLicenseName>input format guidelines</r3d:dataUploadLicenseName>
        <r3d:dataUploadLicenseURL>http://wrdc-mgo.nrel.gov/html/formats.html</r3d:dataUploadLicenseURL>
    </r3d:dataUploadLicense>
    <r3d:software>
        <r3d:softwareName>unknown</r3d:softwareName>
    </r3d:software>
    <r3d:versioning>yes</r3d:versioning>
    <r3d:pidSystem>none</r3d:pidSystem>
    <r3d:citationGuidelineURL>http://wrdc.mgo.rssi.ru/wwwroot/imprt_en.htm</r3d:citationGuidelineURL>
    <r3d:enhancedPublication>unknown</r3d:enhancedPublication>
    <r3d:qualityManagement>yes</r3d:qualityManagement>
    <r3d:remarks>The World Radiation Data Centre (WRDC) is one of recognised World Data
Centres sponsored  by  the World  Meteorological  Organization (WMO). In the scope of its commitments, WRDC contacts with IOC, WMO, UNEP and other international organizations, and global and regional geophysical data centres in the related field.
Participation of WRDC in WMO Global Atmosphere Watch (GAW) project consists in collection, analysis and online presentation of the data on radiation balance components from GAW stations.
Metadata on observation data from GAW sites are regularly transferred to GAWSIS server (Switzerland).
WRDC interacts with representatives of National Meteorological Services on the issues related to submission of data to WRDC.The WRDC was established in accordance with Resolution 31 of WMO Executive Committee XVIII in 1964. The WRDC centrally collects, archives and published radiometric data from the world to ensure the availability of these data for research by the international scientific community.</r3d:remarks>
    <r3d:entryDate>2012-12-18</r3d:entryDate>
    <r3d:lastUpdate>2017-03-29</r3d:lastUpdate>
  </r3d:repository>
</r3d:re3data>