<?xml version="1.0" encoding="utf-8"?>
<!--re3data.org Schema for the Description of Research Data Repositories. Version 2.2, December 2014. doi:10.2312/re3.006-->
<r3d:re3data xmlns:r3d="http://www.re3data.org/schema/2-2" xmlns:xsi="http://www.w3.org/2001/XMLSchema-instance" xsi:schemaLocation="http://www.re3data.org/schema/2-2 http://schema.re3data.org/2-2/re3dataV2-2.xsd">
  <r3d:repository>
    <r3d:re3data.orgIdentifier>r3d100000020</r3d:re3data.orgIdentifier>
    <r3d:repositoryName language="eng">Coastal Data Information Program</r3d:repositoryName>
    <r3d:additionalName language="eng">CDIP</r3d:additionalName>
    <r3d:repositoryURL>http://cdip.ucsd.edu/</r3d:repositoryURL>
    <r3d:description language="eng">The Coastal Data Information Program (CDIP) is an extensive network for monitoring waves and beaches along the coastlines of the United States. Since its inception in 1975, the program has produced a vast database of publicly-accessible environmental data for use by coastal engineers and planners, scientists, mariners, and marine enthusiasts. The program has also remained at the forefront of coastal monitoring, developing numerous innovations in instrumentation, system control and management, computer hardware and software, field equipment, and installation techniques.</r3d:description>
    <r3d:repositoryContact>http://cdip.ucsd.edu/?&amp;nav=documents&amp;sub=faq&amp;xitem=contact</r3d:repositoryContact>
    <r3d:type>disciplinary</r3d:type>
    <r3d:size updated=""></r3d:size>
    <r3d:startDate>1975</r3d:startDate>
    <r3d:endDate></r3d:endDate>
    <r3d:repositoryLanguage>eng</r3d:repositoryLanguage>
    <r3d:subject subjectScheme="DFG">317 Geography</r3d:subject>
    <r3d:subject subjectScheme="DFG">318 Water Research</r3d:subject>
    <r3d:subject subjectScheme="DFG">31302 Oceanography</r3d:subject>
    <r3d:subject subjectScheme="DFG">34 Geosciences (including Geography)</r3d:subject>
    <r3d:subject subjectScheme="DFG">3 Natural Sciences</r3d:subject>
    <r3d:subject subjectScheme="DFG">313 Atmospheric Science and Oceanography</r3d:subject>
    <r3d:missionStatementURL>http://cdip.ucsd.edu/?nav=documents&amp;sub=index&amp;units=metric&amp;tz=UTC&amp;pub=public&amp;xitem=intro#goals</r3d:missionStatementURL>
    <r3d:contentType contentTypeScheme="parse">Raw data</r3d:contentType>
    <r3d:contentType contentTypeScheme="parse">Structured text</r3d:contentType>
    <r3d:contentType contentTypeScheme="parse">Scientific and statistical data formats</r3d:contentType>
    <r3d:contentType contentTypeScheme="parse">Structured graphics</r3d:contentType>
    <r3d:providerType>dataProvider</r3d:providerType>
    <r3d:providerType>serviceProvider</r3d:providerType>
    <r3d:keyword>Coastal Data</r3d:keyword>
    <r3d:keyword>Pacific Islands</r3d:keyword>
    <r3d:keyword>North Pacific</r3d:keyword>
    <r3d:keyword>West Coast</r3d:keyword>
    <r3d:keyword>East Coast</r3d:keyword>
    <r3d:keyword>Gulf Coast</r3d:keyword>
    <r3d:keyword>Carribean</r3d:keyword>
    <r3d:keyword>Great Lakes</r3d:keyword>
    <r3d:keyword>Brazil</r3d:keyword>
    <r3d:institution>
        <r3d:institutionName language="eng">US Army Corps of Engineers</r3d:institutionName>
        <r3d:institutionAdditionalName language="eng">USACE</r3d:institutionAdditionalName>
        <r3d:institutionCountry>USA</r3d:institutionCountry>
        <r3d:responsibilityType>funding</r3d:responsibilityType>
        <r3d:institutionType>non-profit</r3d:institutionType>
        <r3d:institutionURL>http://www.usace.army.mil</r3d:institutionURL>
        <r3d:responsibilityStartDate></r3d:responsibilityStartDate>
        <r3d:responsibilityEndDate></r3d:responsibilityEndDate>
        <r3d:institutionContact>http://www.usace.army.mil/Contact.aspx</r3d:institutionContact>
    </r3d:institution>
    <r3d:institution>
        <r3d:institutionName language="eng">University of California San Diego, Scripps Institution of Oceanography</r3d:institutionName>
        <r3d:institutionAdditionalName language="eng">UC San diego, SIO</r3d:institutionAdditionalName>
        <r3d:institutionAdditionalName language="eng">SIO</r3d:institutionAdditionalName>
        <r3d:institutionCountry>USA</r3d:institutionCountry>
        <r3d:responsibilityType>general</r3d:responsibilityType>
        <r3d:responsibilityType>technical</r3d:responsibilityType>
        <r3d:institutionType>non-profit</r3d:institutionType>
        <r3d:institutionURL>https://scripps.ucsd.edu/</r3d:institutionURL>
        <r3d:responsibilityStartDate></r3d:responsibilityStartDate>
        <r3d:responsibilityEndDate></r3d:responsibilityEndDate>
        <r3d:institutionContact>https://scripps.ucsd.edu/about/contact-us</r3d:institutionContact>
    </r3d:institution>
    <r3d:institution>
        <r3d:institutionName language="eng">Department of Parks and Recreation , Division of  Boating and Waterways</r3d:institutionName>
        <r3d:institutionAdditionalName language="eng">DBW</r3d:institutionAdditionalName>
        <r3d:institutionCountry>USA</r3d:institutionCountry>
        <r3d:responsibilityType>general</r3d:responsibilityType>
        <r3d:responsibilityType>technical</r3d:responsibilityType>
        <r3d:institutionType>non-profit</r3d:institutionType>
        <r3d:institutionURL>http://www.dbw.ca.gov/</r3d:institutionURL>
        <r3d:responsibilityStartDate></r3d:responsibilityStartDate>
        <r3d:responsibilityEndDate></r3d:responsibilityEndDate>
        <r3d:institutionContact>http://dbw.ca.gov/?page_id=28837</r3d:institutionContact>
    </r3d:institution>
    <r3d:institution>
        <r3d:institutionName language="eng">California Sea Grant Program</r3d:institutionName>
        <r3d:institutionCountry>USA</r3d:institutionCountry>
        <r3d:responsibilityType>funding</r3d:responsibilityType>
        <r3d:institutionType>non-profit</r3d:institutionType>
        <r3d:institutionURL>https://caseagrant.ucsd.edu/</r3d:institutionURL>
        <r3d:responsibilityStartDate></r3d:responsibilityStartDate>
        <r3d:responsibilityEndDate></r3d:responsibilityEndDate>
        <r3d:institutionContact>caseagrant@ucsd.edu</r3d:institutionContact>
    </r3d:institution>
    <r3d:policy>
        <r3d:policyName>Data Use and Acknowledgements</r3d:policyName>
        <r3d:policyURL>http://cdip.ucsd.edu/themes/cdip?d2=p20&amp;pb=1&amp;u3=tab:1:display:access_instructions</r3d:policyURL>
    </r3d:policy>
    <r3d:databaseAccess>
        <r3d:databaseAccessType>open</r3d:databaseAccessType>
    </r3d:databaseAccess>
    <r3d:dataAccess>
    <r3d:dataAccessType>open</r3d:dataAccessType>
    </r3d:dataAccess>
    <r3d:dataLicense>
        <r3d:dataLicenseName>other</r3d:dataLicenseName>
        <r3d:dataLicenseURL>http://cdip.ucsd.edu/?nav=documents&amp;sub=index&amp;xitem=product#access</r3d:dataLicenseURL>
    </r3d:dataLicense>
    <r3d:dataUpload>
        <r3d:dataUploadType>restricted</r3d:dataUploadType>
        <r3d:dataUploadRestriction>other</r3d:dataUploadRestriction>
    </r3d:dataUpload>
    <r3d:dataUploadLicense>
        <r3d:dataUploadLicenseName>SUBMITTING SPECTRAL DATA TO CDIP</r3d:dataUploadLicenseName>
        <r3d:dataUploadLicenseURL>http://cdip.ucsd.edu/?nav=documents&amp;sub=index&amp;xitem=product&amp;xtxt=sp_submission</r3d:dataUploadLicenseURL>
    </r3d:dataUploadLicense>
    <r3d:software>
        <r3d:softwareName>unknown</r3d:softwareName>
    </r3d:software>
    <r3d:versioning>no</r3d:versioning>
    <r3d:api apiType="other">http://sccoos.org/data/apis/</r3d:api>
    <r3d:api apiType="NetCDF">http://cdip.ucsd.edu/themes/cdip?d2=p20&amp;pb=1&amp;u3=tab:1:display:access_instructions</r3d:api>
    <r3d:api apiType="FTP">http://cdip.ucsd.edu/?nav=documents&amp;sub=index&amp;xitem=product&amp;xtxt=sp_submission</r3d:api>
    <r3d:pidSystem>none</r3d:pidSystem>
    <r3d:citationGuidelineURL>http://cdip.ucsd.edu/themes/cdip?d2=p20&amp;pb=1&amp;u3=tab:1:display:access_instructions</r3d:citationGuidelineURL>
    <r3d:enhancedPublication>unknown</r3d:enhancedPublication>
    <r3d:qualityManagement>yes</r3d:qualityManagement>
    <r3d:metadataStandard>
      <r3d:metadataStandardName metadataStandardScheme="DCC">FGDC/CSDGM - Federal Geographic Data Committee Content Standard for Digital Geospatial Metadata</r3d:metadataStandardName>
      <r3d:metadataStandardURL>http://www.dcc.ac.uk/resources/metadata-standards/fgdccsdgm-federal-geographic-data-committee-content-standard-digital-ge</r3d:metadataStandardURL>
    </r3d:metadataStandard>
    <r3d:remarks>CDIP is operated by the Ocean Engineering Research Group (OERG), part of the Integrative Oceanography Division (IOD) at Scripps Institution of Oceanography (SIO). 
CDIP&#039;s archives include output from the Southern California Bight Swell Model from January 6, 1998 to the present. The remaining swell models are available from October 31, 2002, and the SIO surfzone models from November 1, 2004</r3d:remarks>
    <r3d:entryDate>2012-08-26</r3d:entryDate>
    <r3d:lastUpdate>2017-01-24</r3d:lastUpdate>
  </r3d:repository>
</r3d:re3data>