<?xml version="1.0" encoding="utf-8"?>
<!--re3data.org Schema for the Description of Research Data Repositories. Version 2.2, December 2014. doi:10.2312/re3.006-->
<r3d:re3data xmlns:r3d="http://www.re3data.org/schema/2-2" xmlns:xsi="http://www.w3.org/2001/XMLSchema-instance" xsi:schemaLocation="http://www.re3data.org/schema/2-2 http://schema.re3data.org/2-2/re3dataV2-2.xsd">
  <r3d:repository>
    <r3d:re3data.orgIdentifier>r3d100010370</r3d:re3data.orgIdentifier>
    <r3d:repositoryName language="eng">ChroTel Data</r3d:repositoryName>
    <r3d:additionalName language="eng">Chromosphere Telescope</r3d:additionalName>
    <r3d:repositoryURL>http://www.leibniz-kis.de/index.php?id=457</r3d:repositoryURL>
    <r3d:description language="eng">ChroTel is a telescope to observe the solar chromosphere across the full disk. ChroTel observes the Sun pseudo-simultaneously in three channels at Ca II K, H-alpha and Helium 1083.</r3d:description>
    <r3d:repositoryContact>chrotel@leibniz-kis.de</r3d:repositoryContact>
    <r3d:type>disciplinary</r3d:type>
    <r3d:type>institutional</r3d:type>
    <r3d:size updated=""></r3d:size>
    <r3d:startDate>1998</r3d:startDate>
    <r3d:endDate></r3d:endDate>
    <r3d:repositoryLanguage>eng</r3d:repositoryLanguage>
    <r3d:repositoryLanguage>deu</r3d:repositoryLanguage>
    <r3d:subject subjectScheme="DFG">311 Astrophysics and Astronomy</r3d:subject>
    <r3d:subject subjectScheme="DFG">32 Physics</r3d:subject>
    <r3d:subject subjectScheme="DFG">3 Natural Sciences</r3d:subject>
    <r3d:missionStatementURL>http://www.leibniz-kis.de/de/observatorien/chrotel/data/</r3d:missionStatementURL>
    <r3d:contentType contentTypeScheme="parse">Images</r3d:contentType>
    <r3d:contentType contentTypeScheme="parse">Raw data</r3d:contentType>
    <r3d:contentType contentTypeScheme="parse">Scientific and statistical data formats</r3d:contentType>
    <r3d:providerType>dataProvider</r3d:providerType>
    <r3d:keyword>Sun</r3d:keyword>
    <r3d:keyword>Sun observation</r3d:keyword>
    <r3d:keyword>observes the Sun</r3d:keyword>
    <r3d:institution>
        <r3d:institutionName language="eng">Leibniz Gemeinschaft</r3d:institutionName>
        <r3d:institutionAdditionalName language="eng">Leibniz association</r3d:institutionAdditionalName>
        <r3d:institutionCountry>DEU</r3d:institutionCountry>
        <r3d:responsibilityType>funding</r3d:responsibilityType>
        <r3d:institutionType>non-profit</r3d:institutionType>
        <r3d:institutionURL>https://www.leibniz-gemeinschaft.de/start/</r3d:institutionURL>
        <r3d:responsibilityStartDate></r3d:responsibilityStartDate>
        <r3d:responsibilityEndDate></r3d:responsibilityEndDate>
        <r3d:institutionContact>info (at) leibniz-gemeinschaft.dt</r3d:institutionContact>
    </r3d:institution>
    <r3d:institution>
        <r3d:institutionName language="eng">Kiepenheuer-Institut für Sonnenphysik, University of Freiburg</r3d:institutionName>
        <r3d:institutionAdditionalName language="deu">KIS</r3d:institutionAdditionalName>
        <r3d:institutionAdditionalName language="eng">Kiepenheuer Institute for Solar Physics</r3d:institutionAdditionalName>
        <r3d:institutionAdditionalName language="deu">Kiepenheuer-Institut für Sonnenphysik, Albert-Ludwigs-Universität Freiburg</r3d:institutionAdditionalName>
        <r3d:institutionCountry>DEU</r3d:institutionCountry>
        <r3d:responsibilityType>general</r3d:responsibilityType>
        <r3d:institutionType>non-profit</r3d:institutionType>
        <r3d:institutionURL>http://www.leibniz-kis.de/en/</r3d:institutionURL>
        <r3d:responsibilityStartDate></r3d:responsibilityStartDate>
        <r3d:responsibilityEndDate></r3d:responsibilityEndDate>
        <r3d:institutionContact>http://www.kis.uni-freiburg.de/index.php?id=5&amp;L=1</r3d:institutionContact>
    </r3d:institution>
    <r3d:policy>
        <r3d:policyName>Data policy</r3d:policyName>
        <r3d:policyURL>http://www.kis.uni-freiburg.de/index.php?id=797</r3d:policyURL>
    </r3d:policy>
    <r3d:databaseAccess>
        <r3d:databaseAccessType>open</r3d:databaseAccessType>
    </r3d:databaseAccess>
    <r3d:dataAccess>
    <r3d:dataAccessType>open</r3d:dataAccessType>
    </r3d:dataAccess>
    <r3d:dataLicense>
        <r3d:dataLicenseName>other</r3d:dataLicenseName>
        <r3d:dataLicenseURL>http://www.leibniz-kis.de/index.php?id=797</r3d:dataLicenseURL>
    </r3d:dataLicense>
    <r3d:dataUpload>
        <r3d:dataUploadType>restricted</r3d:dataUploadType>
        <r3d:dataUploadRestriction>other</r3d:dataUploadRestriction>
    </r3d:dataUpload>
    <r3d:software>
        <r3d:softwareName>unknown</r3d:softwareName>
    </r3d:software>
    <r3d:versioning></r3d:versioning>
    <r3d:api apiType="FTP">ftp://archive.leibniz-kis.de/pub/chrotel</r3d:api>
    <r3d:pidSystem>none</r3d:pidSystem>
    <r3d:citationGuidelineURL>http://www.leibniz-kis.de/index.php?id=797</r3d:citationGuidelineURL>
    <r3d:enhancedPublication>unknown</r3d:enhancedPublication>
    <r3d:qualityManagement>unknown</r3d:qualityManagement>
    <r3d:remarks>ChroTel data is also indexed by the Virtual Solar Observatory: http://www.virtualsolar.org</r3d:remarks>
    <r3d:entryDate>2013-03-08</r3d:entryDate>
    <r3d:lastUpdate>2017-04-18</r3d:lastUpdate>
  </r3d:repository>
</r3d:re3data>