<?xml version="1.0" encoding="utf-8"?>
<!--re3data.org Schema for the Description of Research Data Repositories. Version 2.2, December 2014. doi:10.2312/re3.006-->
<r3d:re3data xmlns:r3d="http://www.re3data.org/schema/2-2" xmlns:xsi="http://www.w3.org/2001/XMLSchema-instance" xsi:schemaLocation="http://www.re3data.org/schema/2-2 http://schema.re3data.org/2-2/re3dataV2-2.xsd">
  <r3d:repository>
    <r3d:re3data.orgIdentifier>r3d100000046</r3d:re3data.orgIdentifier>
    <r3d:repositoryName language="eng">European Environment Agency, Datasets</r3d:repositoryName>
    <r3d:additionalName language="eng">EEA</r3d:additionalName>
    <r3d:repositoryURL>https://www.eea.europa.eu/data-and-maps</r3d:repositoryURL>
    <r3d:description language="eng">The European Environment Agency (EEA) is an agency of the European Union. Our task is to provide sound, independent information on the environment. We are a major information source for those involved in developing, adopting, implementing and evaluating environmental policy, and also the general public. Currently, the EEA has 33 member countries.
EEA&#039;s mandate is: To help the Community and member countries make informed decisions about improving the environment, integrating environmental considerations into economic policies and moving towards sustainability
To coordinate the European environment information and observation network (Eionet)</r3d:description>
    <r3d:type>disciplinary</r3d:type>
    <r3d:type>institutional</r3d:type>
    <r3d:size updated=""></r3d:size>
    <r3d:startDate>1996</r3d:startDate>
    <r3d:endDate></r3d:endDate>
    <r3d:repositoryLanguage>eng</r3d:repositoryLanguage>
    <r3d:repositoryLanguage>ces</r3d:repositoryLanguage>
    <r3d:repositoryLanguage>dan</r3d:repositoryLanguage>
    <r3d:repositoryLanguage>ell</r3d:repositoryLanguage>
    <r3d:repositoryLanguage>est</r3d:repositoryLanguage>
    <r3d:repositoryLanguage>fin</r3d:repositoryLanguage>
    <r3d:repositoryLanguage>fra</r3d:repositoryLanguage>
    <r3d:repositoryLanguage>deu</r3d:repositoryLanguage>
    <r3d:repositoryLanguage>hun</r3d:repositoryLanguage>
    <r3d:repositoryLanguage>isl</r3d:repositoryLanguage>
    <r3d:repositoryLanguage>ita</r3d:repositoryLanguage>
    <r3d:repositoryLanguage>lav</r3d:repositoryLanguage>
    <r3d:repositoryLanguage>lit</r3d:repositoryLanguage>
    <r3d:repositoryLanguage>mlt</r3d:repositoryLanguage>
    <r3d:repositoryLanguage>nor</r3d:repositoryLanguage>
    <r3d:repositoryLanguage>pol</r3d:repositoryLanguage>
    <r3d:repositoryLanguage>por</r3d:repositoryLanguage>
    <r3d:repositoryLanguage>ron</r3d:repositoryLanguage>
    <r3d:repositoryLanguage>slk</r3d:repositoryLanguage>
    <r3d:repositoryLanguage>slv</r3d:repositoryLanguage>
    <r3d:repositoryLanguage>spa</r3d:repositoryLanguage>
    <r3d:repositoryLanguage>swe</r3d:repositoryLanguage>
    <r3d:repositoryLanguage>tur</r3d:repositoryLanguage>
    <r3d:subject subjectScheme="DFG">3 Natural Sciences</r3d:subject>
    <r3d:subject subjectScheme="DFG">318 Water Research</r3d:subject>
    <r3d:subject subjectScheme="DFG">313 Atmospheric Science and Oceanography</r3d:subject>
    <r3d:subject subjectScheme="DFG">34 Geosciences (including Geography)</r3d:subject>
    <r3d:missionStatementURL>https://www.eea.europa.eu/about-us/what</r3d:missionStatementURL>
    <r3d:contentType contentTypeScheme="parse">Archived data</r3d:contentType>
    <r3d:contentType contentTypeScheme="parse">Standard office documents</r3d:contentType>
    <r3d:contentType contentTypeScheme="parse">Images</r3d:contentType>
    <r3d:providerType>dataProvider</r3d:providerType>
    <r3d:keyword>environmental policy</r3d:keyword>
    <r3d:keyword>environmental data</r3d:keyword>
    <r3d:keyword>Air pollution</r3d:keyword>
    <r3d:keyword>Biodiversity</r3d:keyword>
    <r3d:keyword>Climate change</r3d:keyword>
    <r3d:keyword>Coasts and seas</r3d:keyword>
    <r3d:keyword>Energy</r3d:keyword>
    <r3d:keyword>Green economy</r3d:keyword>
    <r3d:keyword>Industry</r3d:keyword>
    <r3d:keyword>Land use</r3d:keyword>
    <r3d:keyword>Natural resources</r3d:keyword>
    <r3d:keyword>Policy instruments</r3d:keyword>
    <r3d:keyword>Soil</r3d:keyword>
    <r3d:keyword>Urban environment</r3d:keyword>
    <r3d:keyword>Air quality</r3d:keyword>
    <r3d:institution>
        <r3d:institutionName language="eng">The European Environment Agency</r3d:institutionName>
        <r3d:institutionAdditionalName language="eng">EEA</r3d:institutionAdditionalName>
        <r3d:institutionCountry>EEC</r3d:institutionCountry>
        <r3d:responsibilityType>general</r3d:responsibilityType>
        <r3d:responsibilityType>technical</r3d:responsibilityType>
        <r3d:institutionType>non-profit</r3d:institutionType>
        <r3d:institutionURL>https://www.eea.europa.eu/</r3d:institutionURL>
        <r3d:responsibilityStartDate></r3d:responsibilityStartDate>
        <r3d:responsibilityEndDate></r3d:responsibilityEndDate>
        <r3d:institutionContact>https://www.eea.europa.eu/contact-us</r3d:institutionContact>
    </r3d:institution>
    <r3d:policy>
        <r3d:policyName>Specific privacy statement</r3d:policyName>
        <r3d:policyURL>https://www.eea.europa.eu/about-us/what/public-events/competitions/imaginair/imaginair-competition-rules/specific-privacy-statement</r3d:policyURL>
    </r3d:policy>
    <r3d:databaseAccess>
        <r3d:databaseAccessType>open</r3d:databaseAccessType>
    </r3d:databaseAccess>
    <r3d:databaseLicense>
        <r3d:databaseLicenseName>CC</r3d:databaseLicenseName>
        <r3d:databaseLicenseURL>https://creativecommons.org/licenses/</r3d:databaseLicenseURL>
    </r3d:databaseLicense>
    <r3d:dataAccess>
    <r3d:dataAccessType>open</r3d:dataAccessType>
    </r3d:dataAccess>
    <r3d:dataLicense>
        <r3d:dataLicenseName>CC</r3d:dataLicenseName>
        <r3d:dataLicenseURL>https://creativecommons.org/licenses/</r3d:dataLicenseURL>
    </r3d:dataLicense>
    <r3d:dataLicense>
        <r3d:dataLicenseName>Copyrights</r3d:dataLicenseName>
        <r3d:dataLicenseURL>https://www.eea.europa.eu/legal/copyright</r3d:dataLicenseURL>
    </r3d:dataLicense>
    <r3d:dataUpload>
        <r3d:dataUploadType>closed</r3d:dataUploadType>
    </r3d:dataUpload>
    <r3d:software>
        <r3d:softwareName>other</r3d:softwareName>
    </r3d:software>
    <r3d:versioning>no</r3d:versioning>
    <r3d:pidSystem>other</r3d:pidSystem>
    <r3d:citationGuidelineURL></r3d:citationGuidelineURL>
    <r3d:enhancedPublication>unknown</r3d:enhancedPublication>
    <r3d:qualityManagement>unknown</r3d:qualityManagement>
    <r3d:syndication syndicationType="RSS">https://www.eea.europa.eu/subscription/news-feeds</r3d:syndication>
    <r3d:remarks>The EEA has 33 member countries, mostly from the EU</r3d:remarks>
    <r3d:entryDate>2013-01-17</r3d:entryDate>
    <r3d:lastUpdate>2017-11-13</r3d:lastUpdate>
  </r3d:repository>
</r3d:re3data>