<?xml version="1.0" encoding="utf-8"?>
<!--re3data.org Schema for the Description of Research Data Repositories. Version 2.2, December 2014. doi:10.2312/re3.006-->
<r3d:re3data xmlns:r3d="http://www.re3data.org/schema/2-2" xmlns:xsi="http://www.w3.org/2001/XMLSchema-instance" xsi:schemaLocation="http://www.re3data.org/schema/2-2 http://schema.re3data.org/2-2/re3dataV2-2.xsd">
  <r3d:repository>
    <r3d:re3data.orgIdentifier>r3d100010473</r3d:re3data.orgIdentifier>
    <r3d:repositoryName language="eng">myExperiment</r3d:repositoryName>
    <r3d:repositoryURL>https://www.myexperiment.org/home</r3d:repositoryURL>
    <r3d:repositoryIdentifier>RRID:nif-0000-10309</r3d:repositoryIdentifier>
    <r3d:repositoryIdentifier>RRID:SCR_001795</r3d:repositoryIdentifier>
    <r3d:description language="eng">myExperiment is a collaborative environment where scientists can safely publish their workflows and in silico experiments, share them with groups and find those of others. Workflows, other digital objects and bundles (called Packs) can now be swapped, sorted and searched like photos and videos on the Web. Unlike Facebook or MySpace, myExperiment fully understands the needs of the researcher and makes it really easy for the next generation of scientists to contribute to a pool of scientific methods, build communities and form relationships — reducing time-to-experiment, sharing expertise and avoiding reinvention. myExperiment is now the largest public repository of scientific workflows.</r3d:description>
    <r3d:repositoryContact>http://www.myexperiment.org/feedback</r3d:repositoryContact>
    <r3d:repositoryContact>bugs@myexperiment.org</r3d:repositoryContact>
    <r3d:type>other</r3d:type>
    <r3d:size updated="2017-05-16">3.825 workflows; 10.509 members; 1.225 files; 470 packs</r3d:size>
    <r3d:startDate>2007</r3d:startDate>
    <r3d:endDate></r3d:endDate>
    <r3d:repositoryLanguage>eng</r3d:repositoryLanguage>
    <r3d:subject subjectScheme="DFG">1 Humanities and Social Sciences</r3d:subject>
    <r3d:subject subjectScheme="DFG">2 Life Sciences</r3d:subject>
    <r3d:subject subjectScheme="DFG">3 Natural Sciences</r3d:subject>
    <r3d:subject subjectScheme="DFG">4 Engineering Sciences</r3d:subject>
    <r3d:missionStatementURL>http://www.myexperiment.org/about</r3d:missionStatementURL>
    <r3d:contentType contentTypeScheme="parse">Standard office documents</r3d:contentType>
    <r3d:contentType contentTypeScheme="parse">Images</r3d:contentType>
    <r3d:contentType contentTypeScheme="parse">Audiovisual data</r3d:contentType>
    <r3d:contentType contentTypeScheme="parse">Scientific and statistical data formats</r3d:contentType>
    <r3d:contentType contentTypeScheme="parse">Raw data</r3d:contentType>
    <r3d:contentType contentTypeScheme="parse">Plain text</r3d:contentType>
    <r3d:contentType contentTypeScheme="parse">Structured text</r3d:contentType>
    <r3d:contentType contentTypeScheme="parse">Archived data</r3d:contentType>
    <r3d:contentType contentTypeScheme="parse">other</r3d:contentType>
    <r3d:providerType>dataProvider</r3d:providerType>
    <r3d:keyword>Taverna</r3d:keyword>
    <r3d:keyword>Bioclips</r3d:keyword>
    <r3d:keyword>social networking</r3d:keyword>
    <r3d:keyword>e-science</r3d:keyword>
    <r3d:keyword>semantic web</r3d:keyword>
    <r3d:keyword>workflow</r3d:keyword>
    <r3d:keyword>multidisciplinary</r3d:keyword>
    <r3d:institution>
        <r3d:institutionName language="eng">University of Manchester, School of Computer Science</r3d:institutionName>
        <r3d:institutionCountry>GBR</r3d:institutionCountry>
        <r3d:responsibilityType>general</r3d:responsibilityType>
        <r3d:responsibilityType>technical</r3d:responsibilityType>
        <r3d:institutionType>non-profit</r3d:institutionType>
        <r3d:institutionURL>http://www.manchester.ac.uk/</r3d:institutionURL>
        <r3d:responsibilityStartDate>2007</r3d:responsibilityStartDate>
        <r3d:responsibilityEndDate></r3d:responsibilityEndDate>
        <r3d:institutionContact>carole.goble@manchester.ac.uk</r3d:institutionContact>
    </r3d:institution>
    <r3d:institution>
        <r3d:institutionName language="eng">University of Oxford</r3d:institutionName>
        <r3d:institutionCountry>GBR</r3d:institutionCountry>
        <r3d:responsibilityType>general</r3d:responsibilityType>
        <r3d:responsibilityType>technical</r3d:responsibilityType>
        <r3d:institutionType>non-profit</r3d:institutionType>
        <r3d:institutionURL>http://www.ox.ac.uk/</r3d:institutionURL>
        <r3d:responsibilityStartDate>2007</r3d:responsibilityStartDate>
        <r3d:responsibilityEndDate></r3d:responsibilityEndDate>
        <r3d:institutionContact>dder@ecs.soton.ac.uk</r3d:institutionContact>
    </r3d:institution>
    <r3d:institution>
        <r3d:institutionName language="eng">Biovel</r3d:institutionName>
        <r3d:institutionCountry>EEC</r3d:institutionCountry>
        <r3d:responsibilityType>funding</r3d:responsibilityType>
        <r3d:institutionType>non-profit</r3d:institutionType>
        <r3d:institutionURL>http://biovel.eu/</r3d:institutionURL>
        <r3d:responsibilityStartDate></r3d:responsibilityStartDate>
        <r3d:responsibilityEndDate></r3d:responsibilityEndDate>
        <r3d:institutionContact>http://www.biovel.eu/contact</r3d:institutionContact>
    </r3d:institution>
    <r3d:institution>
        <r3d:institutionName language="eng">myGrid</r3d:institutionName>
        <r3d:institutionCountry>GBR</r3d:institutionCountry>
        <r3d:responsibilityType>funding</r3d:responsibilityType>
        <r3d:institutionType>non-profit</r3d:institutionType>
        <r3d:institutionURL>http://www.mygrid.org.uk/</r3d:institutionURL>
        <r3d:responsibilityStartDate>2007</r3d:responsibilityStartDate>
        <r3d:responsibilityEndDate>2010</r3d:responsibilityEndDate>
    </r3d:institution>
    <r3d:institution>
        <r3d:institutionName language="eng">JISC</r3d:institutionName>
        <r3d:institutionAdditionalName language="eng">Joint Information Systems Committee</r3d:institutionAdditionalName>
        <r3d:institutionCountry>GBR</r3d:institutionCountry>
        <r3d:responsibilityType>funding</r3d:responsibilityType>
        <r3d:institutionType>non-profit</r3d:institutionType>
        <r3d:institutionURL>https://www.jisc.ac.uk/</r3d:institutionURL>
        <r3d:responsibilityStartDate>2007</r3d:responsibilityStartDate>
        <r3d:responsibilityEndDate>2011</r3d:responsibilityEndDate>
    </r3d:institution>
    <r3d:institution>
        <r3d:institutionName language="eng">Microsoft Research</r3d:institutionName>
        <r3d:institutionAdditionalName language="eng">Technical computing Initiative</r3d:institutionAdditionalName>
        <r3d:institutionCountry>USA</r3d:institutionCountry>
        <r3d:responsibilityType>funding</r3d:responsibilityType>
        <r3d:institutionType>commercial</r3d:institutionType>
        <r3d:institutionURL>http://research.microsoft.com/en-us/</r3d:institutionURL>
        <r3d:responsibilityStartDate>2007</r3d:responsibilityStartDate>
        <r3d:responsibilityEndDate></r3d:responsibilityEndDate>
    </r3d:institution>
    <r3d:institution>
        <r3d:institutionName language="eng">University of Southhampton, Electronics and Computer Science, Intelligence, Agents, Multimedia Group</r3d:institutionName>
        <r3d:institutionAdditionalName language="eng">IAM</r3d:institutionAdditionalName>
        <r3d:institutionCountry>GBR</r3d:institutionCountry>
        <r3d:responsibilityType>general</r3d:responsibilityType>
        <r3d:responsibilityType>technical</r3d:responsibilityType>
        <r3d:institutionType>non-profit</r3d:institutionType>
        <r3d:institutionURL>http://www.southampton.ac.uk/</r3d:institutionURL>
        <r3d:responsibilityStartDate>2007</r3d:responsibilityStartDate>
        <r3d:responsibilityEndDate></r3d:responsibilityEndDate>
        <r3d:institutionContact>http://www.myexperiment.org/feedback</r3d:institutionContact>
    </r3d:institution>
    <r3d:policy>
        <r3d:policyName>About myExperiment</r3d:policyName>
        <r3d:policyURL>https://www.myexperiment.org/about</r3d:policyURL>
    </r3d:policy>
    <r3d:databaseAccess>
        <r3d:databaseAccessType>open</r3d:databaseAccessType>
    </r3d:databaseAccess>
    <r3d:databaseLicense>
        <r3d:databaseLicenseName>BSD</r3d:databaseLicenseName>
        <r3d:databaseLicenseURL>http://www.myexperiment.org/licenses/</r3d:databaseLicenseURL>
    </r3d:databaseLicense>
    <r3d:dataAccess>
    <r3d:dataAccessType>open</r3d:dataAccessType>
    </r3d:dataAccess>
    <r3d:dataLicense>
        <r3d:dataLicenseName>CC</r3d:dataLicenseName>
        <r3d:dataLicenseURL>http://de.creativecommons.org/</r3d:dataLicenseURL>
    </r3d:dataLicense>
    <r3d:dataLicense>
        <r3d:dataLicenseName>Apache License 2.0</r3d:dataLicenseName>
        <r3d:dataLicenseURL>http://www.myexperiment.org/licenses/</r3d:dataLicenseURL>
    </r3d:dataLicense>
    <r3d:dataLicense>
        <r3d:dataLicenseName>BSD</r3d:dataLicenseName>
        <r3d:dataLicenseURL>http://www.myexperiment.org/licenses/</r3d:dataLicenseURL>
    </r3d:dataLicense>
    <r3d:dataLicense>
        <r3d:dataLicenseName>other</r3d:dataLicenseName>
        <r3d:dataLicenseURL>https://opensource.org/licenses/MIT</r3d:dataLicenseURL>
    </r3d:dataLicense>
    <r3d:dataLicense>
        <r3d:dataLicenseName>other</r3d:dataLicenseName>
        <r3d:dataLicenseURL>http://www.gnu.org/licenses/old-licenses/</r3d:dataLicenseURL>
    </r3d:dataLicense>
    <r3d:dataUpload>
        <r3d:dataUploadType>restricted</r3d:dataUploadType>
        <r3d:dataUploadRestriction>registration</r3d:dataUploadRestriction>
    </r3d:dataUpload>
    <r3d:software>
        <r3d:softwareName>other</r3d:softwareName>
    </r3d:software>
    <r3d:versioning>yes</r3d:versioning>
    <r3d:api apiType="REST">http://www.myexperiment.org/mashup/api</r3d:api>
    <r3d:api apiType="SPARQL">http://rdf.myexperiment.org/sparql</r3d:api>
    <r3d:pidSystem>DOI</r3d:pidSystem>
    <r3d:citationGuidelineURL>http://www.myexperiment.org/about</r3d:citationGuidelineURL>
    <r3d:enhancedPublication>yes</r3d:enhancedPublication>
    <r3d:qualityManagement>yes</r3d:qualityManagement>
    <r3d:syndication syndicationType="RSS">https://www.myexperiment.org/announcements.rss</r3d:syndication>
    <r3d:remarks>myExperiment is currently supported by three European Commission 7th Framework Programme (FP7) projects: BioVeL (Grant no. 283359), SCAPE (Grant no. 270137), and the Wf4Ever Project (Grant no. 270192)</r3d:remarks>
    <r3d:entryDate>2013-06-24</r3d:entryDate>
    <r3d:lastUpdate>2017-05-17</r3d:lastUpdate>
  </r3d:repository>
</r3d:re3data>