<?xml version="1.0" encoding="utf-8"?>
<!--re3data.org Schema for the Description of Research Data Repositories. Version 2.2, December 2014. doi:10.2312/re3.006-->
<r3d:re3data xmlns:r3d="http://www.re3data.org/schema/2-2" xmlns:xsi="http://www.w3.org/2001/XMLSchema-instance" xsi:schemaLocation="http://www.re3data.org/schema/2-2 http://schema.re3data.org/2-2/re3dataV2-2.xsd">
  <r3d:repository>
    <r3d:re3data.orgIdentifier>r3d100010430</r3d:re3data.orgIdentifier>
    <r3d:repositoryName language="eng">Survey of Health, Ageing and Retirement in Europe</r3d:repositoryName>
    <r3d:additionalName language="eng">SHARE ERIC</r3d:additionalName>
    <r3d:additionalName language="eng">50+ in Europe</r3d:additionalName>
    <r3d:repositoryURL>http://www.share-project.org/</r3d:repositoryURL>
    <r3d:description language="eng">The Survey of Health, Ageing and Retirement in Europe (SHARE) is a multidisciplinary and cross-national panel database of micro data on health, socio-economic status and social and family networks of more than 85,000 individuals (approximately 150,000 interviews) from 19 European countries (+Israel) aged 50 or over.</r3d:description>
    <r3d:type>disciplinary</r3d:type>
    <r3d:size updated=""></r3d:size>
    <r3d:startDate>2005-04-01</r3d:startDate>
    <r3d:endDate></r3d:endDate>
    <r3d:repositoryLanguage>eng</r3d:repositoryLanguage>
    <r3d:repositoryLanguage>deu</r3d:repositoryLanguage>
    <r3d:repositoryLanguage>nld</r3d:repositoryLanguage>
    <r3d:repositoryLanguage>ces</r3d:repositoryLanguage>
    <r3d:repositoryLanguage>dan</r3d:repositoryLanguage>
    <r3d:repositoryLanguage>est</r3d:repositoryLanguage>
    <r3d:repositoryLanguage>fra</r3d:repositoryLanguage>
    <r3d:repositoryLanguage>ell</r3d:repositoryLanguage>
    <r3d:repositoryLanguage>heb</r3d:repositoryLanguage>
    <r3d:repositoryLanguage>ita</r3d:repositoryLanguage>
    <r3d:repositoryLanguage>pol</r3d:repositoryLanguage>
    <r3d:repositoryLanguage>por</r3d:repositoryLanguage>
    <r3d:repositoryLanguage>slv</r3d:repositoryLanguage>
    <r3d:repositoryLanguage>spa</r3d:repositoryLanguage>
    <r3d:repositoryLanguage>swe</r3d:repositoryLanguage>
    <r3d:subject subjectScheme="DFG">111 Social Sciences</r3d:subject>
    <r3d:subject subjectScheme="DFG">11102 Empirical Social Research</r3d:subject>
    <r3d:subject subjectScheme="DFG">12 Social and Behavioural Sciences</r3d:subject>
    <r3d:subject subjectScheme="DFG">20502 Public Health, Health Services Research, Social Medicine</r3d:subject>
    <r3d:subject subjectScheme="DFG">1 Humanities and Social Sciences</r3d:subject>
    <r3d:subject subjectScheme="DFG">205 Medicine</r3d:subject>
    <r3d:subject subjectScheme="DFG">22 Medicine</r3d:subject>
    <r3d:subject subjectScheme="DFG">2 Life Sciences</r3d:subject>
    <r3d:missionStatementURL>http://www.share-project.org/</r3d:missionStatementURL>
    <r3d:contentType contentTypeScheme="parse">Standard office documents</r3d:contentType>
    <r3d:contentType contentTypeScheme="parse">Audiovisual data</r3d:contentType>
    <r3d:contentType contentTypeScheme="parse">Plain text</r3d:contentType>
    <r3d:contentType contentTypeScheme="parse">Raw data</r3d:contentType>
    <r3d:contentType contentTypeScheme="parse">Scientific and statistical data formats</r3d:contentType>
    <r3d:providerType>dataProvider</r3d:providerType>
    <r3d:keyword>social network</r3d:keyword>
    <r3d:keyword>family network</r3d:keyword>
    <r3d:keyword>conditions</r3d:keyword>
    <r3d:keyword>physical and cognitive functioning</r3d:keyword>
    <r3d:keyword>bio-markers</r3d:keyword>
    <r3d:keyword>wealth</r3d:keyword>
    <r3d:keyword>consumption</r3d:keyword>
    <r3d:keyword>volunteer activities</r3d:keyword>
    <r3d:keyword>census data</r3d:keyword>
    <r3d:keyword>microdata</r3d:keyword>
    <r3d:institution>
        <r3d:institutionName language="eng">Max Planck Institute for Social Law and Social Policy, Munich Center for the Economics of Aging</r3d:institutionName>
        <r3d:institutionAdditionalName language="deu">Max-Planck-Institut für Sozialrecht und Sozialpolitik, Munich Center for the Economics of Aging</r3d:institutionAdditionalName>
        <r3d:institutionAdditionalName language="deu">MEA</r3d:institutionAdditionalName>
        <r3d:institutionCountry>DEU</r3d:institutionCountry>
        <r3d:responsibilityType>general</r3d:responsibilityType>
        <r3d:institutionType>non-profit</r3d:institutionType>
        <r3d:institutionURL>http://mea.mpisoc.mpg.de/</r3d:institutionURL>
        <r3d:responsibilityStartDate></r3d:responsibilityStartDate>
        <r3d:responsibilityEndDate></r3d:responsibilityEndDate>
        <r3d:institutionContact>axel@boersch-supan.de</r3d:institutionContact>
    </r3d:institution>
    <r3d:institution>
        <r3d:institutionName language="eng">Survey of Health, Ageing and Retirement in Europe, Research Data Center</r3d:institutionName>
        <r3d:institutionAdditionalName language="eng">SHARE</r3d:institutionAdditionalName>
        <r3d:institutionCountry>NLD</r3d:institutionCountry>
        <r3d:responsibilityType>technical</r3d:responsibilityType>
        <r3d:institutionType>non-profit</r3d:institutionType>
        <r3d:institutionURL>http://www.share-project.org/data-access-documentation/research-data-center-data-access.html</r3d:institutionURL>
        <r3d:responsibilityStartDate></r3d:responsibilityStartDate>
        <r3d:responsibilityEndDate></r3d:responsibilityEndDate>
        <r3d:institutionContact>jjanssen@uvt.nl</r3d:institutionContact>
        <r3d:institutionContact>info@share-project.org</r3d:institutionContact>
    </r3d:institution>
    <r3d:institution>
        <r3d:institutionName language="eng">Tilburg University</r3d:institutionName>
        <r3d:institutionCountry>NLD</r3d:institutionCountry>
        <r3d:responsibilityType>technical</r3d:responsibilityType>
        <r3d:institutionType>non-profit</r3d:institutionType>
        <r3d:institutionURL>http://www.tilburguniversity.edu/</r3d:institutionURL>
        <r3d:responsibilityStartDate></r3d:responsibilityStartDate>
        <r3d:responsibilityEndDate></r3d:responsibilityEndDate>
    </r3d:institution>
    <r3d:institution>
        <r3d:institutionName language="eng">SHARE, country teams</r3d:institutionName>
        <r3d:institutionCountry>NLD</r3d:institutionCountry>
        <r3d:responsibilityType>general</r3d:responsibilityType>
        <r3d:institutionType>non-profit</r3d:institutionType>
        <r3d:institutionURL>http://www.share-project.org/organisation/share-country-teams.html</r3d:institutionURL>
        <r3d:responsibilityStartDate></r3d:responsibilityStartDate>
        <r3d:responsibilityEndDate></r3d:responsibilityEndDate>
    </r3d:institution>
    <r3d:institution>
        <r3d:institutionName language="eng">European Commission, Community Research and Development Information Service, Seventh Framework Programme - FP6</r3d:institutionName>
        <r3d:institutionAdditionalName language="eng">CORDIS FP6</r3d:institutionAdditionalName>
        <r3d:institutionCountry>EEC</r3d:institutionCountry>
        <r3d:responsibilityType>funding</r3d:responsibilityType>
        <r3d:institutionType>non-profit</r3d:institutionType>
        <r3d:institutionURL>http://cordis.europa.eu/fp6/</r3d:institutionURL>
        <r3d:responsibilityStartDate></r3d:responsibilityStartDate>
        <r3d:responsibilityEndDate></r3d:responsibilityEndDate>
    </r3d:institution>
    <r3d:institution>
        <r3d:institutionName language="eng">European Commission, Community Research and Development Information Service, Seventh Framework Programme - FP7</r3d:institutionName>
        <r3d:institutionAdditionalName language="eng">CORDIS FP7</r3d:institutionAdditionalName>
        <r3d:institutionCountry>EEC</r3d:institutionCountry>
        <r3d:responsibilityType>funding</r3d:responsibilityType>
        <r3d:institutionType>non-profit</r3d:institutionType>
        <r3d:institutionURL>http://cordis.europa.eu/fp7/</r3d:institutionURL>
        <r3d:responsibilityStartDate></r3d:responsibilityStartDate>
        <r3d:responsibilityEndDate></r3d:responsibilityEndDate>
    </r3d:institution>
    <r3d:institution>
        <r3d:institutionName language="eng">Federal Ministry of Education and Research</r3d:institutionName>
        <r3d:institutionAdditionalName language="deu">Bundesministerium für Bildung und Forschung</r3d:institutionAdditionalName>
        <r3d:institutionAdditionalName language="deu">BMBF</r3d:institutionAdditionalName>
        <r3d:institutionCountry>DEU</r3d:institutionCountry>
        <r3d:responsibilityType>funding</r3d:responsibilityType>
        <r3d:institutionType>non-profit</r3d:institutionType>
        <r3d:institutionURL>https://www.bmbf.de/en/index.html</r3d:institutionURL>
        <r3d:responsibilityStartDate></r3d:responsibilityStartDate>
        <r3d:responsibilityEndDate></r3d:responsibilityEndDate>
    </r3d:institution>
    <r3d:policy>
        <r3d:policyName>SHARE Date Access Rules</r3d:policyName>
        <r3d:policyURL>http://www.share-project.org/data-access-documentation/research-data-center-data-access.html</r3d:policyURL>
    </r3d:policy>
    <r3d:policy>
        <r3d:policyName>Kriterien des RatSWD</r3d:policyName>
        <r3d:policyURL>http://www.ratswd.de/download/publikationen_rat/RatSWD_FDZKriterien.PDF</r3d:policyURL>
    </r3d:policy>
    <r3d:databaseAccess>
        <r3d:databaseAccessType>open</r3d:databaseAccessType>
    </r3d:databaseAccess>
    <r3d:dataAccess>
    <r3d:dataAccessType>restricted</r3d:dataAccessType>
    <r3d:dataAccessRestriction>registration</r3d:dataAccessRestriction>
    </r3d:dataAccess>
    <r3d:dataAccess>
    <r3d:dataAccessType>restricted</r3d:dataAccessType>
    <r3d:dataAccessRestriction>other</r3d:dataAccessRestriction>
    </r3d:dataAccess>
    <r3d:dataLicense>
        <r3d:dataLicenseName>other</r3d:dataLicenseName>
        <r3d:dataLicenseURL>http://www.share-project.org/data-access-documentation/research-data-center-data-access.html</r3d:dataLicenseURL>
    </r3d:dataLicense>
    <r3d:dataUpload>
        <r3d:dataUploadType>restricted</r3d:dataUploadType>
        <r3d:dataUploadRestriction>other</r3d:dataUploadRestriction>
    </r3d:dataUpload>
    <r3d:software>
        <r3d:softwareName>unknown</r3d:softwareName>
    </r3d:software>
    <r3d:versioning></r3d:versioning>
    <r3d:pidSystem>DOI</r3d:pidSystem>
    <r3d:citationGuidelineURL>http://www.share-project.org/data-access-documentation/research-data-center-data-access.html</r3d:citationGuidelineURL>
    <r3d:enhancedPublication>unknown</r3d:enhancedPublication>
    <r3d:qualityManagement>yes</r3d:qualityManagement>
    <r3d:certificate>RatSWD</r3d:certificate>
    <r3d:remarks>Survey of Health, Ageing and Retirement in Europe is covered by Thomson Reuters Data Citation Index. In March 2011, the Survey of Health, Ageing and Retirement in Europe (SHARE) became the first European Research Infrastructure Consortium (ERIC). The SHARE Research Data Center complies with the Criteria of the German Council for Social and Economic Data for providing access to microdata. SHARE is a member of the RatSWD - research data - infrastructure.</r3d:remarks>
    <r3d:entryDate>2013-07-09</r3d:entryDate>
    <r3d:lastUpdate>2017-03-03</r3d:lastUpdate>
  </r3d:repository>
</r3d:re3data>