<?xml version="1.0" encoding="utf-8"?>
<!--re3data.org Schema for the Description of Research Data Repositories. Version 2.2, December 2014. doi:10.2312/re3.006-->
<r3d:re3data xmlns:r3d="http://www.re3data.org/schema/2-2" xmlns:xsi="http://www.w3.org/2001/XMLSchema-instance" xsi:schemaLocation="http://www.re3data.org/schema/2-2 http://schema.re3data.org/2-2/re3dataV2-2.xsd">
  <r3d:repository>
    <r3d:re3data.orgIdentifier>r3d100010091</r3d:re3data.orgIdentifier>
    <r3d:repositoryName language="eng">JASPAR</r3d:repositoryName>
    <r3d:repositoryURL>http://jaspar.genereg.net/</r3d:repositoryURL>
    <r3d:repositoryIdentifier>RRID:nif-0000-03061</r3d:repositoryIdentifier>
    <r3d:repositoryIdentifier>RRID:SCR_003030</r3d:repositoryIdentifier>
    <r3d:repositoryIdentifier>RRID:OMICS_00538</r3d:repositoryIdentifier>
    <r3d:description language="eng">JASPAR is the leading open-access database of matrix profiles describing the DNA-binding patterns of transcription factors and other proteins interacting with DNA in a sequence-specific manner.</r3d:description>
    <r3d:repositoryContact>http://jaspar.genereg.net/html/TEMPLATES/help.html#contact</r3d:repositoryContact>
    <r3d:type>disciplinary</r3d:type>
    <r3d:size updated="2012-11-20">500 profiles</r3d:size>
    <r3d:startDate>2004</r3d:startDate>
    <r3d:endDate></r3d:endDate>
    <r3d:repositoryLanguage>eng</r3d:repositoryLanguage>
    <r3d:repositoryLanguage>dan</r3d:repositoryLanguage>
    <r3d:subject subjectScheme="DFG">21 Biology</r3d:subject>
    <r3d:subject subjectScheme="DFG">2 Life Sciences</r3d:subject>
    <r3d:missionStatementURL>http://jaspar.genereg.net/html/TEMPLATES/help.html#test</r3d:missionStatementURL>
    <r3d:contentType contentTypeScheme="parse">Structured graphics</r3d:contentType>
    <r3d:contentType contentTypeScheme="parse">Scientific and statistical data formats</r3d:contentType>
    <r3d:contentType contentTypeScheme="parse">Raw data</r3d:contentType>
    <r3d:contentType contentTypeScheme="parse">Plain text</r3d:contentType>
    <r3d:contentType contentTypeScheme="parse">Archived data</r3d:contentType>
    <r3d:providerType>dataProvider</r3d:providerType>
    <r3d:keyword>protein</r3d:keyword>
    <r3d:keyword>matrix models</r3d:keyword>
    <r3d:keyword>DNA</r3d:keyword>
    <r3d:keyword>pattern</r3d:keyword>
    <r3d:keyword>bioinformatics</r3d:keyword>
    <r3d:keyword>funghi</r3d:keyword>
    <r3d:keyword>plant</r3d:keyword>
    <r3d:keyword>insect</r3d:keyword>
    <r3d:keyword>structures</r3d:keyword>
    <r3d:keyword>vertebrata</r3d:keyword>
    <r3d:keyword>nematoda</r3d:keyword>
    <r3d:institution>
        <r3d:institutionName language="eng">University of Copenhagen, Bioinformatics Center</r3d:institutionName>
        <r3d:institutionAdditionalName language="dan">Kobenhavns Universitet, Bioinformatik-centret</r3d:institutionAdditionalName>
        <r3d:institutionCountry>DNK</r3d:institutionCountry>
        <r3d:responsibilityType>general</r3d:responsibilityType>
        <r3d:responsibilityType>technical</r3d:responsibilityType>
        <r3d:responsibilityType>funding</r3d:responsibilityType>
        <r3d:institutionType>non-profit</r3d:institutionType>
        <r3d:institutionURL>http://www.binf.ku.dk/</r3d:institutionURL>
        <r3d:responsibilityStartDate>2004</r3d:responsibilityStartDate>
        <r3d:responsibilityEndDate></r3d:responsibilityEndDate>
        <r3d:institutionContact>http://jaspar.genereg.net/html/TEMPLATES/help.html#CONTACT</r3d:institutionContact>
    </r3d:institution>
    <r3d:policy>
        <r3d:policyName>Documentation</r3d:policyName>
        <r3d:policyURL>http://jaspar.binf.ku.dk/html/TEMPLATES/help.html</r3d:policyURL>
    </r3d:policy>
    <r3d:policy>
        <r3d:policyName>JASPAR data submission</r3d:policyName>
        <r3d:policyURL>http://jaspar.binf.ku.dk/html/TEMPLATES/submission.html</r3d:policyURL>
    </r3d:policy>
    <r3d:databaseAccess>
        <r3d:databaseAccessType>open</r3d:databaseAccessType>
    </r3d:databaseAccess>
    <r3d:dataAccess>
    <r3d:dataAccessType>open</r3d:dataAccessType>
    </r3d:dataAccess>
    <r3d:dataLicense>
        <r3d:dataLicenseName>other</r3d:dataLicenseName>
        <r3d:dataLicenseURL>http://jaspar.binf.ku.dk/html/TEMPLATES/help.html</r3d:dataLicenseURL>
    </r3d:dataLicense>
    <r3d:dataUpload>
        <r3d:dataUploadType>restricted</r3d:dataUploadType>
        <r3d:dataUploadRestriction>other</r3d:dataUploadRestriction>
    </r3d:dataUpload>
    <r3d:dataUploadLicense>
        <r3d:dataUploadLicenseName>JASPAR Data Submission</r3d:dataUploadLicenseName>
        <r3d:dataUploadLicenseURL>http://jaspar.binf.ku.dk/html/TEMPLATES/submission.html</r3d:dataUploadLicenseURL>
    </r3d:dataUploadLicense>
    <r3d:software>
        <r3d:softwareName>unknown</r3d:softwareName>
    </r3d:software>
    <r3d:versioning>yes</r3d:versioning>
    <r3d:api apiType="SOAP">http://api.bioinfo.no/wsdl/JasparDB.wsdl</r3d:api>
    <r3d:api apiType="other">http://jaspar.genereg.net/html/TEMPLATES/help.html#test</r3d:api>
    <r3d:pidSystem>none</r3d:pidSystem>
    <r3d:citationGuidelineURL>http://jaspar.genereg.net/html/TEMPLATES/help.html#how-do-i-cite-jaspar</r3d:citationGuidelineURL>
    <r3d:enhancedPublication>unknown</r3d:enhancedPublication>
    <r3d:qualityManagement>yes</r3d:qualityManagement>
    <r3d:remarks>Authority: Albin Sandelin (University of Copenhagen); Boris Lenhard (University of Bergen)</r3d:remarks>
    <r3d:entryDate>2012-10-08</r3d:entryDate>
    <r3d:lastUpdate>2017-03-16</r3d:lastUpdate>
  </r3d:repository>
</r3d:re3data>