<?xml version="1.0" encoding="utf-8"?>
<!--re3data.org Schema for the Description of Research Data Repositories. Version 2.2, December 2014. doi:10.2312/re3.006-->
<r3d:re3data xmlns:r3d="http://www.re3data.org/schema/2-2" xmlns:xsi="http://www.w3.org/2001/XMLSchema-instance" xsi:schemaLocation="http://www.re3data.org/schema/2-2 http://schema.re3data.org/2-2/re3dataV2-2.xsd">
  <r3d:repository>
    <r3d:re3data.orgIdentifier>r3d100010274</r3d:re3data.orgIdentifier>
    <r3d:repositoryName language="eng">The whole brain Atlas</r3d:repositoryName>
    <r3d:repositoryURL>http://www.med.harvard.edu/AANLIB/</r3d:repositoryURL>
    <r3d:repositoryIdentifier>RRID:nif-0000-00079</r3d:repositoryIdentifier>
    <r3d:repositoryIdentifier>RRID:SCR_005390</r3d:repositoryIdentifier>
    <r3d:description language="eng">This is an information resource for central nervous system imaging which integrates clinical information with magnetic resonance (MR), x-ray computed tomography (CT), and nuclear medicine images.</r3d:description>
    <r3d:repositoryContact>keith@bwh.harvard.edu</r3d:repositoryContact>
    <r3d:repositoryContact>jabecker@mit.edu</r3d:repositoryContact>
    <r3d:type>disciplinary</r3d:type>
    <r3d:size updated=""></r3d:size>
    <r3d:startDate>1995</r3d:startDate>
    <r3d:endDate></r3d:endDate>
    <r3d:repositoryLanguage>eng</r3d:repositoryLanguage>
    <r3d:subject subjectScheme="DFG">206 Neurosciences</r3d:subject>
    <r3d:subject subjectScheme="DFG">205 Medicine</r3d:subject>
    <r3d:subject subjectScheme="DFG">20532 Biomedical Technology and Medical Physics</r3d:subject>
    <r3d:subject subjectScheme="DFG">20606 Cognitive Neuroscience and Neuroimaging</r3d:subject>
    <r3d:subject subjectScheme="DFG">22 Medicine</r3d:subject>
    <r3d:subject subjectScheme="DFG">2 Life Sciences</r3d:subject>
    <r3d:missionStatementURL>http://www.med.harvard.edu/AANLIB/disclaimer.html</r3d:missionStatementURL>
    <r3d:contentType contentTypeScheme="parse">Images</r3d:contentType>
    <r3d:contentType contentTypeScheme="parse">Plain text</r3d:contentType>
    <r3d:contentType contentTypeScheme="parse">Raw data</r3d:contentType>
    <r3d:contentType contentTypeScheme="parse">Structured graphics</r3d:contentType>
    <r3d:contentType contentTypeScheme="parse">Software applications</r3d:contentType>
    <r3d:providerType>dataProvider</r3d:providerType>
    <r3d:keyword>human brain</r3d:keyword>
    <r3d:keyword>crt</r3d:keyword>
    <r3d:keyword>ct</r3d:keyword>
    <r3d:keyword>roentgen-ray computed tomography</r3d:keyword>
    <r3d:keyword>mri</r3d:keyword>
    <r3d:keyword>magnetic resonance imaging</r3d:keyword>
    <r3d:keyword>spect</r3d:keyword>
    <r3d:keyword>single photon</r3d:keyword>
    <r3d:keyword>pet</r3d:keyword>
    <r3d:keyword>positron emission computed tomography</r3d:keyword>
    <r3d:keyword>basic neuroanatomy</r3d:keyword>
    <r3d:keyword>brain disease</r3d:keyword>
    <r3d:keyword>tumor</r3d:keyword>
    <r3d:keyword>metastases</r3d:keyword>
    <r3d:keyword>central nervous systems</r3d:keyword>
    <r3d:keyword>neuroimaging</r3d:keyword>
    <r3d:institution>
        <r3d:institutionName language="eng">American Academy of Neurology</r3d:institutionName>
        <r3d:institutionAdditionalName language="eng">AAN</r3d:institutionAdditionalName>
        <r3d:institutionCountry>USA</r3d:institutionCountry>
        <r3d:responsibilityType>general</r3d:responsibilityType>
        <r3d:institutionType>non-profit</r3d:institutionType>
        <r3d:institutionURL>https://www.aan.com/</r3d:institutionURL>
        <r3d:responsibilityStartDate>1995</r3d:responsibilityStartDate>
        <r3d:responsibilityEndDate></r3d:responsibilityEndDate>
        <r3d:institutionContact>https://www.aan.com/contact-aan/</r3d:institutionContact>
    </r3d:institution>
    <r3d:institution>
        <r3d:institutionName language="eng">Harvard Medical School</r3d:institutionName>
        <r3d:institutionCountry>USA</r3d:institutionCountry>
        <r3d:responsibilityType>funding</r3d:responsibilityType>
        <r3d:responsibilityType>general</r3d:responsibilityType>
        <r3d:responsibilityType>technical</r3d:responsibilityType>
        <r3d:institutionType>non-profit</r3d:institutionType>
        <r3d:institutionURL>http://hms.harvard.edu/</r3d:institutionURL>
        <r3d:responsibilityStartDate>1995</r3d:responsibilityStartDate>
        <r3d:responsibilityEndDate></r3d:responsibilityEndDate>
        <r3d:institutionContact>keith@bwh.harvard.edu</r3d:institutionContact>
    </r3d:institution>
    <r3d:institution>
        <r3d:institutionName language="eng">Brigham and Women&#039;s Hospital, Department of Radiology</r3d:institutionName>
        <r3d:institutionAdditionalName language="eng">Department of Radiology</r3d:institutionAdditionalName>
        <r3d:institutionAdditionalName language="eng">BWH Radiology</r3d:institutionAdditionalName>
        <r3d:institutionCountry>USA</r3d:institutionCountry>
        <r3d:responsibilityType>general</r3d:responsibilityType>
        <r3d:institutionType>non-profit</r3d:institutionType>
        <r3d:institutionURL>http://www.brighamandwomens.org/Departments_and_Services/radiology/default.aspx</r3d:institutionURL>
        <r3d:responsibilityStartDate></r3d:responsibilityStartDate>
        <r3d:responsibilityEndDate></r3d:responsibilityEndDate>
        <r3d:institutionContact>http://www.brighamandwomens.org/Departments_and_Services/radiology/contactUs.aspx</r3d:institutionContact>
    </r3d:institution>
    <r3d:institution>
        <r3d:institutionName language="eng">Countway Library of Medicine</r3d:institutionName>
        <r3d:institutionCountry>USA</r3d:institutionCountry>
        <r3d:responsibilityType>general</r3d:responsibilityType>
        <r3d:institutionType>non-profit</r3d:institutionType>
        <r3d:institutionURL>https://www.countway.harvard.edu/node</r3d:institutionURL>
        <r3d:responsibilityStartDate>1995</r3d:responsibilityStartDate>
        <r3d:responsibilityEndDate></r3d:responsibilityEndDate>
        <r3d:institutionContact>https://www.countway.harvard.edu/forms/countway-website-feedback</r3d:institutionContact>
    </r3d:institution>
    <r3d:policy>
        <r3d:policyName>The Whole Brain Atlas Help Pages</r3d:policyName>
        <r3d:policyURL>http://www.med.harvard.edu/AANLIB/help.html</r3d:policyURL>
    </r3d:policy>
    <r3d:databaseAccess>
        <r3d:databaseAccessType>open</r3d:databaseAccessType>
    </r3d:databaseAccess>
    <r3d:dataAccess>
    <r3d:dataAccessType>open</r3d:dataAccessType>
    </r3d:dataAccess>
    <r3d:dataLicense>
        <r3d:dataLicenseName>Copyrights</r3d:dataLicenseName>
        <r3d:dataLicenseURL>http://www.med.harvard.edu/AANLIB/cprt.html</r3d:dataLicenseURL>
    </r3d:dataLicense>
    <r3d:dataUpload>
        <r3d:dataUploadType>open</r3d:dataUploadType>
    </r3d:dataUpload>
    <r3d:dataUploadLicense>
        <r3d:dataUploadLicenseName>Submit</r3d:dataUploadLicenseName>
        <r3d:dataUploadLicenseURL>http://www.med.harvard.edu/AANLIB/subm.html</r3d:dataUploadLicenseURL>
    </r3d:dataUploadLicense>
    <r3d:software>
        <r3d:softwareName>unknown</r3d:softwareName>
    </r3d:software>
    <r3d:versioning></r3d:versioning>
    <r3d:pidSystem>none</r3d:pidSystem>
    <r3d:citationGuidelineURL></r3d:citationGuidelineURL>
    <r3d:enhancedPublication>unknown</r3d:enhancedPublication>
    <r3d:qualityManagement>yes</r3d:qualityManagement>
    <r3d:remarks></r3d:remarks>
    <r3d:entryDate>2013-05-24</r3d:entryDate>
    <r3d:lastUpdate>2017-09-27</r3d:lastUpdate>
  </r3d:repository>
</r3d:re3data>