<?xml version="1.0" encoding="utf-8"?>
<!--re3data.org Schema for the Description of Research Data Repositories. Version 2.2, December 2014. doi:10.2312/re3.006-->
<r3d:re3data xmlns:r3d="http://www.re3data.org/schema/2-2" xmlns:xsi="http://www.w3.org/2001/XMLSchema-instance" xsi:schemaLocation="http://www.re3data.org/schema/2-2 http://schema.re3data.org/2-2/re3dataV2-2.xsd">
  <r3d:repository>
    <r3d:re3data.orgIdentifier>r3d100010556</r3d:re3data.orgIdentifier>
    <r3d:repositoryName language="eng">MyTardis at Monash University</r3d:repositoryName>
    <r3d:additionalName language="eng">Tardis</r3d:additionalName>
    <r3d:repositoryURL>http://www.mytardis.org/</r3d:repositoryURL>
    <r3d:description language="eng">MyTardis began at Monash University to solve the problem of users needing to store large datasets and share them with collaborators online. Its particular focus is on integration with scientific instruments, instrument facilities and research lab file storage. Our belief is that the less effort a researcher has to expend safely storing data, the more likely they are to do so.
This approach has flourished with MyTardis capturing data from areas such as protein crystallography, electron microscopy, medical imaging and proteomics and with deployments at Australian institutions such as University of Queensland, RMIT, University of Sydney and the Australian Synchrotron. Data access via https://mytardis.massive.org.au/ and http://vera183.its.monash.edu.au/public_data/ and see &#039;remarks&#039;.</r3d:description>
    <r3d:type>disciplinary</r3d:type>
    <r3d:size updated=""></r3d:size>
    <r3d:startDate>2010</r3d:startDate>
    <r3d:endDate></r3d:endDate>
    <r3d:repositoryLanguage>eng</r3d:repositoryLanguage>
    <r3d:subject subjectScheme="DFG">204 Microbiology, Virology and Immunology</r3d:subject>
    <r3d:subject subjectScheme="DFG">205 Medicine</r3d:subject>
    <r3d:subject subjectScheme="DFG">316 Geochemistry, Mineralogy and Crystallography</r3d:subject>
    <r3d:subject subjectScheme="DFG">22 Medicine</r3d:subject>
    <r3d:subject subjectScheme="DFG">21 Biology</r3d:subject>
    <r3d:subject subjectScheme="DFG">2 Life Sciences</r3d:subject>
    <r3d:subject subjectScheme="DFG">34 Geosciences (including Geography)</r3d:subject>
    <r3d:subject subjectScheme="DFG">3 Natural Sciences</r3d:subject>
    <r3d:missionStatementURL>http://www.mytardis.org/about/</r3d:missionStatementURL>
    <r3d:contentType contentTypeScheme="parse">Images</r3d:contentType>
    <r3d:contentType contentTypeScheme="parse">Raw data</r3d:contentType>
    <r3d:contentType contentTypeScheme="parse">Standard office documents</r3d:contentType>
    <r3d:contentType contentTypeScheme="parse">Scientific and statistical data formats</r3d:contentType>
    <r3d:contentType contentTypeScheme="parse">other</r3d:contentType>
    <r3d:providerType>serviceProvider</r3d:providerType>
    <r3d:keyword>protein crystallography</r3d:keyword>
    <r3d:keyword>malaria</r3d:keyword>
    <r3d:keyword>virus</r3d:keyword>
    <r3d:keyword>blood plasma</r3d:keyword>
    <r3d:keyword>x-rays</r3d:keyword>
    <r3d:keyword>synchrotron</r3d:keyword>
    <r3d:keyword>crystallography</r3d:keyword>
    <r3d:keyword>medical imaging</r3d:keyword>
    <r3d:keyword>proteomics</r3d:keyword>
    <r3d:institution>
        <r3d:institutionName language="eng">Monash University, eResearch Centre</r3d:institutionName>
        <r3d:institutionCountry>AUS</r3d:institutionCountry>
        <r3d:responsibilityType>general</r3d:responsibilityType>
        <r3d:responsibilityType>technical</r3d:responsibilityType>
        <r3d:institutionType>non-profit</r3d:institutionType>
        <r3d:institutionURL>https://platforms.monash.edu/eresearch/</r3d:institutionURL>
        <r3d:institutionIdentifier>RRID:SCR_001088</r3d:institutionIdentifier>
        <r3d:responsibilityStartDate></r3d:responsibilityStartDate>
        <r3d:responsibilityEndDate></r3d:responsibilityEndDate>
        <r3d:institutionContact>https://platforms.monash.edu/eresearch/index.php?option=com_contact_enhanced&amp;view=contact&amp;id=5&amp;Itemid=168</r3d:institutionContact>
    </r3d:institution>
    <r3d:institution>
        <r3d:institutionName language="eng">University of Queensland</r3d:institutionName>
        <r3d:institutionCountry>AUS</r3d:institutionCountry>
        <r3d:responsibilityType>general</r3d:responsibilityType>
        <r3d:institutionType>non-profit</r3d:institutionType>
        <r3d:institutionURL>http://uq.edu.au/</r3d:institutionURL>
        <r3d:responsibilityStartDate></r3d:responsibilityStartDate>
        <r3d:responsibilityEndDate></r3d:responsibilityEndDate>
        <r3d:institutionContact>http://www.uq.edu.au/contacts/</r3d:institutionContact>
    </r3d:institution>
    <r3d:institution>
        <r3d:institutionName language="eng">University of Sydney</r3d:institutionName>
        <r3d:institutionCountry>AUS</r3d:institutionCountry>
        <r3d:responsibilityType>general</r3d:responsibilityType>
        <r3d:institutionType>non-profit</r3d:institutionType>
        <r3d:institutionURL>http://sydney.edu.au/</r3d:institutionURL>
        <r3d:responsibilityStartDate></r3d:responsibilityStartDate>
        <r3d:responsibilityEndDate></r3d:responsibilityEndDate>
        <r3d:institutionContact>http://sydney.edu.au/contact.shtml</r3d:institutionContact>
    </r3d:institution>
    <r3d:institution>
        <r3d:institutionName language="eng">Australian Synchrotron</r3d:institutionName>
        <r3d:institutionCountry>AUS</r3d:institutionCountry>
        <r3d:responsibilityType>general</r3d:responsibilityType>
        <r3d:institutionType>non-profit</r3d:institutionType>
        <r3d:institutionURL>http://www.synchrotron.org.au/</r3d:institutionURL>
        <r3d:responsibilityStartDate></r3d:responsibilityStartDate>
        <r3d:responsibilityEndDate></r3d:responsibilityEndDate>
        <r3d:institutionContact>http://www.synchrotron.org.au/index.php/contact-us</r3d:institutionContact>
    </r3d:institution>
    <r3d:institution>
        <r3d:institutionName language="eng">Swinburne University of Technology</r3d:institutionName>
        <r3d:institutionCountry>AUS</r3d:institutionCountry>
        <r3d:responsibilityType>general</r3d:responsibilityType>
        <r3d:institutionType>non-profit</r3d:institutionType>
        <r3d:institutionURL>http://www.swinburne.edu.au/</r3d:institutionURL>
        <r3d:responsibilityStartDate></r3d:responsibilityStartDate>
        <r3d:responsibilityEndDate></r3d:responsibilityEndDate>
        <r3d:institutionContact>http://www.swinburne.edu.au/contact/</r3d:institutionContact>
    </r3d:institution>
    <r3d:institution>
        <r3d:institutionName language="eng">Royal Melbourne Institute of Technology</r3d:institutionName>
        <r3d:institutionAdditionalName language="eng">RMIT</r3d:institutionAdditionalName>
        <r3d:institutionCountry>AUS</r3d:institutionCountry>
        <r3d:responsibilityType>general</r3d:responsibilityType>
        <r3d:institutionType>non-profit</r3d:institutionType>
        <r3d:institutionURL>http://www.rmit.edu.au/</r3d:institutionURL>
        <r3d:responsibilityStartDate></r3d:responsibilityStartDate>
        <r3d:responsibilityEndDate></r3d:responsibilityEndDate>
        <r3d:institutionContact>http://www.rmit.edu.au/contact</r3d:institutionContact>
    </r3d:institution>
    <r3d:policy>
        <r3d:policyName>Community</r3d:policyName>
        <r3d:policyURL>http://www.mytardis.org/community/</r3d:policyURL>
    </r3d:policy>
    <r3d:databaseAccess>
        <r3d:databaseAccessType>open</r3d:databaseAccessType>
    </r3d:databaseAccess>
    <r3d:databaseLicense>
        <r3d:databaseLicenseName>BSD</r3d:databaseLicenseName>
        <r3d:databaseLicenseURL>https://opensource.org/licenses/BSD-3-Clause</r3d:databaseLicenseURL>
    </r3d:databaseLicense>
    <r3d:dataAccess>
    <r3d:dataAccessType>open</r3d:dataAccessType>
    </r3d:dataAccess>
    <r3d:dataAccess>
    <r3d:dataAccessType>restricted</r3d:dataAccessType>
    <r3d:dataAccessRestriction>registration</r3d:dataAccessRestriction>
    </r3d:dataAccess>
    <r3d:dataLicense>
        <r3d:dataLicenseName>CC</r3d:dataLicenseName>
        <r3d:dataLicenseURL>https://creativecommons.org/</r3d:dataLicenseURL>
    </r3d:dataLicense>
    <r3d:dataUpload>
        <r3d:dataUploadType>restricted</r3d:dataUploadType>
        <r3d:dataUploadRestriction>institutional membership</r3d:dataUploadRestriction>
    </r3d:dataUpload>
    <r3d:software>
        <r3d:softwareName>other</r3d:softwareName>
    </r3d:software>
    <r3d:versioning>yes</r3d:versioning>
    <r3d:api apiType="other">http://mytardis.readthedocs.io/en/latest/apps/oaipmh.html</r3d:api>
    <r3d:api apiType="REST">http://mytardis.readthedocs.io/en/latest/dev/api.html</r3d:api>
    <r3d:pidSystem>hdl</r3d:pidSystem>
    <r3d:citationGuidelineURL></r3d:citationGuidelineURL>
    <r3d:enhancedPublication>unknown</r3d:enhancedPublication>
    <r3d:qualityManagement>unknown</r3d:qualityManagement>
    <r3d:syndication syndicationType="RSS">http://www.mytardis.org/news?format=RSS</r3d:syndication>
    <r3d:remarks>List of current instruments adding data to MyTardis https://docs.google.com/spreadsheet/pub?key=0AiWyNjDdk40PdElvVmpGWjNiWUd1b2hxM0tmNUl6RVE&amp;output=html ;  Archive 2010-2012: https://mytardis.its.monash.edu.au/experiment/view/; MyTardis Australian Synchrotron Store: https://store.synchrotron.org.au/;  Software for download at github: https://github.com/mytardis/mytardis</r3d:remarks>
    <r3d:entryDate>2013-12-02</r3d:entryDate>
    <r3d:lastUpdate>2017-05-22</r3d:lastUpdate>
  </r3d:repository>
</r3d:re3data>