<?xml version="1.0" encoding="utf-8"?>
<!--re3data.org Schema for the Description of Research Data Repositories. Version 2.2, December 2014. doi:10.2312/re3.006-->
<r3d:re3data xmlns:r3d="http://www.re3data.org/schema/2-2" xmlns:xsi="http://www.w3.org/2001/XMLSchema-instance" xsi:schemaLocation="http://www.re3data.org/schema/2-2 http://schema.re3data.org/2-2/re3dataV2-2.xsd">
  <r3d:repository>
    <r3d:re3data.orgIdentifier>r3d100010328</r3d:re3data.orgIdentifier>
    <r3d:repositoryName language="eng">PsychData</r3d:repositoryName>
    <r3d:repositoryURL>https://www.psychdata.de/</r3d:repositoryURL>
    <r3d:description language="eng">Goal of the psychology data archive PsychData is the documentation and long-term archiving of research data from all areas of psychology and the social sciences, using specially created metadata and to provide use of the data for scientific purposes such as secondary analysis and reanalysis. Psychdata contains all areas of psychology, in particular data sets from clinical, developmental, educational, gero-, and work and organizational psychology stemming from longitudinal studies, major surveys, and test development.</r3d:description>
    <r3d:repositoryContact>psychdata@zpid.de</r3d:repositoryContact>
    <r3d:type>disciplinary</r3d:type>
    <r3d:size updated="2018-01-04">36 mio. data points; 54 studies; 163 datasets</r3d:size>
    <r3d:startDate>2002</r3d:startDate>
    <r3d:endDate></r3d:endDate>
    <r3d:repositoryLanguage>eng</r3d:repositoryLanguage>
    <r3d:repositoryLanguage>deu</r3d:repositoryLanguage>
    <r3d:subject subjectScheme="DFG">110 Psychology</r3d:subject>
    <r3d:subject subjectScheme="DFG">111 Social Sciences</r3d:subject>
    <r3d:subject subjectScheme="DFG">12 Social and Behavioural Sciences</r3d:subject>
    <r3d:subject subjectScheme="DFG">1 Humanities and Social Sciences</r3d:subject>
    <r3d:missionStatementURL>https://www.zpid.de/index.php?wahl=products&amp;uwahl=frei&amp;uuwahl=psychdatainfo&amp;lang=EN</r3d:missionStatementURL>
    <r3d:contentType contentTypeScheme="parse">Scientific and statistical data formats</r3d:contentType>
    <r3d:contentType contentTypeScheme="parse">Plain text</r3d:contentType>
    <r3d:contentType contentTypeScheme="parse">Standard office documents</r3d:contentType>
    <r3d:providerType>dataProvider</r3d:providerType>
    <r3d:keyword>psychology data</r3d:keyword>
    <r3d:institution>
        <r3d:institutionName language="eng">German Research Foundation</r3d:institutionName>
        <r3d:institutionAdditionalName language="deu">Deutsche Forschungsgemeinschaft</r3d:institutionAdditionalName>
        <r3d:institutionAdditionalName language="deu">DFG</r3d:institutionAdditionalName>
        <r3d:institutionCountry>DEU</r3d:institutionCountry>
        <r3d:responsibilityType>funding</r3d:responsibilityType>
        <r3d:institutionType>non-profit</r3d:institutionType>
        <r3d:institutionURL>http://www.dfg.de/en/index.jsp</r3d:institutionURL>
        <r3d:responsibilityStartDate></r3d:responsibilityStartDate>
        <r3d:responsibilityEndDate></r3d:responsibilityEndDate>
    </r3d:institution>
    <r3d:institution>
        <r3d:institutionName language="eng">Leibniz Institute for Psychology Information</r3d:institutionName>
        <r3d:institutionAdditionalName language="deu">Leibniz-Zentrum für Psychologische Information und Dokumentation</r3d:institutionAdditionalName>
        <r3d:institutionAdditionalName language="deu">ZPID</r3d:institutionAdditionalName>
        <r3d:institutionCountry>DEU</r3d:institutionCountry>
        <r3d:responsibilityType>general</r3d:responsibilityType>
        <r3d:institutionType>non-profit</r3d:institutionType>
        <r3d:institutionURL>https://www.zpid.de/</r3d:institutionURL>
        <r3d:responsibilityStartDate></r3d:responsibilityStartDate>
        <r3d:responsibilityEndDate></r3d:responsibilityEndDate>
        <r3d:institutionContact>info@zpid.de</r3d:institutionContact>
        <r3d:institutionContact>https://www.zpid.de/index.php?wahl=contact</r3d:institutionContact>
    </r3d:institution>
    <r3d:policy>
        <r3d:policyName>Kriterien des RatSWD</r3d:policyName>
        <r3d:policyURL>https://www.ratswd.de/download/publikationen_rat/RatSWD_FDZKriterien.PDF</r3d:policyURL>
    </r3d:policy>
    <r3d:databaseAccess>
        <r3d:databaseAccessType>open</r3d:databaseAccessType>
    </r3d:databaseAccess>
    <r3d:databaseLicense>
        <r3d:databaseLicenseName>Copyrights</r3d:databaseLicenseName>
        <r3d:databaseLicenseURL>http://psychdata.zpid.de/index.php?main=impressum&amp;sub=none</r3d:databaseLicenseURL>
    </r3d:databaseLicense>
    <r3d:dataAccess>
    <r3d:dataAccessType>restricted</r3d:dataAccessType>
    <r3d:dataAccessRestriction>other</r3d:dataAccessRestriction>
    </r3d:dataAccess>
    <r3d:dataLicense>
        <r3d:dataLicenseName>other</r3d:dataLicenseName>
        <r3d:dataLicenseURL>http://psychdata.zpid.de/index.php?main=take&amp;sub=empfang</r3d:dataLicenseURL>
    </r3d:dataLicense>
    <r3d:dataUpload>
        <r3d:dataUploadType>restricted</r3d:dataUploadType>
        <r3d:dataUploadRestriction>other</r3d:dataUploadRestriction>
    </r3d:dataUpload>
    <r3d:dataUploadLicense>
        <r3d:dataUploadLicenseName>Nutzungsüberlassungsvertrag</r3d:dataUploadLicenseName>
        <r3d:dataUploadLicenseURL>http://psychdata.zpid.de/downloads/psychdata_nutzungsueberlassung.pdf</r3d:dataUploadLicenseURL>
    </r3d:dataUploadLicense>
    <r3d:software>
        <r3d:softwareName>unknown</r3d:softwareName>
    </r3d:software>
    <r3d:versioning></r3d:versioning>
    <r3d:pidSystem>DOI</r3d:pidSystem>
    <r3d:citationGuidelineURL></r3d:citationGuidelineURL>
    <r3d:enhancedPublication>yes</r3d:enhancedPublication>
    <r3d:qualityManagement>yes</r3d:qualityManagement>
    <r3d:certificate>RatSWD</r3d:certificate>
    <r3d:metadataStandard>
      <r3d:metadataStandardName metadataStandardScheme="DCC">Dublin Core</r3d:metadataStandardName>
      <r3d:metadataStandardURL>http://www.dcc.ac.uk/resources/metadata-standards/dublin-core</r3d:metadataStandardURL>
    </r3d:metadataStandard>
    <r3d:metadataStandard>
      <r3d:metadataStandardName metadataStandardScheme="DCC">DDI - Data Documentation Initiative</r3d:metadataStandardName>
      <r3d:metadataStandardURL>http://www.dcc.ac.uk/resources/metadata-standards/ddi-data-documentation-initiative</r3d:metadataStandardURL>
    </r3d:metadataStandard>
    <r3d:remarks>Psychdata is covered by Thomson Reuters Data Citation Index. Not all information is available in english. The ZPID is a member of the Leibniz Association and of the RatSWD research data infrastructure</r3d:remarks>
    <r3d:entryDate>2013-07-19</r3d:entryDate>
    <r3d:lastUpdate>2018-01-04</r3d:lastUpdate>
  </r3d:repository>
</r3d:re3data>