<?xml version="1.0" encoding="utf-8"?>
<!--re3data.org Schema for the Description of Research Data Repositories. Version 2.2, December 2014. doi:10.2312/re3.006-->
<r3d:re3data xmlns:r3d="http://www.re3data.org/schema/2-2" xmlns:xsi="http://www.w3.org/2001/XMLSchema-instance" xsi:schemaLocation="http://www.re3data.org/schema/2-2 http://schema.re3data.org/2-2/re3dataV2-2.xsd">
  <r3d:repository>
    <r3d:re3data.orgIdentifier>r3d100010183</r3d:re3data.orgIdentifier>
    <r3d:repositoryName language="eng">UK-AIR</r3d:repositoryName>
    <r3d:additionalName language="eng">Air Information Resource</r3d:additionalName>
    <r3d:additionalName language="eng">UK Air Information Resource</r3d:additionalName>
    <r3d:repositoryURL>http://uk-air.defra.gov.uk/data/</r3d:repositoryURL>
    <r3d:description language="eng">These are the UK-AIR (Air Information Resource) webpages providing in-depth information on air quality and air pollution in the UK. A range of information is available, from the latest pollution levels, pollution forecast information, a data archive, and details of the various monitoring networks.</r3d:description>
    <r3d:type>disciplinary</r3d:type>
    <r3d:size updated=""></r3d:size>
    <r3d:startDate>2011</r3d:startDate>
    <r3d:endDate></r3d:endDate>
    <r3d:repositoryLanguage>eng</r3d:repositoryLanguage>
    <r3d:subject subjectScheme="DFG">31301 Atmospheric Science</r3d:subject>
    <r3d:subject subjectScheme="DFG">207 Agriculture, Forestry, Horticulture and Veterinary Medicine</r3d:subject>
    <r3d:subject subjectScheme="DFG">20502 Public Health, Health Services Research, Social Medicine</r3d:subject>
    <r3d:subject subjectScheme="DFG">31701 Physical Geography</r3d:subject>
    <r3d:subject subjectScheme="DFG">313 Atmospheric Science and Oceanography</r3d:subject>
    <r3d:subject subjectScheme="DFG">34 Geosciences (including Geography)</r3d:subject>
    <r3d:subject subjectScheme="DFG">3 Natural Sciences</r3d:subject>
    <r3d:subject subjectScheme="DFG">23 Agriculture, Forestry, Horticulture and Veterinary Medicine</r3d:subject>
    <r3d:subject subjectScheme="DFG">2 Life Sciences</r3d:subject>
    <r3d:subject subjectScheme="DFG">205 Medicine</r3d:subject>
    <r3d:subject subjectScheme="DFG">22 Medicine</r3d:subject>
    <r3d:subject subjectScheme="DFG">317 Geography</r3d:subject>
    <r3d:missionStatementURL>http://uk-air.defra.gov.uk/about-these-pages</r3d:missionStatementURL>
    <r3d:contentType contentTypeScheme="parse">Standard office documents</r3d:contentType>
    <r3d:contentType contentTypeScheme="parse">Archived data</r3d:contentType>
    <r3d:contentType contentTypeScheme="parse">Images</r3d:contentType>
    <r3d:contentType contentTypeScheme="parse">Structured graphics</r3d:contentType>
    <r3d:contentType contentTypeScheme="parse">Scientific and statistical data formats</r3d:contentType>
    <r3d:contentType contentTypeScheme="parse">Raw data</r3d:contentType>
    <r3d:contentType contentTypeScheme="parse">Plain text</r3d:contentType>
    <r3d:providerType>dataProvider</r3d:providerType>
    <r3d:providerType>serviceProvider</r3d:providerType>
    <r3d:keyword>air quality</r3d:keyword>
    <r3d:keyword>air pollution</r3d:keyword>
    <r3d:keyword>air quality index</r3d:keyword>
    <r3d:keyword>air pollution information system APIS</r3d:keyword>
    <r3d:keyword>monitoring data</r3d:keyword>
    <r3d:keyword>descriptive statistics</r3d:keyword>
    <r3d:keyword>exceedence statistics</r3d:keyword>
    <r3d:keyword>health</r3d:keyword>
    <r3d:keyword>global warming</r3d:keyword>
    <r3d:keyword>climate</r3d:keyword>
    <r3d:institution>
        <r3d:institutionName language="eng">Department for Environment Food and Rural Affairs</r3d:institutionName>
        <r3d:institutionAdditionalName language="eng">defra</r3d:institutionAdditionalName>
        <r3d:institutionCountry>GBR</r3d:institutionCountry>
        <r3d:responsibilityType>funding</r3d:responsibilityType>
        <r3d:responsibilityType>general</r3d:responsibilityType>
        <r3d:institutionType>non-profit</r3d:institutionType>
        <r3d:institutionURL>https://www.gov.uk/government/organisations/department-for-environment-food-rural-affairs</r3d:institutionURL>
        <r3d:responsibilityStartDate></r3d:responsibilityStartDate>
        <r3d:responsibilityEndDate></r3d:responsibilityEndDate>
        <r3d:institutionContact>aqinfo@ricardo-aea.com</r3d:institutionContact>
    </r3d:institution>
    <r3d:institution>
        <r3d:institutionName language="eng">Ricardo-AEA</r3d:institutionName>
        <r3d:institutionCountry>GBR</r3d:institutionCountry>
        <r3d:responsibilityType>technical</r3d:responsibilityType>
        <r3d:institutionType>non-profit</r3d:institutionType>
        <r3d:institutionURL>http://www.ricardo-aea.com/cms/</r3d:institutionURL>
        <r3d:responsibilityStartDate></r3d:responsibilityStartDate>
        <r3d:responsibilityEndDate></r3d:responsibilityEndDate>
        <r3d:institutionContact>aqinfo@ricardo-aea.com</r3d:institutionContact>
    </r3d:institution>
    <r3d:institution>
        <r3d:institutionName language="eng">Department of the Environment, Air and Environmental Quality Team</r3d:institutionName>
        <r3d:institutionAdditionalName language="eng">DOE</r3d:institutionAdditionalName>
        <r3d:institutionCountry>GBR</r3d:institutionCountry>
        <r3d:responsibilityType>funding</r3d:responsibilityType>
        <r3d:institutionType>non-profit</r3d:institutionType>
        <r3d:institutionURL>http://www.doeni.gov.uk/index/protect_the_environment/local_environmental_issues/air_and_environmental_quality.htm</r3d:institutionURL>
        <r3d:responsibilityStartDate></r3d:responsibilityStartDate>
        <r3d:responsibilityEndDate></r3d:responsibilityEndDate>
    </r3d:institution>
    <r3d:institution>
        <r3d:institutionName language="eng">Welsh Government</r3d:institutionName>
        <r3d:institutionAdditionalName language="gla">Llywodraeth Cymru</r3d:institutionAdditionalName>
        <r3d:institutionCountry>GBR</r3d:institutionCountry>
        <r3d:responsibilityType>funding</r3d:responsibilityType>
        <r3d:institutionType>non-profit</r3d:institutionType>
        <r3d:institutionURL>http://wales.gov.uk/topics/environmentcountryside/epq/airqualitypollution/airquality/?lang=en</r3d:institutionURL>
        <r3d:responsibilityStartDate></r3d:responsibilityStartDate>
        <r3d:responsibilityEndDate></r3d:responsibilityEndDate>
    </r3d:institution>
    <r3d:institution>
        <r3d:institutionName language="eng">Scottish Government</r3d:institutionName>
        <r3d:institutionAdditionalName language="gla">Riaghaltas na h-Alba</r3d:institutionAdditionalName>
        <r3d:institutionCountry>GBR</r3d:institutionCountry>
        <r3d:responsibilityType>funding</r3d:responsibilityType>
        <r3d:institutionType>non-profit</r3d:institutionType>
        <r3d:institutionURL>http://www.scotland.gov.uk/Topics/Environment/waste-and-pollution/Pollution-1/16215</r3d:institutionURL>
        <r3d:responsibilityStartDate></r3d:responsibilityStartDate>
        <r3d:responsibilityEndDate></r3d:responsibilityEndDate>
    </r3d:institution>
    <r3d:policy>
        <r3d:policyName>Privacy policy</r3d:policyName>
        <r3d:policyURL>http://uk-air.defra.gov.uk/privacy</r3d:policyURL>
    </r3d:policy>
    <r3d:policy>
        <r3d:policyName>UK-AIR cookies policy</r3d:policyName>
        <r3d:policyURL>http://uk-air.defra.gov.uk/cookies</r3d:policyURL>
    </r3d:policy>
    <r3d:databaseAccess>
        <r3d:databaseAccessType>open</r3d:databaseAccessType>
    </r3d:databaseAccess>
    <r3d:databaseLicense>
        <r3d:databaseLicenseName>Copyrights</r3d:databaseLicenseName>
        <r3d:databaseLicenseURL>https://www.gov.uk/copyright-licensing-agency-licence</r3d:databaseLicenseURL>
    </r3d:databaseLicense>
    <r3d:dataAccess>
    <r3d:dataAccessType>open</r3d:dataAccessType>
    </r3d:dataAccess>
    <r3d:dataAccess>
    <r3d:dataAccessType>restricted</r3d:dataAccessType>
    <r3d:dataAccessRestriction>registration</r3d:dataAccessRestriction>
    </r3d:dataAccess>
    <r3d:dataLicense>
        <r3d:dataLicenseName>OGL</r3d:dataLicenseName>
        <r3d:dataLicenseURL>http://www.nationalarchives.gov.uk/doc/open-government-licence/version/2/</r3d:dataLicenseURL>
    </r3d:dataLicense>
    <r3d:dataLicense>
        <r3d:dataLicenseName>Copyrights</r3d:dataLicenseName>
        <r3d:dataLicenseURL>http://www.nationalarchives.gov.uk/information-management/re-using-public-sector-information/copyright/crown-copyright/</r3d:dataLicenseURL>
    </r3d:dataLicense>
    <r3d:dataUpload>
        <r3d:dataUploadType>closed</r3d:dataUploadType>
    </r3d:dataUpload>
    <r3d:software>
        <r3d:softwareName>unknown</r3d:softwareName>
    </r3d:software>
    <r3d:versioning>yes</r3d:versioning>
    <r3d:pidSystem>none</r3d:pidSystem>
    <r3d:citationGuidelineURL></r3d:citationGuidelineURL>
    <r3d:enhancedPublication>unknown</r3d:enhancedPublication>
    <r3d:qualityManagement>yes</r3d:qualityManagement>
    <r3d:syndication syndicationType="RSS">http://uk-air.defra.gov.uk/assets/rss/forecast.xml</r3d:syndication>
    <r3d:syndication syndicationType="RSS">http://uk-air.defra.gov.uk/assets/rss/current_region_levels.xml</r3d:syndication>
    <r3d:remarks>There are around 300 monitoring sites in total across the UK which monitor air quality and these are organised into networks that gather a particular kind of information, using a particular method. The pollutants measured and method used by each network depends upon the reason for setting up the network, and what the data is to be used for.
An interactive monitoring map is available to view the locations of the sites in the UK networks.</r3d:remarks>
    <r3d:entryDate>2013-01-07</r3d:entryDate>
    <r3d:lastUpdate>2017-03-30</r3d:lastUpdate>
  </r3d:repository>
</r3d:re3data>