<?xml version="1.0" encoding="utf-8"?>
<!--re3data.org Schema for the Description of Research Data Repositories. Version 2.2, December 2014. doi:10.2312/re3.006-->
<r3d:re3data xmlns:r3d="http://www.re3data.org/schema/2-2" xmlns:xsi="http://www.w3.org/2001/XMLSchema-instance" xsi:schemaLocation="http://www.re3data.org/schema/2-2 http://schema.re3data.org/2-2/re3dataV2-2.xsd">
  <r3d:repository>
    <r3d:re3data.orgIdentifier>r3d100010400</r3d:re3data.orgIdentifier>
    <r3d:repositoryName language="eng">Banco de Información para la Investigación Aplicada en Ciencias Sociales, Repositorio Institucional</r3d:repositoryName>
    <r3d:additionalName language="eng">BIIACS</r3d:additionalName>
    <r3d:repositoryURL>http://biiacs-dspace.cide.edu/</r3d:repositoryURL>
    <r3d:description language="eng">The Information Bank for Applied Research in Social Sciences (BIIACS) Central aims to provide strategic information services for the investigation and resolution of social problems and conduct rigorous analysis of databases and provide advice to decision-makers. To provide efficient access to information, the BIIACS conducted five major activities: collects, protects, preserves, and disseminates cure databases.
The databases are available online and for free. They are organized in communities and collections with diverse content ranging from information on various economic, political and social of Mexico in different periods of federal government until election survey results conducted by higher education institutions as the CIDE and pollsters as Mund Americas.</r3d:description>
    <r3d:repositoryContact>biiacs@cide.edu</r3d:repositoryContact>
    <r3d:type>institutional</r3d:type>
    <r3d:size updated=""></r3d:size>
    <r3d:startDate>2008</r3d:startDate>
    <r3d:endDate></r3d:endDate>
    <r3d:repositoryLanguage>spa</r3d:repositoryLanguage>
    <r3d:subject subjectScheme="DFG">1 Humanities and Social Sciences</r3d:subject>
    <r3d:subject subjectScheme="DFG">111 Social Sciences</r3d:subject>
    <r3d:subject subjectScheme="DFG">112 Economics</r3d:subject>
    <r3d:subject subjectScheme="DFG">11104 Political Science</r3d:subject>
    <r3d:subject subjectScheme="DFG">23 Agriculture, Forestry, Horticulture and Veterinary Medicine</r3d:subject>
    <r3d:subject subjectScheme="DFG">317 Geography</r3d:subject>
    <r3d:subject subjectScheme="DFG">113 Jurisprudence</r3d:subject>
    <r3d:subject subjectScheme="DFG">12 Social and Behavioural Sciences</r3d:subject>
    <r3d:subject subjectScheme="DFG">2 Life Sciences</r3d:subject>
    <r3d:subject subjectScheme="DFG">34 Geosciences (including Geography)</r3d:subject>
    <r3d:subject subjectScheme="DFG">3 Natural Sciences</r3d:subject>
    <r3d:missionStatementURL>http://mapp.cide.edu/sobre-el-cide</r3d:missionStatementURL>
    <r3d:contentType contentTypeScheme="parse">Standard office documents</r3d:contentType>
    <r3d:contentType contentTypeScheme="parse">Images</r3d:contentType>
    <r3d:contentType contentTypeScheme="parse">Scientific and statistical data formats</r3d:contentType>
    <r3d:contentType contentTypeScheme="parse">Structured graphics</r3d:contentType>
    <r3d:contentType contentTypeScheme="parse">Plain text</r3d:contentType>
    <r3d:contentType contentTypeScheme="parse">Structured text</r3d:contentType>
    <r3d:contentType contentTypeScheme="parse">Software applications</r3d:contentType>
    <r3d:providerType>dataProvider</r3d:providerType>
    <r3d:keyword>Mexico</r3d:keyword>
    <r3d:keyword>public administration</r3d:keyword>
    <r3d:keyword>sociology</r3d:keyword>
    <r3d:keyword>international studies</r3d:keyword>
    <r3d:keyword>maps Mexico</r3d:keyword>
    <r3d:institution>
        <r3d:institutionName language="eng">Centro de Investigacion y Docenia Economicas, A.C.</r3d:institutionName>
        <r3d:institutionAdditionalName language="spa">CIDE</r3d:institutionAdditionalName>
        <r3d:institutionCountry>MEX</r3d:institutionCountry>
        <r3d:responsibilityType>funding</r3d:responsibilityType>
        <r3d:institutionType>non-profit</r3d:institutionType>
        <r3d:institutionURL>http://www.cide.edu/</r3d:institutionURL>
        <r3d:responsibilityStartDate></r3d:responsibilityStartDate>
        <r3d:responsibilityEndDate></r3d:responsibilityEndDate>
        <r3d:institutionContact>http://www.gob.mx/cms/uploads/attachment/file/101984/Centro_de_Investigaci_n_y_Docencia_Econ_micas__A.C._CIDE.pdf</r3d:institutionContact>
    </r3d:institution>
    <r3d:institution>
        <r3d:institutionName language="spa">Banco de Información para la Investigación Aplicada en Ciencias Sociales</r3d:institutionName>
        <r3d:institutionAdditionalName language="spa">BIIACS</r3d:institutionAdditionalName>
        <r3d:institutionCountry>MEX</r3d:institutionCountry>
        <r3d:responsibilityType>general</r3d:responsibilityType>
        <r3d:responsibilityType>technical</r3d:responsibilityType>
        <r3d:institutionType>non-profit</r3d:institutionType>
        <r3d:institutionURL>http://biiacs-dspace.cide.edu/</r3d:institutionURL>
        <r3d:responsibilityStartDate></r3d:responsibilityStartDate>
        <r3d:responsibilityEndDate></r3d:responsibilityEndDate>
        <r3d:institutionContact>biiacs@cide.edu</r3d:institutionContact>
    </r3d:institution>
    <r3d:policy>
        <r3d:policyName>Politica de privacidad</r3d:policyName>
        <r3d:policyURL>http://cide.edu/politica-de-privacidad/</r3d:policyURL>
    </r3d:policy>
    <r3d:databaseAccess>
        <r3d:databaseAccessType>open</r3d:databaseAccessType>
    </r3d:databaseAccess>
    <r3d:databaseLicense>
        <r3d:databaseLicenseName>other</r3d:databaseLicenseName>
        <r3d:databaseLicenseURL>http://opensource.org/licenses/bsd-license.php</r3d:databaseLicenseURL>
    </r3d:databaseLicense>
    <r3d:dataAccess>
    <r3d:dataAccessType>open</r3d:dataAccessType>
    </r3d:dataAccess>
    <r3d:dataAccess>
    <r3d:dataAccessType>restricted</r3d:dataAccessType>
    <r3d:dataAccessRestriction>registration</r3d:dataAccessRestriction>
    </r3d:dataAccess>
    <r3d:dataAccess>
    <r3d:dataAccessType>restricted</r3d:dataAccessType>
    <r3d:dataAccessRestriction>feeRequired</r3d:dataAccessRestriction>
    </r3d:dataAccess>
    <r3d:dataAccess>
    <r3d:dataAccessType>restricted</r3d:dataAccessType>
    <r3d:dataAccessRestriction>other</r3d:dataAccessRestriction>
    </r3d:dataAccess>
    <r3d:dataLicense>
        <r3d:dataLicenseName>CC</r3d:dataLicenseName>
        <r3d:dataLicenseURL>http://biiacs-dspace.cide.edu/handle/10089/15952</r3d:dataLicenseURL>
    </r3d:dataLicense>
    <r3d:dataUpload>
        <r3d:dataUploadType>restricted</r3d:dataUploadType>
        <r3d:dataUploadRestriction>other</r3d:dataUploadRestriction>
    </r3d:dataUpload>
    <r3d:software>
        <r3d:softwareName>DSpace</r3d:softwareName>
    </r3d:software>
    <r3d:versioning></r3d:versioning>
    <r3d:pidSystem>hdl</r3d:pidSystem>
    <r3d:citationGuidelineURL>http://www.biiacs.cide.edu/consulta/citacion</r3d:citationGuidelineURL>
    <r3d:enhancedPublication>unknown</r3d:enhancedPublication>
    <r3d:qualityManagement>yes</r3d:qualityManagement>
    <r3d:certificate>DSA</r3d:certificate>
    <r3d:syndication syndicationType="ATOM">http://biiacs-dspace.cide.edu/feed/atom_1.0/site</r3d:syndication>
    <r3d:syndication syndicationType="RSS">http://biiacs-dspace.cide.edu/feed/rss_1.0/site</r3d:syndication>
    <r3d:syndication syndicationType="RSS">http://biiacs-dspace.cide.edu/feed/rss_2.0/site</r3d:syndication>
    <r3d:remarks></r3d:remarks>
    <r3d:entryDate>2013-11-06</r3d:entryDate>
    <r3d:lastUpdate>2017-05-02</r3d:lastUpdate>
  </r3d:repository>
</r3d:re3data>