<?xml version="1.0" encoding="utf-8"?>
<!--re3data.org Schema for the Description of Research Data Repositories. Version 2.2, December 2014. doi:10.2312/re3.006-->
<r3d:re3data xmlns:r3d="http://www.re3data.org/schema/2-2" xmlns:xsi="http://www.w3.org/2001/XMLSchema-instance" xsi:schemaLocation="http://www.re3data.org/schema/2-2 http://schema.re3data.org/2-2/re3dataV2-2.xsd">
  <r3d:repository>
    <r3d:re3data.orgIdentifier>r3d100010133</r3d:re3data.orgIdentifier>
    <r3d:repositoryName language="eng">UPSpace</r3d:repositoryName>
    <r3d:repositoryURL>http://repository.up.ac.za/</r3d:repositoryURL>
    <r3d:description language="eng">A open access electronic archive collecting, preserving and distributing digital materials created by members of the University of Pretoria.</r3d:description>
    <r3d:repositoryContact>upspace@up.ac.za</r3d:repositoryContact>
    <r3d:repositoryContact>tlou.mathiba@up.ac.za</r3d:repositoryContact>
    <r3d:repositoryContact>https://repository.up.ac.za/contact</r3d:repositoryContact>
    <r3d:type>institutional</r3d:type>
    <r3d:size updated="2017-11-15">47.783 entries; quaterly increasing by 600 entries</r3d:size>
    <r3d:startDate>2006</r3d:startDate>
    <r3d:endDate></r3d:endDate>
    <r3d:repositoryLanguage>eng</r3d:repositoryLanguage>
    <r3d:subject subjectScheme="DFG">1 Humanities and Social Sciences</r3d:subject>
    <r3d:subject subjectScheme="DFG">2 Life Sciences</r3d:subject>
    <r3d:subject subjectScheme="DFG">3 Natural Sciences</r3d:subject>
    <r3d:subject subjectScheme="DFG">4 Engineering Sciences</r3d:subject>
    <r3d:missionStatementURL>http://www.library.up.ac.za/dspace/policy.pdf</r3d:missionStatementURL>
    <r3d:contentType contentTypeScheme="parse">Structured text</r3d:contentType>
    <r3d:contentType contentTypeScheme="parse">Images</r3d:contentType>
    <r3d:providerType>dataProvider</r3d:providerType>
    <r3d:keyword>education</r3d:keyword>
    <r3d:keyword>veterinary science</r3d:keyword>
    <r3d:keyword>theology</r3d:keyword>
    <r3d:keyword>natural &amp; Agricultural Sciences</r3d:keyword>
    <r3d:keyword>law</r3d:keyword>
    <r3d:keyword>humanities and Social Sciences</r3d:keyword>
    <r3d:keyword>health sciences</r3d:keyword>
    <r3d:keyword>engineering, Built environment &amp; Information Technology</r3d:keyword>
    <r3d:keyword>economic &amp; management sciences</r3d:keyword>
    <r3d:institution>
        <r3d:institutionName language="eng">University of Pretoria</r3d:institutionName>
        <r3d:institutionAdditionalName language="afr">Universiteit van Pretoria</r3d:institutionAdditionalName>
        <r3d:institutionAdditionalName language="sot">Yunibesithi ya Pretoria</r3d:institutionAdditionalName>
        <r3d:institutionAdditionalName language="eng">UP</r3d:institutionAdditionalName>
        <r3d:institutionCountry>ZAF</r3d:institutionCountry>
        <r3d:responsibilityType>general</r3d:responsibilityType>
        <r3d:responsibilityType>technical</r3d:responsibilityType>
        <r3d:responsibilityType>funding</r3d:responsibilityType>
        <r3d:institutionType>non-profit</r3d:institutionType>
        <r3d:institutionURL>http://www.up.ac.za/</r3d:institutionURL>
        <r3d:responsibilityStartDate>2006</r3d:responsibilityStartDate>
        <r3d:responsibilityEndDate></r3d:responsibilityEndDate>
        <r3d:institutionContact>http://www.up.ac.za/enquiry</r3d:institutionContact>
    </r3d:institution>
    <r3d:policy>
        <r3d:policyName>Policy Statement</r3d:policyName>
        <r3d:policyURL>http://www.library.up.ac.za/dspace/policy.pdf</r3d:policyURL>
    </r3d:policy>
    <r3d:databaseAccess>
        <r3d:databaseAccessType>open</r3d:databaseAccessType>
    </r3d:databaseAccess>
    <r3d:dataAccess>
    <r3d:dataAccessType>open</r3d:dataAccessType>
    </r3d:dataAccess>
    <r3d:dataAccess>
    <r3d:dataAccessType>restricted</r3d:dataAccessType>
    <r3d:dataAccessRestriction>other</r3d:dataAccessRestriction>
    </r3d:dataAccess>
    <r3d:dataAccess>
    <r3d:dataAccessType>embargoed</r3d:dataAccessType>
    </r3d:dataAccess>
    <r3d:dataLicense>
        <r3d:dataLicenseName>other</r3d:dataLicenseName>
        <r3d:dataLicenseURL>http://www.library.up.ac.za/dspace/policy.pdf</r3d:dataLicenseURL>
    </r3d:dataLicense>
    <r3d:dataLicense>
        <r3d:dataLicenseName>Copyrights</r3d:dataLicenseName>
        <r3d:dataLicenseURL>https://innopac.up.ac.za/validate?url=http%3A%2F%2F0-www.lib.monash.edu.au.innopac.up.ac.za%3A80%2Ftutorials%2Fciting%2Fharvard.html</r3d:dataLicenseURL>
    </r3d:dataLicense>
    <r3d:dataLicense>
        <r3d:dataLicenseName>Copyrights</r3d:dataLicenseName>
        <r3d:dataLicenseURL>https://up-za.libguides.com/c.php?g=615261</r3d:dataLicenseURL>
    </r3d:dataLicense>
    <r3d:dataUpload>
        <r3d:dataUploadType>restricted</r3d:dataUploadType>
        <r3d:dataUploadRestriction>registration</r3d:dataUploadRestriction>
    </r3d:dataUpload>
    <r3d:dataUploadLicense>
        <r3d:dataUploadLicenseName>Submission Policy</r3d:dataUploadLicenseName>
        <r3d:dataUploadLicenseURL>http://www.library.up.ac.za/dspace/policy.pdf</r3d:dataUploadLicenseURL>
    </r3d:dataUploadLicense>
    <r3d:software>
        <r3d:softwareName>DSpace</r3d:softwareName>
    </r3d:software>
    <r3d:versioning>yes</r3d:versioning>
    <r3d:pidSystem>hdl</r3d:pidSystem>
    <r3d:citationGuidelineURL>http://www.ais.up.ac.za/referencing/index.htm</r3d:citationGuidelineURL>
    <r3d:enhancedPublication>unknown</r3d:enhancedPublication>
    <r3d:qualityManagement>yes</r3d:qualityManagement>
    <r3d:metadataStandard>
      <r3d:metadataStandardName metadataStandardScheme="DCC">Dublin Core</r3d:metadataStandardName>
      <r3d:metadataStandardURL>http://www.dcc.ac.uk/resources/metadata-standards/dublin-core</r3d:metadataStandardURL>
    </r3d:metadataStandard>
    <r3d:syndication syndicationType="RSS">https://repository.up.ac.za/feed/rss_2.0/site</r3d:syndication>
    <r3d:syndication syndicationType="ATOM">https://repository.up.ac.za/feed/atom_1.0/site</r3d:syndication>
    <r3d:remarks></r3d:remarks>
    <r3d:entryDate>2013-06-07</r3d:entryDate>
    <r3d:lastUpdate>2017-11-15</r3d:lastUpdate>
  </r3d:repository>
</r3d:re3data>