<?xml version="1.0" encoding="utf-8"?>
<!--re3data.org Schema for the Description of Research Data Repositories. Version 2.2, December 2014. doi:10.2312/re3.006-->
<r3d:re3data xmlns:r3d="http://www.re3data.org/schema/2-2" xmlns:xsi="http://www.w3.org/2001/XMLSchema-instance" xsi:schemaLocation="http://www.re3data.org/schema/2-2 http://schema.re3data.org/2-2/re3dataV2-2.xsd">
  <r3d:repository>
    <r3d:re3data.orgIdentifier>r3d100010224</r3d:re3data.orgIdentifier>
    <r3d:repositoryName language="eng">The Canadian National Atmospheric Chemistry Database</r3d:repositoryName>
    <r3d:additionalName language="eng">The Canadian National Atmospheric Chemistry Database and Analysis System</r3d:additionalName>
    <r3d:additionalName language="fra">La base de données nationales sur la chimie atmosphérique</r3d:additionalName>
    <r3d:additionalName language="eng">NAtChem</r3d:additionalName>
    <r3d:repositoryURL>http://www.ec.gc.ca/natchem/</r3d:repositoryURL>
    <r3d:description language="eng">The National Atmospheric Chemistry Database (NAtChem) is a data archival and analysis facility operated by the Science and Technology Branch of Environment and Climate Change Canada. The purpose of the NAtChem database is to enhance atmospheric research through the archival and analysis of North American air and precipitation chemistry data.  Such research includes investigations into the chemical nature of the atmosphere, atmospheric processes, spatial and temporal patterns, source-receptor relationships and long range transport of air pollutants.
The NAtChem Database contains air and precipitation chemistry data from many major regional-scale networks in North America. To contribute to NAtChem, networks must operate for a period of at least two years, must have wide area coverage, and must have regionally-representative sites (rural and background).</r3d:description>
    <r3d:repositoryContact>http://www.ec.gc.ca/natchem/default.asp?lang=En&amp;n=EC7E9699-1</r3d:repositoryContact>
    <r3d:repositoryContact>National.Atmospheric.Chemistry.Ontario@ec.gc.ca</r3d:repositoryContact>
    <r3d:type>disciplinary</r3d:type>
    <r3d:size updated=""></r3d:size>
    <r3d:startDate>2010</r3d:startDate>
    <r3d:endDate></r3d:endDate>
    <r3d:repositoryLanguage>eng</r3d:repositoryLanguage>
    <r3d:repositoryLanguage>fra</r3d:repositoryLanguage>
    <r3d:subject subjectScheme="DFG">34 Geosciences (including Geography)</r3d:subject>
    <r3d:subject subjectScheme="DFG">31301 Atmospheric Science</r3d:subject>
    <r3d:subject subjectScheme="DFG">31501 Geophysics</r3d:subject>
    <r3d:subject subjectScheme="DFG">3 Natural Sciences</r3d:subject>
    <r3d:subject subjectScheme="DFG">313 Atmospheric Science and Oceanography</r3d:subject>
    <r3d:subject subjectScheme="DFG">315 Geophysics and Geodesy</r3d:subject>
    <r3d:missionStatementURL>http://www.ec.gc.ca/natchem/</r3d:missionStatementURL>
    <r3d:contentType contentTypeScheme="parse">Standard office documents</r3d:contentType>
    <r3d:contentType contentTypeScheme="parse">Structured text</r3d:contentType>
    <r3d:contentType contentTypeScheme="parse">Archived data</r3d:contentType>
    <r3d:providerType>dataProvider</r3d:providerType>
    <r3d:keyword>air pollutants</r3d:keyword>
    <r3d:keyword>precipitation</r3d:keyword>
    <r3d:keyword>air chemistry</r3d:keyword>
    <r3d:keyword>greenhouse gases</r3d:keyword>
    <r3d:institution>
        <r3d:institutionName language="eng">Government of Canada</r3d:institutionName>
        <r3d:institutionAdditionalName language="fra">Gouvernement du Canada</r3d:institutionAdditionalName>
        <r3d:institutionAdditionalName language="eng">GoC</r3d:institutionAdditionalName>
        <r3d:institutionCountry>CAN</r3d:institutionCountry>
        <r3d:responsibilityType>funding</r3d:responsibilityType>
        <r3d:institutionType>non-profit</r3d:institutionType>
        <r3d:institutionURL>http://www.canada.ca/</r3d:institutionURL>
        <r3d:responsibilityStartDate></r3d:responsibilityStartDate>
        <r3d:responsibilityEndDate></r3d:responsibilityEndDate>
    </r3d:institution>
    <r3d:institution>
        <r3d:institutionName language="eng">Environment and Climate Change Canada</r3d:institutionName>
        <r3d:institutionAdditionalName language="eng">ECCC</r3d:institutionAdditionalName>
        <r3d:institutionAdditionalName language="fra">Environnement et Changement climatique Canada</r3d:institutionAdditionalName>
        <r3d:institutionCountry>CAN</r3d:institutionCountry>
        <r3d:responsibilityType>funding</r3d:responsibilityType>
        <r3d:responsibilityType>general</r3d:responsibilityType>
        <r3d:responsibilityType>technical</r3d:responsibilityType>
        <r3d:institutionType>non-profit</r3d:institutionType>
        <r3d:institutionURL>http://www.ec.gc.ca/</r3d:institutionURL>
        <r3d:responsibilityStartDate></r3d:responsibilityStartDate>
        <r3d:responsibilityEndDate></r3d:responsibilityEndDate>
        <r3d:institutionContact>ec.enviroinfo.ec@canada.ca</r3d:institutionContact>
    </r3d:institution>
    <r3d:policy>
        <r3d:policyName>Terms and  Conditions</r3d:policyName>
        <r3d:policyURL>http://www.ec.gc.ca/default.asp?lang=En&amp;xml=5830C36B-1773-4E3E-AF8C-B21F54633E0A</r3d:policyURL>
    </r3d:policy>
    <r3d:databaseAccess>
        <r3d:databaseAccessType>open</r3d:databaseAccessType>
    </r3d:databaseAccess>
    <r3d:dataAccess>
    <r3d:dataAccessType>open</r3d:dataAccessType>
    </r3d:dataAccess>
    <r3d:dataAccess>
    <r3d:dataAccessType>restricted</r3d:dataAccessType>
    <r3d:dataAccessRestriction>registration</r3d:dataAccessRestriction>
    </r3d:dataAccess>
    <r3d:dataLicense>
        <r3d:dataLicenseName>Copyrights</r3d:dataLicenseName>
        <r3d:dataLicenseURL>http://lois-laws.justice.gc.ca/eng/acts/C-42/index.html</r3d:dataLicenseURL>
    </r3d:dataLicense>
    <r3d:dataUpload>
        <r3d:dataUploadType>restricted</r3d:dataUploadType>
        <r3d:dataUploadRestriction>other</r3d:dataUploadRestriction>
    </r3d:dataUpload>
    <r3d:software>
        <r3d:softwareName>unknown</r3d:softwareName>
    </r3d:software>
    <r3d:versioning></r3d:versioning>
    <r3d:pidSystem>DOI</r3d:pidSystem>
    <r3d:citationGuidelineURL>http://www.ec.gc.ca/natchem/default.asp?lang=En&amp;n=2E5B9E92-1</r3d:citationGuidelineURL>
    <r3d:enhancedPublication>unknown</r3d:enhancedPublication>
    <r3d:qualityManagement>yes</r3d:qualityManagement>
    <r3d:remarks>The NAtChem Database consists of several smaller databases:
    The National Atmospheric Chemistry/Particulate Matter Database (NAtChem/PM)
    Atmospheric particulate matter and related trace gas data and results
    The National Atmospheric Chemistry/Precipitation Chemistry Database (NAtChem/Precip)
    Precipitation chemistry data and results
    The National Atmospheric Chemistry/Air Toxics Database (NAtChem/Toxics)
    Atmospheric toxic substances data and results
    The National Atmospheric Chemistry/Special Studies Database (NAtChem/Special Studies)
    Atmospheric data and results at special studies sites 
    Greenhouse Gases
    Greenhouse Gases data and results
    Canadian Aerosol Baseline Measurements (CABM)
    Aersol Measurements data and results</r3d:remarks>
    <r3d:entryDate>2013-03-07</r3d:entryDate>
    <r3d:lastUpdate>2017-03-29</r3d:lastUpdate>
  </r3d:repository>
</r3d:re3data>