<?xml version="1.0" encoding="utf-8"?>
<!--re3data.org Schema for the Description of Research Data Repositories. Version 2.2, December 2014. doi:10.2312/re3.006-->
<r3d:re3data xmlns:r3d="http://www.re3data.org/schema/2-2" xmlns:xsi="http://www.w3.org/2001/XMLSchema-instance" xsi:schemaLocation="http://www.re3data.org/schema/2-2 http://schema.re3data.org/2-2/re3dataV2-2.xsd">
  <r3d:repository>
    <r3d:re3data.orgIdentifier>r3d100010365</r3d:re3data.orgIdentifier>
    <r3d:repositoryName language="eng">West African Plants</r3d:repositoryName>
    <r3d:additionalName language="eng">A PHOTO GUIDE</r3d:additionalName>
    <r3d:repositoryURL>http://www.westafricanplants.senckenberg.de/root/index.php</r3d:repositoryURL>
    <r3d:description language="eng">The database contains photographs of plants from West Africa in a broad geographical sense, mainly from the savanna regions.</r3d:description>
    <r3d:repositoryContact>westafricanplants@senckenberg.de</r3d:repositoryContact>
    <r3d:type>disciplinary</r3d:type>
    <r3d:size updated="2017-04-13">30275 photos;  2704 illustrated species</r3d:size>
    <r3d:startDate>2008-08</r3d:startDate>
    <r3d:endDate></r3d:endDate>
    <r3d:repositoryLanguage>eng</r3d:repositoryLanguage>
    <r3d:subject subjectScheme="DFG">202 Plant Sciences</r3d:subject>
    <r3d:subject subjectScheme="DFG">20302 Evolution, Anthropology</r3d:subject>
    <r3d:subject subjectScheme="DFG">21 Biology</r3d:subject>
    <r3d:subject subjectScheme="DFG">2 Life Sciences</r3d:subject>
    <r3d:subject subjectScheme="DFG">203 Zoology</r3d:subject>
    <r3d:missionStatementURL>http://www.westafricanplants.senckenberg.de/root/index.php?page_id=7</r3d:missionStatementURL>
    <r3d:contentType contentTypeScheme="parse">Images</r3d:contentType>
    <r3d:providerType>dataProvider</r3d:providerType>
    <r3d:keyword>Central African plants</r3d:keyword>
    <r3d:keyword>East African plants</r3d:keyword>
    <r3d:institution>
        <r3d:institutionName language="deu">Senckenberg Gesellschaft für Naturforschung</r3d:institutionName>
        <r3d:institutionCountry>DEU</r3d:institutionCountry>
        <r3d:responsibilityType>general</r3d:responsibilityType>
        <r3d:institutionType>non-profit</r3d:institutionType>
        <r3d:institutionURL>http://www.senckenberg.de/root/index.php?page_id=5229</r3d:institutionURL>
        <r3d:responsibilityStartDate>2008-08</r3d:responsibilityStartDate>
        <r3d:responsibilityEndDate></r3d:responsibilityEndDate>
        <r3d:institutionContact>info@senckenberg.de</r3d:institutionContact>
    </r3d:institution>
    <r3d:institution>
        <r3d:institutionName language="deu">Johann Wolfgang Goethe-Universität Frankfurt</r3d:institutionName>
        <r3d:institutionAdditionalName language="eng">Goethe University Frankfurt</r3d:institutionAdditionalName>
        <r3d:institutionCountry>DEU</r3d:institutionCountry>
        <r3d:responsibilityType>general</r3d:responsibilityType>
        <r3d:institutionType>non-profit</r3d:institutionType>
        <r3d:institutionURL>http://www.uni-frankfurt.de/de?locale=de</r3d:institutionURL>
        <r3d:responsibilityStartDate></r3d:responsibilityStartDate>
        <r3d:responsibilityEndDate></r3d:responsibilityEndDate>
    </r3d:institution>
    <r3d:institution>
        <r3d:institutionName language="eng">BIOTA AFRICA</r3d:institutionName>
        <r3d:institutionAdditionalName language="eng">BIOdiversity Monitoring Transect Analysis in Africa</r3d:institutionAdditionalName>
        <r3d:institutionCountry>DEU</r3d:institutionCountry>
        <r3d:responsibilityType>general</r3d:responsibilityType>
        <r3d:institutionType>non-profit</r3d:institutionType>
        <r3d:institutionURL>http://www.biota-africa.org/index.php?Page_ID=L900</r3d:institutionURL>
        <r3d:responsibilityStartDate></r3d:responsibilityStartDate>
        <r3d:responsibilityEndDate></r3d:responsibilityEndDate>
    </r3d:institution>
    <r3d:institution>
        <r3d:institutionName language="eng">UNDESERT</r3d:institutionName>
        <r3d:institutionAdditionalName language="eng">understanding and combating desertification to mitigate its impact on ecosystem services</r3d:institutionAdditionalName>
        <r3d:institutionCountry>DNK</r3d:institutionCountry>
        <r3d:responsibilityType>general</r3d:responsibilityType>
        <r3d:institutionType>non-profit</r3d:institutionType>
        <r3d:institutionURL>http://undesert.neri.dk/index.php?page=Home</r3d:institutionURL>
        <r3d:responsibilityStartDate></r3d:responsibilityStartDate>
        <r3d:responsibilityEndDate></r3d:responsibilityEndDate>
    </r3d:institution>
    <r3d:institution>
        <r3d:institutionName language="deu">Biodiversität und Klima - Forschungszentrum</r3d:institutionName>
        <r3d:institutionAdditionalName language="eng">Senckenberg Biodiversity and Climate Research Centre</r3d:institutionAdditionalName>
        <r3d:institutionAdditionalName language="deu">BiK-F</r3d:institutionAdditionalName>
        <r3d:institutionCountry>DEU</r3d:institutionCountry>
        <r3d:responsibilityType>general</r3d:responsibilityType>
        <r3d:institutionType>non-profit</r3d:institutionType>
        <r3d:institutionURL>http://www.bik-f.de/root/index.php?page_id=</r3d:institutionURL>
        <r3d:responsibilityStartDate></r3d:responsibilityStartDate>
        <r3d:responsibilityEndDate></r3d:responsibilityEndDate>
    </r3d:institution>
    <r3d:institution>
        <r3d:institutionName language="eng">Université de Ouagadougou</r3d:institutionName>
        <r3d:institutionCountry>BFA</r3d:institutionCountry>
        <r3d:responsibilityType>general</r3d:responsibilityType>
        <r3d:institutionType>non-profit</r3d:institutionType>
        <r3d:institutionURL>http://www.univ-ouaga.bf/</r3d:institutionURL>
        <r3d:responsibilityStartDate></r3d:responsibilityStartDate>
        <r3d:responsibilityEndDate></r3d:responsibilityEndDate>
    </r3d:institution>
    <r3d:institution>
        <r3d:institutionName language="deu">Universität Rostock, Institut für Biowissenschaften</r3d:institutionName>
        <r3d:institutionCountry>DEU</r3d:institutionCountry>
        <r3d:responsibilityType>general</r3d:responsibilityType>
        <r3d:institutionType>non-profit</r3d:institutionType>
        <r3d:institutionURL>https://www.bio.uni-rostock.de/</r3d:institutionURL>
        <r3d:responsibilityStartDate></r3d:responsibilityStartDate>
        <r3d:responsibilityEndDate></r3d:responsibilityEndDate>
    </r3d:institution>
    <r3d:policy>
        <r3d:policyName>Help &amp; User&#039;s Guide</r3d:policyName>
        <r3d:policyURL>http://www.westafricanplants.senckenberg.de/root/index.php?page_id=6</r3d:policyURL>
    </r3d:policy>
    <r3d:databaseAccess>
        <r3d:databaseAccessType>open</r3d:databaseAccessType>
    </r3d:databaseAccess>
    <r3d:dataAccess>
    <r3d:dataAccessType>open</r3d:dataAccessType>
    </r3d:dataAccess>
    <r3d:dataLicense>
        <r3d:dataLicenseName>other</r3d:dataLicenseName>
        <r3d:dataLicenseURL>http://www.westafricanplants.senckenberg.de/root/index.php?page_id=10</r3d:dataLicenseURL>
    </r3d:dataLicense>
    <r3d:dataUpload>
        <r3d:dataUploadType>restricted</r3d:dataUploadType>
        <r3d:dataUploadRestriction>other</r3d:dataUploadRestriction>
        <r3d:dataUploadRestriction>institutional membership</r3d:dataUploadRestriction>
    </r3d:dataUpload>
    <r3d:dataUploadLicense>
        <r3d:dataUploadLicenseName>Projects and Partners</r3d:dataUploadLicenseName>
        <r3d:dataUploadLicenseURL>http://www.westafricanplants.senckenberg.de/root/index.php?page_id=7</r3d:dataUploadLicenseURL>
    </r3d:dataUploadLicense>
    <r3d:software>
        <r3d:softwareName>other</r3d:softwareName>
    </r3d:software>
    <r3d:versioning>no</r3d:versioning>
    <r3d:pidSystem>none</r3d:pidSystem>
    <r3d:citationGuidelineURL>http://www.westafricanplants.senckenberg.de/root/index.php?page_id=10</r3d:citationGuidelineURL>
    <r3d:enhancedPublication>unknown</r3d:enhancedPublication>
    <r3d:qualityManagement>unknown</r3d:qualityManagement>
    <r3d:remarks>West African Plants - a photo guide is a part of &#039;African Plants&#039;. Further parts are &#039;East African Plants&#039; and &#039;Central African Plants&#039;.</r3d:remarks>
    <r3d:entryDate>2013-03-21</r3d:entryDate>
    <r3d:lastUpdate>2017-04-13</r3d:lastUpdate>
  </r3d:repository>
</r3d:re3data>