<?xml version="1.0" encoding="utf-8"?>
<!--re3data.org Schema for the Description of Research Data Repositories. Version 2.2, December 2014. doi:10.2312/re3.006-->
<r3d:re3data xmlns:r3d="http://www.re3data.org/schema/2-2" xmlns:xsi="http://www.w3.org/2001/XMLSchema-instance" xsi:schemaLocation="http://www.re3data.org/schema/2-2 http://schema.re3data.org/2-2/re3dataV2-2.xsd">
  <r3d:repository>
    <r3d:re3data.orgIdentifier>r3d100010366</r3d:re3data.orgIdentifier>
    <r3d:repositoryName language="eng">Woods Hole Oceanographic Institution - Data &amp; Repositories</r3d:repositoryName>
    <r3d:additionalName language="eng">WHOI</r3d:additionalName>
    <r3d:repositoryURL>http://www.whoi.edu/data/</r3d:repositoryURL>
    <r3d:description language="eng">WHOI is the world&#039;s leading non-profit oceanographic research organization. WHOI maintains unparalleled depth and breadth of expertise across a range of oceanographic research areas. Institution scientists and engineers work collaboratively within and across six research departments to advance knowledge of the global ocean and its fundamental importance to other planetary systems. At the same time, they also train future generations of ocean scientists and address problems that have a direct impact in efforts to understand and manage critical marine resources.</r3d:description>
    <r3d:repositoryContact>http://www.whoi.edu/main/contact-us</r3d:repositoryContact>
    <r3d:type>institutional</r3d:type>
    <r3d:type>disciplinary</r3d:type>
    <r3d:size updated=""></r3d:size>
    <r3d:startDate></r3d:startDate>
    <r3d:endDate></r3d:endDate>
    <r3d:repositoryLanguage>eng</r3d:repositoryLanguage>
    <r3d:subject subjectScheme="DFG">20202 Plant Ecology and Ecosystem Analysis</r3d:subject>
    <r3d:subject subjectScheme="DFG">20303 Animal Ecology, Biodiversity and Ecosystem Research</r3d:subject>
    <r3d:subject subjectScheme="DFG">313 Atmospheric Science and Oceanography</r3d:subject>
    <r3d:subject subjectScheme="DFG">41006 Geotechnics, Hydraulic Engineering</r3d:subject>
    <r3d:subject subjectScheme="DFG">202 Plant Sciences</r3d:subject>
    <r3d:subject subjectScheme="DFG">21 Biology</r3d:subject>
    <r3d:subject subjectScheme="DFG">2 Life Sciences</r3d:subject>
    <r3d:subject subjectScheme="DFG">203 Zoology</r3d:subject>
    <r3d:subject subjectScheme="DFG">34 Geosciences (including Geography)</r3d:subject>
    <r3d:subject subjectScheme="DFG">3 Natural Sciences</r3d:subject>
    <r3d:subject subjectScheme="DFG">410 Construction Engineering and Architecture</r3d:subject>
    <r3d:subject subjectScheme="DFG">45 Construction Engineering and Architecture</r3d:subject>
    <r3d:subject subjectScheme="DFG">4 Engineering Sciences</r3d:subject>
    <r3d:missionStatementURL>http://www.whoi.edu/main/vision-mission</r3d:missionStatementURL>
    <r3d:contentType contentTypeScheme="parse">Standard office documents</r3d:contentType>
    <r3d:contentType contentTypeScheme="parse">Databases</r3d:contentType>
    <r3d:contentType contentTypeScheme="parse">Images</r3d:contentType>
    <r3d:contentType contentTypeScheme="parse">Audiovisual data</r3d:contentType>
    <r3d:contentType contentTypeScheme="parse">Raw data</r3d:contentType>
    <r3d:contentType contentTypeScheme="parse">Scientific and statistical data formats</r3d:contentType>
    <r3d:contentType contentTypeScheme="parse">Plain text</r3d:contentType>
    <r3d:contentType contentTypeScheme="parse">other</r3d:contentType>
    <r3d:providerType>serviceProvider</r3d:providerType>
    <r3d:keyword>climate</r3d:keyword>
    <r3d:keyword>coastal science</r3d:keyword>
    <r3d:keyword>hazards</r3d:keyword>
    <r3d:keyword>ocean chemistry</r3d:keyword>
    <r3d:keyword>ocean circulation</r3d:keyword>
    <r3d:keyword>ocean life</r3d:keyword>
    <r3d:keyword>polar systems</r3d:keyword>
    <r3d:keyword>pollution</r3d:keyword>
    <r3d:keyword>seafloor</r3d:keyword>
    <r3d:keyword>underwater archaeology</r3d:keyword>
    <r3d:keyword>geological samples</r3d:keyword>
    <r3d:keyword>biological samples</r3d:keyword>
    <r3d:keyword>water samples</r3d:keyword>
    <r3d:institution>
        <r3d:institutionName language="eng">Woods Hole Oceanographic Institution</r3d:institutionName>
        <r3d:institutionAdditionalName language="eng">WHOI</r3d:institutionAdditionalName>
        <r3d:institutionCountry>USA</r3d:institutionCountry>
        <r3d:responsibilityType>general</r3d:responsibilityType>
        <r3d:institutionType>non-profit</r3d:institutionType>
        <r3d:institutionURL>http://www.whoi.edu/</r3d:institutionURL>
        <r3d:institutionIdentifier>RRID:SCR_006315</r3d:institutionIdentifier>
        <r3d:institutionIdentifier>RRID:nlx_154727</r3d:institutionIdentifier>
        <r3d:responsibilityStartDate></r3d:responsibilityStartDate>
        <r3d:responsibilityEndDate></r3d:responsibilityEndDate>
        <r3d:institutionContact>http://www.whoi.edu/main/contact-us</r3d:institutionContact>
    </r3d:institution>
    <r3d:institution>
        <r3d:institutionName language="eng">WHOI Partners and Sponsors</r3d:institutionName>
        <r3d:institutionCountry>USA</r3d:institutionCountry>
        <r3d:responsibilityType>funding</r3d:responsibilityType>
        <r3d:institutionType>non-profit</r3d:institutionType>
        <r3d:institutionURL>http://www.whoi.edu/main/partners-sponsors</r3d:institutionURL>
        <r3d:responsibilityStartDate></r3d:responsibilityStartDate>
        <r3d:responsibilityEndDate></r3d:responsibilityEndDate>
    </r3d:institution>
    <r3d:policy>
        <r3d:policyName>WHOI Archive Policy</r3d:policyName>
        <r3d:policyURL>http://www.whoi.edu/main/ndsf/archive-policy</r3d:policyURL>
    </r3d:policy>
    <r3d:databaseAccess>
        <r3d:databaseAccessType>open</r3d:databaseAccessType>
    </r3d:databaseAccess>
    <r3d:dataAccess>
    <r3d:dataAccessType>open</r3d:dataAccessType>
    </r3d:dataAccess>
    <r3d:dataAccess>
    <r3d:dataAccessType>embargoed</r3d:dataAccessType>
    </r3d:dataAccess>
    <r3d:dataAccess>
    <r3d:dataAccessType>restricted</r3d:dataAccessType>
    <r3d:dataAccessRestriction>other</r3d:dataAccessRestriction>
    </r3d:dataAccess>
    <r3d:dataLicense>
        <r3d:dataLicenseName>other</r3d:dataLicenseName>
        <r3d:dataLicenseURL>http://www.whoi.edu/main/ndsf/archive-policy</r3d:dataLicenseURL>
    </r3d:dataLicense>
    <r3d:dataLicense>
        <r3d:dataLicenseName>Copyrights</r3d:dataLicenseName>
        <r3d:dataLicenseURL>http://www.whoi.edu/main/ndsf/archive-policy</r3d:dataLicenseURL>
    </r3d:dataLicense>
    <r3d:dataUpload>
        <r3d:dataUploadType>restricted</r3d:dataUploadType>
        <r3d:dataUploadRestriction>other</r3d:dataUploadRestriction>
    </r3d:dataUpload>
    <r3d:dataUploadLicense>
        <r3d:dataUploadLicenseName>archive policy</r3d:dataUploadLicenseName>
        <r3d:dataUploadLicenseURL>http://www.whoi.edu/main/ndsf/archive-policy</r3d:dataUploadLicenseURL>
    </r3d:dataUploadLicense>
    <r3d:versioning>no</r3d:versioning>
    <r3d:api apiType="REST">http://www.whoi.edu/website/webgroup/cms-api</r3d:api>
    <r3d:pidSystem>none</r3d:pidSystem>
    <r3d:citationGuidelineURL></r3d:citationGuidelineURL>
    <r3d:enhancedPublication>unknown</r3d:enhancedPublication>
    <r3d:qualityManagement>yes</r3d:qualityManagement>
    <r3d:syndication syndicationType="RSS">http://www.whoi.edu//rss/WHOITopStories.do</r3d:syndication>
    <r3d:syndication syndicationType="RSS">http://www.whoi.edu//rss/imageOfTheDay.do</r3d:syndication>
    <r3d:syndication syndicationType="RSS">http://www.whoi.edu/rss/NewsReleases.do</r3d:syndication>
    <r3d:remarks></r3d:remarks>
    <r3d:entryDate>2014-09-30</r3d:entryDate>
    <r3d:lastUpdate>2017-04-13</r3d:lastUpdate>
  </r3d:repository>
</r3d:re3data>