<?xml version="1.0" encoding="utf-8"?>
<!--re3data.org Schema for the Description of Research Data Repositories. Version 2.2, December 2014. doi:10.2312/re3.006-->
<r3d:re3data xmlns:r3d="http://www.re3data.org/schema/2-2" xmlns:xsi="http://www.w3.org/2001/XMLSchema-instance" xsi:schemaLocation="http://www.re3data.org/schema/2-2 http://schema.re3data.org/2-2/re3dataV2-2.xsd">
  <r3d:repository>
    <r3d:re3data.orgIdentifier>r3d100010233</r3d:re3data.orgIdentifier>
    <r3d:repositoryName language="eng">European Social Survey</r3d:repositoryName>
    <r3d:additionalName language="eng">ESS Data</r3d:additionalName>
    <r3d:additionalName language="eng">ESS Data archive</r3d:additionalName>
    <r3d:repositoryURL>http://www.europeansocialsurvey.org/</r3d:repositoryURL>
    <r3d:description language="eng">The European Social Survey (the ESS) is a biennial multi-country survey covering over 30 nations. The first round was fielded in 2002/2003, the fifth in 2010/2011. The questionnaire includes two main sections, each consisting of approximately 120 items; a &#039;core&#039; module which remains relatively constant from round to round, plus two or more &#039;rotating&#039; modules, repeated at intervals. The core module aims to monitor change and continuity in a wide range of social variables, including media use; social and public trust; political interest and participation; socio-political orientations; governance and efficacy; moral; political and social values; social exclusion, national, ethnic and religious allegiances; well-being; health and security; human values; demographics and socio-economics</r3d:description>
    <r3d:repositoryContact>http://www.europeansocialsurvey.org/about/contact_information.html</r3d:repositoryContact>
    <r3d:type>disciplinary</r3d:type>
    <r3d:size updated=""></r3d:size>
    <r3d:startDate>2001</r3d:startDate>
    <r3d:endDate></r3d:endDate>
    <r3d:repositoryLanguage>eng</r3d:repositoryLanguage>
    <r3d:subject subjectScheme="DFG">12 Social and Behavioural Sciences</r3d:subject>
    <r3d:subject subjectScheme="DFG">109 Education Sciences</r3d:subject>
    <r3d:subject subjectScheme="DFG">11102 Empirical Social Research</r3d:subject>
    <r3d:subject subjectScheme="DFG">11305 Criminology</r3d:subject>
    <r3d:subject subjectScheme="DFG">20502 Public Health, Health Services Research, Social Medicine</r3d:subject>
    <r3d:subject subjectScheme="DFG">317 Geography</r3d:subject>
    <r3d:subject subjectScheme="DFG">1 Humanities and Social Sciences</r3d:subject>
    <r3d:subject subjectScheme="DFG">111 Social Sciences</r3d:subject>
    <r3d:subject subjectScheme="DFG">113 Jurisprudence</r3d:subject>
    <r3d:subject subjectScheme="DFG">205 Medicine</r3d:subject>
    <r3d:subject subjectScheme="DFG">22 Medicine</r3d:subject>
    <r3d:subject subjectScheme="DFG">2 Life Sciences</r3d:subject>
    <r3d:subject subjectScheme="DFG">34 Geosciences (including Geography)</r3d:subject>
    <r3d:subject subjectScheme="DFG">3 Natural Sciences</r3d:subject>
    <r3d:missionStatementURL>http://www.europeansocialsurvey.org/about/</r3d:missionStatementURL>
    <r3d:contentType contentTypeScheme="parse">Plain text</r3d:contentType>
    <r3d:contentType contentTypeScheme="parse">Standard office documents</r3d:contentType>
    <r3d:providerType>dataProvider</r3d:providerType>
    <r3d:keyword>census data</r3d:keyword>
    <r3d:keyword>demography</r3d:keyword>
    <r3d:keyword>social measurement</r3d:keyword>
    <r3d:institution>
        <r3d:institutionName language="eng">European Commission, Research &amp; Innovation, Research infrastructures</r3d:institutionName>
        <r3d:institutionAdditionalName language="eng">FP7</r3d:institutionAdditionalName>
        <r3d:institutionCountry>EEC</r3d:institutionCountry>
        <r3d:responsibilityType>funding</r3d:responsibilityType>
        <r3d:institutionType>non-profit</r3d:institutionType>
        <r3d:institutionURL>http://ec.europa.eu/research/infrastructures/index_en.cfm</r3d:institutionURL>
        <r3d:responsibilityStartDate>2007</r3d:responsibilityStartDate>
        <r3d:responsibilityEndDate></r3d:responsibilityEndDate>
    </r3d:institution>
    <r3d:institution>
        <r3d:institutionName language="eng">Norwegian Centre for Research Data</r3d:institutionName>
        <r3d:institutionAdditionalName language="eng">NSD</r3d:institutionAdditionalName>
        <r3d:institutionAdditionalName language="nor">Norsk senter for forskningsdata</r3d:institutionAdditionalName>
        <r3d:institutionCountry>NOR</r3d:institutionCountry>
        <r3d:responsibilityType>technical</r3d:responsibilityType>
        <r3d:institutionType>non-profit</r3d:institutionType>
        <r3d:institutionURL>http://www.nsd.uib.no/nsd/english/index.html</r3d:institutionURL>
        <r3d:responsibilityStartDate></r3d:responsibilityStartDate>
        <r3d:responsibilityEndDate></r3d:responsibilityEndDate>
        <r3d:institutionContact>essdatasupport@nsd.uib.no</r3d:institutionContact>
    </r3d:institution>
    <r3d:institution>
        <r3d:institutionName language="eng">GESIS - Leibniz Institute for the Social Sciences, ESS DACE</r3d:institutionName>
        <r3d:institutionAdditionalName language="eng">ESS DACE</r3d:institutionAdditionalName>
        <r3d:institutionAdditionalName language="eng">Gesis - Leibniz-Institut für Sozialwissenschaften</r3d:institutionAdditionalName>
        <r3d:institutionAdditionalName language="eng">The European Social Survey - Data for a Changing Europe</r3d:institutionAdditionalName>
        <r3d:institutionCountry>DEU</r3d:institutionCountry>
        <r3d:responsibilityType>funding</r3d:responsibilityType>
        <r3d:institutionType>non-profit</r3d:institutionType>
        <r3d:institutionURL>http://www.gesis.org/forschung/drittmittelprojekte/archiv/ess-dace/</r3d:institutionURL>
        <r3d:responsibilityStartDate>2010</r3d:responsibilityStartDate>
        <r3d:responsibilityEndDate></r3d:responsibilityEndDate>
        <r3d:institutionContact>ess@gesis.org</r3d:institutionContact>
    </r3d:institution>
    <r3d:institution>
        <r3d:institutionName language="eng">European Science Foundation</r3d:institutionName>
        <r3d:institutionAdditionalName language="eng">ESF</r3d:institutionAdditionalName>
        <r3d:institutionCountry>EEC</r3d:institutionCountry>
        <r3d:responsibilityType>funding</r3d:responsibilityType>
        <r3d:institutionType>non-profit</r3d:institutionType>
        <r3d:institutionURL>http://www.esf.org/esf/european-science-foundation/</r3d:institutionURL>
        <r3d:responsibilityStartDate></r3d:responsibilityStartDate>
        <r3d:responsibilityEndDate>2012</r3d:responsibilityEndDate>
    </r3d:institution>
    <r3d:institution>
        <r3d:institutionName language="eng">City University London, School of Arts and Social Sciences, Centre for Comparative Social Surveys</r3d:institutionName>
        <r3d:institutionCountry>GBR</r3d:institutionCountry>
        <r3d:responsibilityType>funding</r3d:responsibilityType>
        <r3d:responsibilityType>general</r3d:responsibilityType>
        <r3d:institutionType>non-profit</r3d:institutionType>
        <r3d:institutionURL>https://www.city.ac.uk/arts-social-sciences/sociology/european-social-survey</r3d:institutionURL>
        <r3d:responsibilityStartDate>2003</r3d:responsibilityStartDate>
        <r3d:responsibilityEndDate></r3d:responsibilityEndDate>
        <r3d:institutionContact>ess@city.ac.uk</r3d:institutionContact>
    </r3d:institution>
    <r3d:policy>
        <r3d:policyName>ESS conditions of use</r3d:policyName>
        <r3d:policyURL>http://www.europeansocialsurvey.org/data/conditions_of_use.html</r3d:policyURL>
    </r3d:policy>
    <r3d:databaseAccess>
        <r3d:databaseAccessType>open</r3d:databaseAccessType>
    </r3d:databaseAccess>
    <r3d:dataAccess>
    <r3d:dataAccessType>open</r3d:dataAccessType>
    </r3d:dataAccess>
    <r3d:dataAccess>
    <r3d:dataAccessType>restricted</r3d:dataAccessType>
    <r3d:dataAccessRestriction>registration</r3d:dataAccessRestriction>
    </r3d:dataAccess>
    <r3d:dataLicense>
        <r3d:dataLicenseName>other</r3d:dataLicenseName>
        <r3d:dataLicenseURL>http://www.europeansocialsurvey.org/data/conditions_of_use.html</r3d:dataLicenseURL>
    </r3d:dataLicense>
    <r3d:dataUpload>
        <r3d:dataUploadType>closed</r3d:dataUploadType>
    </r3d:dataUpload>
    <r3d:software>
        <r3d:softwareName>unknown</r3d:softwareName>
    </r3d:software>
    <r3d:versioning></r3d:versioning>
    <r3d:pidSystem>none</r3d:pidSystem>
    <r3d:citationGuidelineURL>http://www.europeansocialsurvey.org/data/conditions_of_use.html</r3d:citationGuidelineURL>
    <r3d:enhancedPublication>unknown</r3d:enhancedPublication>
    <r3d:qualityManagement>yes</r3d:qualityManagement>
    <r3d:remarks>The ESS has received funding from the EC&#039;s Framework programmes, from the European Science Foundation, and from national funding councils in participating countries. In January 2013 the ESS applied for selection as a European Research Infrastructure Consortium (ERIC).ESS Data is searchable in CESSDA ERIC Catalog  re3data100010202. Centre for Comparative Social Surveys is the lead partner in the project</r3d:remarks>
    <r3d:entryDate>2013-03-27</r3d:entryDate>
    <r3d:lastUpdate>2017-12-06</r3d:lastUpdate>
  </r3d:repository>
</r3d:re3data>