<?xml version="1.0" encoding="utf-8"?>
<!--re3data.org Schema for the Description of Research Data Repositories. Version 2.2, December 2014. doi:10.2312/re3.006-->
<r3d:re3data xmlns:r3d="http://www.re3data.org/schema/2-2" xmlns:xsi="http://www.w3.org/2001/XMLSchema-instance" xsi:schemaLocation="http://www.re3data.org/schema/2-2 http://schema.re3data.org/2-2/re3dataV2-2.xsd">
  <r3d:repository>
    <r3d:re3data.orgIdentifier>r3d100010230</r3d:re3data.orgIdentifier>
    <r3d:repositoryName language="eng">UK Data Service</r3d:repositoryName>
    <r3d:repositoryURL>https://www.ukdataservice.ac.uk/</r3d:repositoryURL>
    <r3d:description language="eng">The UK Data Service is a comprehensive resource funded by the ESRC to support researchers, teachers and policymakers who depend on high-quality social and economic data.
Here you will find a single point of access to a wide range of secondary data including large-scale government surveys, international macrodata, business microdata, qualitative studies and census data.</r3d:description>
    <r3d:repositoryContact>https://www.ukdataservice.ac.uk/about-us/contact</r3d:repositoryContact>
    <r3d:type>disciplinary</r3d:type>
    <r3d:type>other</r3d:type>
    <r3d:size updated="2016-06-29">7.000+ collections</r3d:size>
    <r3d:startDate>2012</r3d:startDate>
    <r3d:endDate></r3d:endDate>
    <r3d:repositoryLanguage>eng</r3d:repositoryLanguage>
    <r3d:subject subjectScheme="DFG">111 Social Sciences</r3d:subject>
    <r3d:subject subjectScheme="DFG">11102 Empirical Social Research</r3d:subject>
    <r3d:subject subjectScheme="DFG">11202 Economic and Social Policy</r3d:subject>
    <r3d:subject subjectScheme="DFG">112 Economics</r3d:subject>
    <r3d:subject subjectScheme="DFG">11205 Statistics and Econometrics</r3d:subject>
    <r3d:subject subjectScheme="DFG">12 Social and Behavioural Sciences</r3d:subject>
    <r3d:subject subjectScheme="DFG">1 Humanities and Social Sciences</r3d:subject>
    <r3d:subject subjectScheme="DFG">11 Humanities</r3d:subject>
    <r3d:missionStatementURL>https://www.ukdataservice.ac.uk/about-us</r3d:missionStatementURL>
    <r3d:contentType contentTypeScheme="parse">Standard office documents</r3d:contentType>
    <r3d:contentType contentTypeScheme="parse">Structured graphics</r3d:contentType>
    <r3d:contentType contentTypeScheme="parse">Scientific and statistical data formats</r3d:contentType>
    <r3d:contentType contentTypeScheme="parse">Plain text</r3d:contentType>
    <r3d:contentType contentTypeScheme="parse">Raw data</r3d:contentType>
    <r3d:contentType contentTypeScheme="parse">Images</r3d:contentType>
    <r3d:contentType contentTypeScheme="parse">Audiovisual data</r3d:contentType>
    <r3d:providerType>dataProvider</r3d:providerType>
    <r3d:keyword>historic census microdata</r3d:keyword>
    <r3d:keyword>trade</r3d:keyword>
    <r3d:keyword>economic growth</r3d:keyword>
    <r3d:keyword>business</r3d:keyword>
    <r3d:keyword>birth cohort</r3d:keyword>
    <r3d:keyword>environment</r3d:keyword>
    <r3d:keyword>food</r3d:keyword>
    <r3d:keyword>rural affairs</r3d:keyword>
    <r3d:keyword>social behaviour</r3d:keyword>
    <r3d:keyword>pension policy</r3d:keyword>
    <r3d:keyword>child poverty</r3d:keyword>
    <r3d:keyword>crime</r3d:keyword>
    <r3d:keyword>justice system immigration</r3d:keyword>
    <r3d:keyword>energy security</r3d:keyword>
    <r3d:keyword>monetary cooperation</r3d:keyword>
    <r3d:keyword>world bank</r3d:keyword>
    <r3d:institution>
        <r3d:institutionName language="eng">Economic and Social Research Council</r3d:institutionName>
        <r3d:institutionAdditionalName language="eng">ESRC</r3d:institutionAdditionalName>
        <r3d:institutionCountry>GBR</r3d:institutionCountry>
        <r3d:responsibilityType>general</r3d:responsibilityType>
        <r3d:responsibilityType>funding</r3d:responsibilityType>
        <r3d:institutionType>non-profit</r3d:institutionType>
        <r3d:institutionURL>http://www.esrc.ac.uk/</r3d:institutionURL>
        <r3d:responsibilityStartDate></r3d:responsibilityStartDate>
        <r3d:responsibilityEndDate></r3d:responsibilityEndDate>
        <r3d:institutionContact>http://www.esrc.ac.uk/contact-us/</r3d:institutionContact>
    </r3d:institution>
    <r3d:institution>
        <r3d:institutionName language="eng">University of Essex, UK Data Archive</r3d:institutionName>
        <r3d:institutionCountry>GBR</r3d:institutionCountry>
        <r3d:responsibilityType>general</r3d:responsibilityType>
        <r3d:responsibilityType>funding</r3d:responsibilityType>
        <r3d:responsibilityType>technical</r3d:responsibilityType>
        <r3d:institutionType>non-profit</r3d:institutionType>
        <r3d:institutionURL>http://www.data-archive.ac.uk/</r3d:institutionURL>
        <r3d:responsibilityStartDate></r3d:responsibilityStartDate>
        <r3d:responsibilityEndDate></r3d:responsibilityEndDate>
        <r3d:institutionContact>http://www.data-archive.ac.uk/contact</r3d:institutionContact>
    </r3d:institution>
    <r3d:institution>
        <r3d:institutionName language="eng">University of Manchester, Cathie Marsh Institute for Social Research</r3d:institutionName>
        <r3d:institutionCountry>GBR</r3d:institutionCountry>
        <r3d:responsibilityType>general</r3d:responsibilityType>
        <r3d:responsibilityType>funding</r3d:responsibilityType>
        <r3d:institutionType>non-profit</r3d:institutionType>
        <r3d:institutionURL>https://www.cmist.manchester.ac.uk/</r3d:institutionURL>
        <r3d:responsibilityStartDate></r3d:responsibilityStartDate>
        <r3d:responsibilityEndDate></r3d:responsibilityEndDate>
        <r3d:institutionContact>https://www.cmist.manchester.ac.uk/connect/contact/</r3d:institutionContact>
    </r3d:institution>
    <r3d:policy>
        <r3d:policyName>Collections Development Policy</r3d:policyName>
        <r3d:policyURL>https://www.ukdataservice.ac.uk/media/398725/cd227-collectionsdevelopmentpolicy.pdf</r3d:policyURL>
    </r3d:policy>
    <r3d:policy>
        <r3d:policyName>Code of Practice</r3d:policyName>
        <r3d:policyURL>https://www.ukdataservice.ac.uk/media/144901/sds_code_of_practice.pdf</r3d:policyURL>
    </r3d:policy>
    <r3d:policy>
        <r3d:policyName>Guide to Good Practice</r3d:policyName>
        <r3d:policyURL>https://www.ukdataservice.ac.uk/media/604725/cd171-microdatahandling.pdf</r3d:policyURL>
    </r3d:policy>
    <r3d:policy>
        <r3d:policyName>Research Data Policy</r3d:policyName>
        <r3d:policyURL>http://www.esrc.ac.uk/funding/guidance-for-grant-holders/research-data-policy/</r3d:policyURL>
    </r3d:policy>
    <r3d:databaseAccess>
        <r3d:databaseAccessType>open</r3d:databaseAccessType>
    </r3d:databaseAccess>
    <r3d:dataAccess>
    <r3d:dataAccessType>restricted</r3d:dataAccessType>
    <r3d:dataAccessRestriction>registration</r3d:dataAccessRestriction>
    </r3d:dataAccess>
    <r3d:dataAccess>
    <r3d:dataAccessType>restricted</r3d:dataAccessType>
    <r3d:dataAccessRestriction>other</r3d:dataAccessRestriction>
    </r3d:dataAccess>
    <r3d:dataAccess>
    <r3d:dataAccessType>restricted</r3d:dataAccessType>
    <r3d:dataAccessRestriction>feeRequired</r3d:dataAccessRestriction>
    </r3d:dataAccess>
    <r3d:dataAccess>
    <r3d:dataAccessType>closed</r3d:dataAccessType>
    </r3d:dataAccess>
    <r3d:dataAccess>
    <r3d:dataAccessType>open</r3d:dataAccessType>
    </r3d:dataAccess>
    <r3d:dataLicense>
        <r3d:dataLicenseName>other</r3d:dataLicenseName>
        <r3d:dataLicenseURL>https://www.ukdataservice.ac.uk/media/455131/cd137-enduserlicence.pdf</r3d:dataLicenseURL>
    </r3d:dataLicense>
    <r3d:dataLicense>
        <r3d:dataLicenseName>other</r3d:dataLicenseName>
        <r3d:dataLicenseURL>http://www.data-archive.ac.uk/media/132701/UKDA171-SS-MicrodataHandling.pdf</r3d:dataLicenseURL>
    </r3d:dataLicense>
    <r3d:dataLicense>
        <r3d:dataLicenseName>Copyrights</r3d:dataLicenseName>
        <r3d:dataLicenseURL>http://ukdataservice.ac.uk/media/144901/sds_code_of_practice.pdf</r3d:dataLicenseURL>
    </r3d:dataLicense>
    <r3d:dataUpload>
        <r3d:dataUploadType>restricted</r3d:dataUploadType>
        <r3d:dataUploadRestriction>registration</r3d:dataUploadRestriction>
    </r3d:dataUpload>
    <r3d:dataUploadLicense>
        <r3d:dataUploadLicenseName>Licence Agreement</r3d:dataUploadLicenseName>
        <r3d:dataUploadLicenseURL>http://ukdataservice.ac.uk/media/28102/licenceform.pdf</r3d:dataUploadLicenseURL>
    </r3d:dataUploadLicense>
    <r3d:software>
        <r3d:softwareName>unknown</r3d:softwareName>
    </r3d:software>
    <r3d:versioning></r3d:versioning>
    <r3d:api apiType="other">http://ukdataservice.ac.uk/media/173249/UKDS_Collections_Development_Policy_02_00.pdf</r3d:api>
    <r3d:pidSystem>DOI</r3d:pidSystem>
    <r3d:citationGuidelineURL>https://www.ukdataservice.ac.uk/use-data/citing-data</r3d:citationGuidelineURL>
    <r3d:enhancedPublication>unknown</r3d:enhancedPublication>
    <r3d:qualityManagement>yes</r3d:qualityManagement>
    <r3d:remarks>Economic and Social Data Service (ESDS) is now integrated into the UK Data Service; The new website consolidates and integrates four services established and funded by the Economic and Social Research Council (ESRC): the Economic and Social Data Service (ESDS), the Secure Data Service, the Survey Question Bank and elements of the ESRC Census Programme.UK Data Service-Census Support covers the census services previously provided by the Census Dissemination Unit (CDU), the Centre for Census and Survey Research (CCSR) the Centre for Interaction Data Estimation and Research (CIDER) and UKBORDERS.</r3d:remarks>
    <r3d:entryDate>2013-05-21</r3d:entryDate>
    <r3d:lastUpdate>2017-12-06</r3d:lastUpdate>
  </r3d:repository>
</r3d:re3data>