<?xml version="1.0" encoding="utf-8"?>
<!--re3data.org Schema for the Description of Research Data Repositories. Version 2.2, December 2014. doi:10.2312/re3.006-->
<r3d:re3data xmlns:r3d="http://www.re3data.org/schema/2-2" xmlns:xsi="http://www.w3.org/2001/XMLSchema-instance" xsi:schemaLocation="http://www.re3data.org/schema/2-2 http://schema.re3data.org/2-2/re3dataV2-2.xsd">
  <r3d:repository>
    <r3d:re3data.orgIdentifier>r3d100000019</r3d:re3data.orgIdentifier>
    <r3d:repositoryName language="eng">Ess-Dive</r3d:repositoryName>
    <r3d:additionalName language="eng">CDIAC</r3d:additionalName>
    <r3d:additionalName language="eng">Deep Insight for Earth Science Data</r3d:additionalName>
    <r3d:additionalName language="eng">Carbon Dioxide Information Analysis Center archive (formerly 1982 - Sept. 2017)</r3d:additionalName>
    <r3d:repositoryURL>http://cdiac.ess-dive.lbl.gov/home.html</r3d:repositoryURL>
    <r3d:description language="eng">CDIAC closed September 30, 2017, and its data was distributed to a number of different repositories. The majority of the data was moved to the U.S. Department of Energy’s (DOE) Environmental System Science Data Infrastructure for a Virtual Ecosystem (ESS-DIVE) archive (http://ess-dive.lbl.gov).   The Oceanic Trace Gas data have been transitioned to the new Ocean Carbon Data System (OCADS) operated by NOAA’s National Centers for Environmental Information (NCEI) at https://www.nodc.noaa.gov/ocads/. The Total Carbon Column Observing Network (TCCON) data have been transitioned to Caltech (http://tccondata.org/). HIAPER Pole-to-Pole Observations (HIPPO) data are transitioning to the NCAR Earth Observing Laboratory (https://www.eol.ucar.edu/data-software). - ESS-DIVE launched in July 2017, and is currently in the process of implementing a new archive designed to provide long-term stewardship and use of data from observational, experimental and modeling activities in the DOE in the Subsurface Biogeochemical Research (SBR) and Terrestrial Ecosystem Science (TES) Programs in the Environmental System Science (ESS) activity.

The Carbon Dioxide Information Analysis Center (CDIAC) was the primary climate-change data and information analysis center of the U.S. Department of Energy (DOE). CDIAC was located at DOE&#039;s Oak Ridge National Laboratory (ORNL) and included the World Data Center for Atmospheric Trace Gases.CDIAC&#039;s data holdings include records of the atmospheric concentrations of carbon dioxide and other radiatively active gases; the role of the terrestrial biosphere and the oceans in the biogeochemical cycles of greenhouse gases; emissions of carbon dioxide from fossil-fuel consumption and land-use changes; long-term climate trends; the effects of elevated carbon dioxide on vegetation; and the vulnerability of coastal areas to rising sea level. CDIAC&#039;s data holdings include records of the atmospheric concentrations of carbon dioxide and other radiatively active gases; the role of the terrestrial biosphere and the oceans in the biogeochemical cycles of greenhouse gases; emissions of carbon dioxide from fossil-fuel consumption and land-use changes; long-term climate trends; the effects of elevated carbon dioxide on vegetation; and the vulnerability of coastal areas to rising sea level.</r3d:description>
    <r3d:repositoryContact>ess-dive-support@lbl.gov</r3d:repositoryContact>
    <r3d:repositoryContact>http://ess-dive.lbl.gov/contact/</r3d:repositoryContact>
    <r3d:type>disciplinary</r3d:type>
    <r3d:size updated="2017-11-07">270 Experiments</r3d:size>
    <r3d:startDate>2017-07</r3d:startDate>
    <r3d:endDate></r3d:endDate>
    <r3d:repositoryLanguage>eng</r3d:repositoryLanguage>
    <r3d:subject subjectScheme="DFG">313 Atmospheric Science and Oceanography</r3d:subject>
    <r3d:subject subjectScheme="DFG">317 Geography</r3d:subject>
    <r3d:subject subjectScheme="DFG">34 Geosciences (including Geography)</r3d:subject>
    <r3d:subject subjectScheme="DFG">3 Natural Sciences</r3d:subject>
    <r3d:missionStatementURL>http://cdiac.ess-dive.lbl.gov/mission.html ; http://ess-dive.lbl.gov/</r3d:missionStatementURL>
    <r3d:contentType contentTypeScheme="parse">Raw data</r3d:contentType>
    <r3d:contentType contentTypeScheme="parse">Plain text</r3d:contentType>
    <r3d:contentType contentTypeScheme="parse">Structured text</r3d:contentType>
    <r3d:contentType contentTypeScheme="parse">Structured graphics</r3d:contentType>
    <r3d:contentType contentTypeScheme="parse">other</r3d:contentType>
    <r3d:providerType>dataProvider</r3d:providerType>
    <r3d:providerType>serviceProvider</r3d:providerType>
    <r3d:keyword>Carbon Dioxide</r3d:keyword>
    <r3d:keyword>co2</r3d:keyword>
    <r3d:keyword>Climate change</r3d:keyword>
    <r3d:keyword>Greenhouse effect</r3d:keyword>
    <r3d:keyword>Sea level rise</r3d:keyword>
    <r3d:keyword>Emissions</r3d:keyword>
    <r3d:keyword>Carbon Cycle</r3d:keyword>
    <r3d:institution>
        <r3d:institutionName language="eng">U.S. Department of Energy</r3d:institutionName>
        <r3d:institutionAdditionalName language="eng">DOE</r3d:institutionAdditionalName>
        <r3d:institutionCountry>USA</r3d:institutionCountry>
        <r3d:responsibilityType>funding</r3d:responsibilityType>
        <r3d:institutionType>non-profit</r3d:institutionType>
        <r3d:institutionURL>https://science.energy.gov/ber/</r3d:institutionURL>
        <r3d:responsibilityStartDate>1982</r3d:responsibilityStartDate>
        <r3d:responsibilityEndDate></r3d:responsibilityEndDate>
        <r3d:institutionContact>https://science.energy.gov/about/contact/</r3d:institutionContact>
    </r3d:institution>
    <r3d:institution>
        <r3d:institutionName language="eng">U.S.Department of Energy, Office of Science, Biological and Environmental Research</r3d:institutionName>
        <r3d:institutionAdditionalName language="eng">BER</r3d:institutionAdditionalName>
        <r3d:institutionCountry>USA</r3d:institutionCountry>
        <r3d:responsibilityType>funding</r3d:responsibilityType>
        <r3d:institutionType>non-profit</r3d:institutionType>
        <r3d:institutionURL>https://science.energy.gov/ber/</r3d:institutionURL>
        <r3d:responsibilityStartDate></r3d:responsibilityStartDate>
        <r3d:responsibilityEndDate></r3d:responsibilityEndDate>
    </r3d:institution>
    <r3d:institution>
        <r3d:institutionName language="eng">Lawrence Berkeley National Laboratory</r3d:institutionName>
        <r3d:institutionAdditionalName language="eng">Berkeley Lab</r3d:institutionAdditionalName>
        <r3d:institutionCountry>USA</r3d:institutionCountry>
        <r3d:responsibilityType>technical</r3d:responsibilityType>
        <r3d:institutionType>non-profit</r3d:institutionType>
        <r3d:institutionURL>http://www.lbl.gov/</r3d:institutionURL>
        <r3d:responsibilityStartDate></r3d:responsibilityStartDate>
        <r3d:responsibilityEndDate></r3d:responsibilityEndDate>
    </r3d:institution>
    <r3d:institution>
        <r3d:institutionName language="eng">National Energy Research Scientific Computing Center</r3d:institutionName>
        <r3d:institutionAdditionalName language="eng">NERSC</r3d:institutionAdditionalName>
        <r3d:institutionCountry>USA</r3d:institutionCountry>
        <r3d:responsibilityType>general</r3d:responsibilityType>
        <r3d:institutionType>non-profit</r3d:institutionType>
        <r3d:institutionURL>http://www.nersc.gov/</r3d:institutionURL>
        <r3d:responsibilityStartDate></r3d:responsibilityStartDate>
        <r3d:responsibilityEndDate></r3d:responsibilityEndDate>
        <r3d:institutionContact>http://www.nersc.gov/about/contact-us/</r3d:institutionContact>
    </r3d:institution>
    <r3d:institution>
        <r3d:institutionName language="eng">National Center for Ecological Analysis and Synthesis</r3d:institutionName>
        <r3d:institutionAdditionalName language="eng">NCEAS</r3d:institutionAdditionalName>
        <r3d:institutionCountry>USA</r3d:institutionCountry>
        <r3d:responsibilityType>general</r3d:responsibilityType>
        <r3d:institutionType>non-profit</r3d:institutionType>
        <r3d:institutionURL>https://www.nceas.ucsb.edu/</r3d:institutionURL>
        <r3d:responsibilityStartDate></r3d:responsibilityStartDate>
        <r3d:responsibilityEndDate></r3d:responsibilityEndDate>
    </r3d:institution>
    <r3d:institution>
        <r3d:institutionName language="eng">DataOne</r3d:institutionName>
        <r3d:institutionAdditionalName language="eng">Data Oberservation Network for Earth</r3d:institutionAdditionalName>
        <r3d:institutionCountry>USA</r3d:institutionCountry>
        <r3d:responsibilityType>general</r3d:responsibilityType>
        <r3d:institutionType>non-profit</r3d:institutionType>
        <r3d:institutionURL>https://www.dataone.org/</r3d:institutionURL>
        <r3d:responsibilityStartDate></r3d:responsibilityStartDate>
        <r3d:responsibilityEndDate></r3d:responsibilityEndDate>
    </r3d:institution>
    <r3d:policy>
        <r3d:policyName>DOE Data Policy</r3d:policyName>
        <r3d:policyURL>https://science.energy.gov/funding-opportunities/digital-data-management/</r3d:policyURL>
    </r3d:policy>
    <r3d:databaseAccess>
        <r3d:databaseAccessType>open</r3d:databaseAccessType>
    </r3d:databaseAccess>
    <r3d:dataAccess>
    <r3d:dataAccessType>open</r3d:dataAccessType>
    </r3d:dataAccess>
    <r3d:dataLicense>
        <r3d:dataLicenseName>Copyrights</r3d:dataLicenseName>
        <r3d:dataLicenseURL>https://www.ornl.gov/ornl/contact-us/Security--Privacy-Notice</r3d:dataLicenseURL>
    </r3d:dataLicense>
    <r3d:dataLicense>
        <r3d:dataLicenseName>other</r3d:dataLicenseName>
        <r3d:dataLicenseURL>http://cdiac.ess-dive.lbl.gov/permission.html</r3d:dataLicenseURL>
    </r3d:dataLicense>
    <r3d:dataLicense>
        <r3d:dataLicenseName>Copyrights</r3d:dataLicenseName>
        <r3d:dataLicenseURL>http://www.lbl.gov/disclaimers/</r3d:dataLicenseURL>
    </r3d:dataLicense>
    <r3d:dataUpload>
        <r3d:dataUploadType>restricted</r3d:dataUploadType>
        <r3d:dataUploadRestriction>other</r3d:dataUploadRestriction>
    </r3d:dataUpload>
    <r3d:dataUploadLicense>
        <r3d:dataUploadLicenseName>Data Submission</r3d:dataUploadLicenseName>
        <r3d:dataUploadLicenseURL>http://cdiac.ess-dive.lbl.gov/datasubmission.html</r3d:dataUploadLicenseURL>
    </r3d:dataUploadLicense>
    <r3d:software>
        <r3d:softwareName>other</r3d:softwareName>
    </r3d:software>
    <r3d:versioning>yes</r3d:versioning>
    <r3d:pidSystem>DOI</r3d:pidSystem>
    <r3d:citationGuidelineURL>http://cdiac.ess-dive.lbl.gov/permission.html</r3d:citationGuidelineURL>
    <r3d:enhancedPublication>unknown</r3d:enhancedPublication>
    <r3d:qualityManagement>yes</r3d:qualityManagement>
    <r3d:remarks>CDIAC as currently configured and hosted by ORNL will cease operations on September 30, 2017. Data will continue to be available through this portal until that time. Data transition plans are being developed with DOE to ensure preservation and availability beyond 2017.    //      CDIAC is covered by SCOPUS.</r3d:remarks>
    <r3d:entryDate>2012-08-25</r3d:entryDate>
    <r3d:lastUpdate>2017-11-17</r3d:lastUpdate>
  </r3d:repository>
</r3d:re3data>