<?xml version="1.0" encoding="utf-8"?>
<!--re3data.org Schema for the Description of Research Data Repositories. Version 2.2, December 2014. doi:10.2312/re3.006-->
<r3d:re3data xmlns:r3d="http://www.re3data.org/schema/2-2" xmlns:xsi="http://www.w3.org/2001/XMLSchema-instance" xsi:schemaLocation="http://www.re3data.org/schema/2-2 http://schema.re3data.org/2-2/re3dataV2-2.xsd">
  <r3d:repository>
    <r3d:re3data.orgIdentifier>r3d100010426</r3d:re3data.orgIdentifier>
    <r3d:repositoryName language="eng">Research Data Centres of the Federal Statistical Office and the statistical offices of the Federal States</r3d:repositoryName>
    <r3d:additionalName language="deu">Forschungsdatenzentren der Statistischen Ämter des Bundes und der Länder</r3d:additionalName>
    <r3d:repositoryURL>http://www.forschungsdatenzentrum.de/en/</r3d:repositoryURL>
    <r3d:description language="eng">The basic goal of the research data centres of the statistical offices of the Federation and the Länder is to improve the accessibility and usability of microdata of official statistics by setting up various ways of using the data.
Research data centres of the Federal Statistical Office (FDZ-Bund)  and the statistical offices of the Länder (FDZ-Länder) provide collectively access to selected microdata of official statistics to researchers for scientific purposes.</r3d:description>
    <r3d:repositoryContact>forschungsdatenzentrum@destatis.de</r3d:repositoryContact>
    <r3d:repositoryContact>forschungsdatenzentrum@it.nrw.de</r3d:repositoryContact>
    <r3d:type>disciplinary</r3d:type>
    <r3d:type>institutional</r3d:type>
    <r3d:size updated=""></r3d:size>
    <r3d:startDate>2001-09-01</r3d:startDate>
    <r3d:endDate></r3d:endDate>
    <r3d:repositoryLanguage>eng</r3d:repositoryLanguage>
    <r3d:repositoryLanguage>deu</r3d:repositoryLanguage>
    <r3d:subject subjectScheme="DFG">111 Social Sciences</r3d:subject>
    <r3d:subject subjectScheme="DFG">11102 Empirical Social Research</r3d:subject>
    <r3d:subject subjectScheme="DFG">11202 Economic and Social Policy</r3d:subject>
    <r3d:subject subjectScheme="DFG">11205 Statistics and Econometrics</r3d:subject>
    <r3d:subject subjectScheme="DFG">112 Economics</r3d:subject>
    <r3d:subject subjectScheme="DFG">11203 Public Finance</r3d:subject>
    <r3d:subject subjectScheme="DFG">20502 Public Health, Health Services Research, Social Medicine</r3d:subject>
    <r3d:subject subjectScheme="DFG">207 Agriculture, Forestry, Horticulture and Veterinary Medicine</r3d:subject>
    <r3d:subject subjectScheme="DFG">40803 Electrical Energy Generation, Distribution, Application</r3d:subject>
    <r3d:subject subjectScheme="DFG">12 Social and Behavioural Sciences</r3d:subject>
    <r3d:subject subjectScheme="DFG">1 Humanities and Social Sciences</r3d:subject>
    <r3d:subject subjectScheme="DFG">205 Medicine</r3d:subject>
    <r3d:subject subjectScheme="DFG">22 Medicine</r3d:subject>
    <r3d:subject subjectScheme="DFG">2 Life Sciences</r3d:subject>
    <r3d:subject subjectScheme="DFG">23 Agriculture, Forestry, Horticulture and Veterinary Medicine</r3d:subject>
    <r3d:subject subjectScheme="DFG">408 Electrical Engineering</r3d:subject>
    <r3d:subject subjectScheme="DFG">44 Computer Science, Electrical and System Engineering</r3d:subject>
    <r3d:subject subjectScheme="DFG">4 Engineering Sciences</r3d:subject>
    <r3d:missionStatementURL>http://www.forschungsdatenzentrum.de/wirueberuns.asp</r3d:missionStatementURL>
    <r3d:contentType contentTypeScheme="parse">Standard office documents</r3d:contentType>
    <r3d:contentType contentTypeScheme="parse">Archived data</r3d:contentType>
    <r3d:contentType contentTypeScheme="parse">Structured text</r3d:contentType>
    <r3d:contentType contentTypeScheme="parse">Raw data</r3d:contentType>
    <r3d:contentType contentTypeScheme="parse">Plain text</r3d:contentType>
    <r3d:providerType>dataProvider</r3d:providerType>
    <r3d:providerType>serviceProvider</r3d:providerType>
    <r3d:keyword>empirical science</r3d:keyword>
    <r3d:keyword>employment topics</r3d:keyword>
    <r3d:keyword>social security system</r3d:keyword>
    <r3d:keyword>social accounting</r3d:keyword>
    <r3d:keyword>business statistics</r3d:keyword>
    <r3d:keyword>tax statistics</r3d:keyword>
    <r3d:keyword>environmental statistics</r3d:keyword>
    <r3d:keyword>energy statistics</r3d:keyword>
    <r3d:keyword>agricultural statistics</r3d:keyword>
    <r3d:keyword>pension policy</r3d:keyword>
    <r3d:keyword>census data</r3d:keyword>
    <r3d:keyword>microdata</r3d:keyword>
    <r3d:institution>
        <r3d:institutionName language="eng">Federal Ministry of Education and Research</r3d:institutionName>
        <r3d:institutionAdditionalName language="deu">Bundesministerium für Bildung und Forschung</r3d:institutionAdditionalName>
        <r3d:institutionAdditionalName language="deu">BMBF</r3d:institutionAdditionalName>
        <r3d:institutionCountry>DEU</r3d:institutionCountry>
        <r3d:responsibilityType>funding</r3d:responsibilityType>
        <r3d:institutionType>non-profit</r3d:institutionType>
        <r3d:institutionURL>https://www.bmbf.de/en/index.html</r3d:institutionURL>
        <r3d:responsibilityStartDate></r3d:responsibilityStartDate>
        <r3d:responsibilityEndDate></r3d:responsibilityEndDate>
    </r3d:institution>
    <r3d:institution>
        <r3d:institutionName language="eng">Research data centre of the Federal Statistical Office</r3d:institutionName>
        <r3d:institutionAdditionalName language="deu">FDZ - Bund</r3d:institutionAdditionalName>
        <r3d:institutionAdditionalName language="deu">Statistisches Bundesamt, Forschungsdatenzentrum</r3d:institutionAdditionalName>
        <r3d:institutionAdditionalName language="eng">FDZ destatis</r3d:institutionAdditionalName>
        <r3d:institutionCountry>DEU</r3d:institutionCountry>
        <r3d:responsibilityType>general</r3d:responsibilityType>
        <r3d:institutionType>non-profit</r3d:institutionType>
        <r3d:institutionURL>https://www.destatis.de/DE/Startseite.html</r3d:institutionURL>
        <r3d:responsibilityStartDate></r3d:responsibilityStartDate>
        <r3d:responsibilityEndDate></r3d:responsibilityEndDate>
        <r3d:institutionContact>forschungsdatenzentrum@destatis.de</r3d:institutionContact>
    </r3d:institution>
    <r3d:institution>
        <r3d:institutionName language="eng">Research Data Centres of the Statistical Offices of the Federal States</r3d:institutionName>
        <r3d:institutionAdditionalName language="deu">FDZ - Länder</r3d:institutionAdditionalName>
        <r3d:institutionAdditionalName language="deu">Forschungsdatenzentren der Statistischen Ämter der Länder</r3d:institutionAdditionalName>
        <r3d:institutionCountry>DEU</r3d:institutionCountry>
        <r3d:responsibilityType>general</r3d:responsibilityType>
        <r3d:institutionType>non-profit</r3d:institutionType>
        <r3d:institutionURL>http://www.forschungsdatenzentrum.de/en/contact_states.asp</r3d:institutionURL>
        <r3d:responsibilityStartDate></r3d:responsibilityStartDate>
        <r3d:responsibilityEndDate></r3d:responsibilityEndDate>
        <r3d:institutionContact>zentrale-online-redaktion@forschungsdatenzentrum.de</r3d:institutionContact>
        <r3d:institutionContact>forschungsdatenzentrum@it.nrw.de</r3d:institutionContact>
    </r3d:institution>
    <r3d:policy>
        <r3d:policyName>Data Access</r3d:policyName>
        <r3d:policyURL>http://www.forschungsdatenzentrum.de/wirueberuns.asp</r3d:policyURL>
    </r3d:policy>
    <r3d:policy>
        <r3d:policyName>Kriterien des RatSWD</r3d:policyName>
        <r3d:policyURL>https://www.ratswd.de/download/publikationen_rat/RatSWD_FDZKriterien.PDF</r3d:policyURL>
    </r3d:policy>
    <r3d:databaseAccess>
        <r3d:databaseAccessType>open</r3d:databaseAccessType>
    </r3d:databaseAccess>
    <r3d:dataAccess>
    <r3d:dataAccessType>restricted</r3d:dataAccessType>
    <r3d:dataAccessRestriction>registration</r3d:dataAccessRestriction>
    <r3d:dataAccessRestriction>other</r3d:dataAccessRestriction>
    <r3d:dataAccessRestriction>feeRequired</r3d:dataAccessRestriction>
    </r3d:dataAccess>
    <r3d:dataAccess>
    <r3d:dataAccessType>open</r3d:dataAccessType>
    </r3d:dataAccess>
    <r3d:dataAccess>
    <r3d:dataAccessType>closed</r3d:dataAccessType>
    </r3d:dataAccess>
    <r3d:dataLicense>
        <r3d:dataLicenseName>Copyrights</r3d:dataLicenseName>
        <r3d:dataLicenseURL>http://www.forschungsdatenzentrum.de/impressum.asp#p_copyright</r3d:dataLicenseURL>
    </r3d:dataLicense>
    <r3d:dataUpload>
        <r3d:dataUploadType>closed</r3d:dataUploadType>
    </r3d:dataUpload>
    <r3d:software>
        <r3d:softwareName>unknown</r3d:softwareName>
    </r3d:software>
    <r3d:versioning></r3d:versioning>
    <r3d:pidSystem>none</r3d:pidSystem>
    <r3d:citationGuidelineURL></r3d:citationGuidelineURL>
    <r3d:enhancedPublication>unknown</r3d:enhancedPublication>
    <r3d:qualityManagement>yes</r3d:qualityManagement>
    <r3d:certificate>RatSWD</r3d:certificate>
    <r3d:remarks>Research Data Centres of the Federal Statistical Office and the statistical offices of the Federal States is a member of the RatSWD research data infrastructure; some pages inform only: The English-language information supplied on the internet is specifically aimed at foreign scientists. A complete documentation of the data and services offered is provided on the German website.</r3d:remarks>
    <r3d:entryDate>2013-07-04</r3d:entryDate>
    <r3d:lastUpdate>2018-01-16</r3d:lastUpdate>
  </r3d:repository>
</r3d:re3data>